:100000000C94710D0C94A20D0C94A20D0C94A20DE5
:100010000C94A20D0C94A20D0C94A20D0C94A20DA4
:100020000C94A20D0C94A20D0C94532D0C94A20DC3
:100030000C94A20D0C94A20D0C94A20D0C94A20D84
:100040000C94A20D0C94DF4C0C94A20D0C94A20DF8
:100050000C94A20D0C94A20D0C94A20D0C9416C736
:100060000C94A20D0C94A20D0C94A20D0C94A20D54
:100070000C94A20D0C94A20D0C94A20D0C94A20D44
:100080000C94A74D0C94DD4A0C94A20D0C943E4A9E
:100090000C94A20D0C94A20D0C94A20D0C94A20D24
:1000A0000C94A20D0C94A20D0C94A20D0C94A20D14
:1000B0000C94A20D0C94A20D0C94A20D0C9480A98A
:1000C0000C94A20D0C94A20D0C94A20D0C94A20DF4
:1000D0000C94A20D0C94A20D0C94A20D0C94A20DE4
:1000E0000C94A20D0C9477BE0C940D9A0C94269A45
:1000F0000C94A24B0C941EA40C9487E20C948DDCFF
:100100000C942C280C9453450C947BBE0C94C01872
:100110000C9460E30C94FB9A0C94EF450C946847A4
:100120000C944ABE0C9489BE0C944ADC0C949C99A5
:100130000C948DBE0C945CA40C946A210C94E8DEA3
:100140000C9435280C94E1460C94474C0C9440DCFC
:100150000C94A8180C9470210C940A9B0C94229B6C
:100160000C9464DF0C947FBE0C9476210C94E8A36D
:100170000C9411DC0C9415DA0C9456BE0C941C46AD
:100180000C9478410C9411E00C9426280C94C6DE53
:100190000C94CD460C94BB110C94CF9A0C9452BE87
:1001A0000C946DBE0C9436DC0C9485E30C94EADE62
:1001B0000C9423470C942CDC0C94FC4B0C9463BEE5
:1001C0000C947A450C945D410C943DDC0C947321A5
:1001D0000C9451410C94B2A30C943EDF0C94B040AB
:1001E0000C9458E30C941CDA0C94BABE0C94F0DE18
:1001F0000C948BDC0C9466DC0C94FE9A0C94089A9C
:100200000C943B280C94E99A0C94A7460C94039AFE
:100210000C9438280C94F6100C94AFA40C94E84677
:100220000C9445410C94B5100C941C9A0C946D21BF
:100230000C9469410C94D8100C9429DC0C94F14B6B
:100240000C944DDC0C94F9200C94E5DC0C9423DC2C
:100250000C9497450C9484BE0C949C460C947F217E
:100260000C94241F0C94169B0C94834C0C94F099C2
:100270000C9463E10C94E9100C944EBE0C944E194E
:100280000C94DE4B0C94DA450C9471E20C9459BE3C
:100290000C9429280C945FBE0C9475410C9444BEB8
:1002A0000C94D34B0C947CDF0C942BDF0C949111A9
:1002B0000C9480E20C944D110C94BDE20C9418DC6B
:1002C0000C9433DC0C9469DC0C94179A0C9471BE7A
:1002D0000C94D9110C945BE10C9469BE0C9416D764
:1002E0000C9426DC0C94E8E10C9432280C94202821
:1002F0000C9447DC0C94EC9A0C947B460C949FA4D1
:100300000C94AD4B0C9498A30C944CE10C940B11F1
:100310000C94C3DE0C942F280C94B8130C94019BFE
:100320000C9485BE0C94129A0C94EEDE0C94271F4C
:100330000C94219A0C9442130C9449E30C940AC532
:1003400054494D45522041524700424144205449AE
:100350004D455200554E44455252554E004241447F
:1003600020574156004241442052415445003842F2
:100370004954204F4E4C59004D4F4E4F204F4E4C3C
:10038000590050434D204F4E4C59004E4F20444190
:100390005441004E4F20464D5400424144205249A2
:1003A0004646004E4F542057415645004E4F54206C
:1003B0005249464600494F204552524F52004F5035
:1003C000454E204552524F5200424144204152472F
:1003D000004F4B0053442043415244204552524F5A
:1003E0005200494E534552542043415244004E4F0F
:1003F0005420494E4954004F4B005344204341522E
:1004000044204552524F52004F4B004E414D452023
:10041000544F4F204C4F4E470046494C45204F50BB
:10042000454E204641494C004F4B0042414420502C
:100430004154480046494C452043524541544520CB
:100440004641494C004F4B004241442050415448E2
:10045000004F4B004E4F5420444952004449522013
:100460004641494C004D4B444952204641494C00BD
:10047000424144204449524543544F5259004F4B46
:1004800000524543204E414D45532046554C4C00AB
:10049000444952204641494C0046494C452052456A
:1004A0004144204641494C004241442041524700CA
:1004B00046494C45205752495445204641494C0035
:1004C0004241442041524700505245414C4C4F4319
:1004D000204641494C004F4B0046494C4520545260
:1004E000554E43204641494C004F4B0046494C4530
:1004F0002053594E43204641494C0046494C452023
:100500005345454B204641494C0046494C452052F5
:10051000454D4F564520455252004F4B00424144F5
:1005200020504154480052454E414D4520464149D6
:100530004C004F4B0046494C4520455849535453B5
:10054000004241442052454E414D45002E544150F9
:10055000002E574156002E4C3136002E4C4550008F
:100560002E4D3132002E4D5A54002E4D5A46000069
:10057000202020202020202020202020002020209B
:10058000202020202020202020202020202020206B
:100590002122232425262728292A2B2C2D2E2F30D3
:1005A0003132333435363738393A3B3C3D3E3F40C3
:1005B0004142434445464748494A4B4C4D4E4F50B3
:1005C0005152535455565758595A5B5C5D5E5F20E3
:1005D000202020202020202020202020202020201B
:1005E000202020202020202020202020202020200B
:1005F00020202020202020202020202020202020FB
:1006000020652020207467682062786472706371AE
:10061000617A77737569204F6B66762075426A6ED2
:1006200020556D2020206F6C416F612079202020A3
:1006300020202020202020202020202020202020BA
:1006400020202020202020202020202020202020AA
:10065000202020202020202020202020202020209A
:100660002020202020202020202020202020203179
:100670003A3200313A3300313A3400544300313ACF
:100680003200313A3300313A3400494300313A33D1
:1006900000313A31004D5A37303000313A340031B0
:1006A0003A3300313A3200313A31004E4F524D4127
:1006B0004C00554C5F4D5A37303000554C5F4D5A09
:1006C00038303000554C00574149542E2E2E0052E0
:1006D000454C4541534520414C4C004144433A254B
:1006E0003475005741495420494E505554005052DA
:1006F00045535320252D3130730045444745205242
:100700004541440045444745204649464F00554C25
:100710002057414954003E08D3CEE5210000D3E4E0
:100720007ED3E077237CFE1020F43A4BD4324B0A80
:100730003A4CD4321205214DD4110211010D00EDB5
:10074000B0E17CFED428122A0411D921001222041F
:1007500011CD2A00D3E4C39AE9CD2A00D3E4C324FF
:100760000100000000000000000000000000000088
:100770003E08D3CECD3E07360197575FCD0803CD57
:10078000BE02D3E21AD3E01213CB6228F53EC33285
:100790001F06215C112220062A08117D3212057CD9
:1007A000324B0A2A0A11220211CDF80401CF06EDBC
:1007B00071D3E2DAAAE9210A11C308EDC53A101192
:1007C000EE0C32101101CF06ED79C1C9313938373D
:1007D0001102E0F31AE62028FB137B121B01000430
:1007E0001ACB6728FBE620B1074F7B13121B1ACBED
:1007F0006720FBE620B1074F137B121B10E2712329
:10080000D90B79B0D920D64F04D9C31102E0F31A1D
:10081000E62028FB137B121BC50100041ACB6728B6
:10082000FBE620B1074F7B13121B1ACB6720FBE6B8
:1008300020B1074F137B121B10E271C10B2379B05B
:1008400020D60601D9C31102E0DD2103E0AF3D202F
:10085000FDF31AE62028FBDD360003C50100041A6B
:10086000CB6728FBE620B1074FDD3600021ACB67C5
:1008700020FBE620B1074FDD36000310E271C10B0B
:100880002379B020D600E1E93E08D3CE1102E0DDA5
:100890002103E0AF3D20FDF31AE62028FBDD360002
:1008A00003C50100041ACB6728FBE620B1074FDD22
:1008B0003600021ACB6720FBE620B1074FDD360079
:1008C0000310E271C10B2379B020D6010001D9E1F8
:1008D000E93E08D3CECD3E07360197575FCD0803DA
:1008E000CDBE02D3E21AD3E01213CB6228F53E0844
:1008F000D3E01102E0F37B13121B1AE62028FB134E
:100900007B121B0100041ACB6728FBE620B1074FBE
:100910007B13121B1ACB6720FBE620B1074F137B1A
:10092000121B10E27123D90B79B0D920D64F04D90C
:10093000C3554C205345454B00554C205345454B22
:1009400000554C20415247004D5A462053484F52C3
:1009500054004D5A462052454144004D5A462046C7
:1009600049464F004D5A46204C454E475448004D8D
:100970005A542053484F5254004D5A542052454126
:1009800044004D5A5420484541444552004D5A4672
:100990002053484F5254004D5A462052454144007E
:1009A0004D5A46204C454E475448004D5A5420530A
:1009B000484F5254004D5A542052454144004D5A1C
:1009C0005420484541444552000000000007FA0009
:1009D000FA00F401F401C8180000C8180000282823
:1009E00014140200000000010000000788008800C5
:1009F00015011501E72B0000E72B0000282814142F
:100A00000200000000020000000771007100CC002D
:100A1000CC001A3B00001A3B0000282814140200E6
:100A20000000000300010007F0000801D001EE0102
:100A3000F0550000F82A00002828141402000000D5
:100A400000040004000950005000A000A000C818D5
:100A500000007C1500002828141402000000000586
:100A60000002000F70005000B000A000C818000085
:100A70007C15000028281414020000000006000263
:100A8000000F70006000E000C000C81800007C1576
:100A90000000282814140200000000070002000FC4
:100AA000900070000001E000C81800007C150000F4
:100AB000282814140200000000080003000F700032
:100AC0007000CC00CC00C81800001A3B0000282899
:100AD00014140200000000090003000F90009000B1
:100AE00020012001C8180000E72B0000282814145A
:100AF00002000000000A0000000770005000B00073
:100B0000A000F82A00007C15000028281414020018
:100B100000000054555242205345454B004D5A5455
:100B2000205345454B004D5A542052454F50454E99
:100B3000005245434F5244005B96A59D9AB75D0015
:100B40004C445220424C4F434B004D5A5420534585
:100B5000454B004D5A462054494D45004D5A5420AE
:100B600054494D45004C44522048454144455200AB
:100B70004D5A54205345454B004D5A46205354413D
:100B800054450050574D2050495045004D5A46207D
:100B90005354415445004D5A3720524546494C4C18
:100BA000004D5A4620554E44455200424144205380
:100BB000455353494F4E00454447452046495253FB
:100BC0005400494E5345525420434152440054412D
:100BD00050204649464F00554E44455252554E000E
:100BE000544150204649464F004D5A4620535441E7
:100BF000525400554C205354415254004D5A372002
:100C00005345454B004D5A54205345454B00554CD8
:100C1000372041434B00554C372041524D00554C35
:100C20002053484F525400554C20524541440055E2
:100C30004C205741495400554C2053484F525400C2
:100C4000554C205245414400554C20415247004DDF
:100C50005A3720524546494C4C004D5A4620535471
:100C6000415254004D5A4620535441525400504C66
:100C70004159204552524F520054034A03400354F5
:100C8000494D455200000000001000800000AA00FD
:100C9000389B71D103C903BE03B503AC03A3039A08
:100CA0000393038B03820378036E0365035D03578D
:100CB0004156204552524F52004E4F205741562028
:100CC000494E464F00454D50545920574156004516
:100CD0004D50545920454447450045444745204F11
:100CE00050454E004544474520415247005350452A
:100CF00045440054595045004D5A54205345454BE6
:100D0000004D5A54205245434F5244004D5A5420EE
:100D1000464F524D4154004D5A54205345454B00C7
:100D20004D5A5420434F554E54004D5A5420484577
:100D300041444552004D5A54205345454B004D5AAD
:100D400046205345454B004D5A46205345454B00E0
:100D50004D5A462053484F5254004D5A46204F504A
:100D6000454E004D5A4620415247005441502052B2
:100D70004541440054415020464C414700544150A5
:100D8000205452554E4300544150204C454E475438
:100D90004800544150205245414400544150204C99
:100DA000454E47544800454D505459205441500039
:100DB000544150204F50454E00544150204152471D
:100DC0000042414420464F524D4154005459504531
:100DD0003D54430A53504545443D313A340A00548A
:100DE0005950453D4E4F524D414C0A535045454494
:100DF0003D313A340A00545950453D4D5A37303050
:100E00000A53504545443D313A310A005459504542
:100E10003D4E4F524D414C0A53504545443D313AA9
:100E2000330A00545950453D4E4F524D414C0A53E0
:100E3000504545443D313A320A00545950453D54DD
:100E4000430A53504545443D313A320A0054595003
:100E5000453D54430A53504545443D313A330A0019
:100E6000545950453D49430A53504545443D313A54
:100E7000320A00545950453D49430A5350454544B0
:100E80003D313A330A00545950453D49430A5350C5
:100E90004545443D313A340A00545950453D4D5A78
:100EA0003730300A53504545443D313A330A0054F7
:100EB0005950453D554C5F4D5A3730300A00545912
:100EC00050453D554C5F4D5A3830300A005459500A
:100ED000453D554C0A00545950453D4E4F524D41E9
:100EE0004C0A53504545443D313A310A004552526F
:100EF0000050415500504C5900524459005443345D
:100F0000004E3134004D3731004E3133004E313216
:100F100000544332005443330049433200494333C1
:100F200000494334004D373300554C3700554C3899
:100F300000554C00544320313A34004E524C20317D
:100F40003A34004D5A3720313A31004E524C20315C
:100F50003A33004E524C20313A3200544320313A59
:100F60003200544320313A3300494320313A3200B1
:100F7000494320313A3300494320313A34004D5A35
:100F80003720313A33004E524C20313A3100435031
:100F90004D20313A340043504D20313A3300435014
:100FA0004D20313A320043504D20313A31005349FF
:100FB0004E20313A340053494E20313A33005349E0
:100FC0004E20313A320053494E20313A31005441DB
:100FD00050205452554E43005441502052454144F4
:100FE00000544150204649464F005441502052453C
:100FF000414400544150205452554E4300544150F6
:10100000204649464F0054415020464C4147005429
:101010004150205452554E4300544150204C454EAF
:1010200047544800544150204C454E4754480054C2
:101030004150205245414400544150204649464FBA
:10104000005041544820544F4F204C4F4E470025EC
:10105000732F524543253034752E4C45500025736F
:101060002F524543253034752E4C313600454447C8
:101070004520575249544500535441474520455255
:10108000524F520042414420544F4B454E00504174
:101090005443482057524954450050415443482036
:1010A0004C4F53540042414420544F4B454E004254
:1010B000414420544F4B454E0042414420544F4B35
:1010C000454E005041544820544F4F204C4F4E47FE
:1010D0000025732F524543253034752E4D5A460056
:1010E0004D5A46205752495445004D5A46204348D0
:1010F00045434B53554D004D5A4620434845434BBD
:1011000053554D00544320434845434B53554D00E0
:101110005443204C4F4144455200524543204552D0
:10112000524F52004D5A462053544152540050528F
:1011300045414C4C4F43204641494C004D5A4620B6
:1011400043524541544500534420434152442045B5
:1011500052524F5200454447452053544152540087
:10116000505245414C4C4F43204641494C00454468
:101170004745204352454154450053442043415282
:1011800044204552524F52005245432054494D4548
:10119000522045525200505245414C4C4F4320463C
:1011A00041494C0057415620435245415445204542
:1011B000525200424144205245432052415445007E
:1011C00053442043415244204552524F520052450D
:1011D0004320464F524D4154005245432050415503
:1011E00053450052454320524553554D4500257304
:1011F0002F25735F253032752E4C45500025732FF7
:1012000025735F253032752E4D5A460025732F25E4
:10121000735F253032752E4C31360025732F2573C0
:101220005F253032752E5741560025732F25732EBA
:101230004C45500025732F25732E4D5A46002573BB
:101240002F25732E4C31360025732F25732E5741D1
:10125000560057415620434C4F53452045525200AB
:101260005741562050414420455252005441494C68
:101270002057524954452045525200524543204F71
:10128000564552464C4F57004544474520434C4F26
:1012900053450045444745204F564552464C4F570D
:1012A00000D60E0000CD0EBE0EAF0E990E860E7348
:1012B0000E600E4D0E3A0E230E0C0EF60DDF0DCC09
:1012C0000D4D5A4620434C4F5345004D5A4620572A
:1012D00052495445004D5A4620494E434F4D504CBB
:1012E000455445004D5A46204445434F4445004D22
:1012F0005A46205345454B004D5A46204F564552BD
:10130000464C4F570045444745204F564552464CA2
:101310004F57005041544820544F4F204C4F4E4798
:101320000025732F524543253034752E5741560002
:101330005741562048454144455220455252005796
:10134000415620544F4F204249470057415620579D
:10135000524954452045525200414E414C5953493F
:101360005320515545554500444952204641494C6A
:10137000004E4F20454E545259004F4B00534420CD
:1013800043415244204552524F5200494E53455218
:10139000542043415244004F4B00454D5054590096
:1013A0004F4B004E4F20454E545259005344204954
:1013B0004E4954004F4B004E4F20454E5452590059
:1013C00042414420415247004E4F20454E5452590D
:1013D000004E4F20454E545259002E2E2F00F90E2C
:1013E000F50EF10EED0E504C41004E313100484CDF
:1013F0004800554C004633480046334C00544300E7
:1014000049430049434C005537480055374C004884
:101410004C4C004E4C48004E4C4C0025732025305F
:1014200032753A253032752F253032753A253032F3
:1014300075002573202020202020202025303375A2
:1014400025252000257320252D33732020202025DD
:1014500030337525252000504155534544004D41FA
:101460004E20252D347320253032753A25303275C3
:101470000053454C20252D347320253032753A25F4
:10148000303275004D544920252D347320253032DB
:10149000753A25303275004D414E20252D3473208C
:1014A0002D2D3A2D2D0053454C20252D3473202D04
:1014B0002D3A2D2D004D544920252D3473202D2DEE
:1014C0003A2D2D00554E535550504F52544544001F
:1014D00045525220252E31327300554E4B4E4F57F8
:1014E0004E00860F00000000000000007E0F770F06
:1014F000700F690F620F5B0F530F4B0F430F3B0FC2
:10150000340F0000C60FBE0FB60FAE0FA60F9E0F12
:10151000960F8E0F32326B0034346B00524543000D
:101520005356442000524543204552524F520052D8
:1015300045432043414E43454C4C45440046494CAD
:10154000452044454C4554454400504C4541534585
:101550002057414954005741495400534156494E80
:10156000472000504155202530326C753A253032E5
:101570006C7500524543202530326C753A25303267
:101580006C750050415553454420202020202020D8
:1015900020204D0057414954205349474E414C00AB
:1015A0002054430020494300204D5A37303000205A
:1015B000554C204D5A3730300020554C204D5A386C
:1015C00030300020554C00204155544F00204E4FE4
:1015D000524D414C0020313A340020313A33002042
:1015E000313A320020313A31002032353030204259
:1015F00064002032313030204264002031383030F5
:10160000204264002031343030204264004D5A467C
:10161000004C45502035307573004C313620313642
:101620007573005741562032326B487A0057415645
:101630002034346B487A004D414E55414C004155A1
:10164000544F004D4F544F520052454C4541534565
:1016500020414C4C0043414C204E4F4E45005341DD
:101660005645440043414C4942524154494F4E0073
:101670004E4F5420534156454400454550524F4D1E
:10168000204552524F52005553494E47204445463B
:1016900041554C540043414C20494E56414C49441D
:1016A00000504C4159005245434F52440053544F4F
:1016B0005000524557494E44004646574400434166
:1016C0004C4942524154494F4E004B4559504144B8
:1016D000002F5245434F5244494E475300494E5301
:1016E000455254204341524400494E5345525420E0
:1016F00043415244005041544820544F4F204C4FD6
:101700004E470046494C452053454C4543544544BB
:10171000004E414D4520544F4F204C4F4E47004501
:101720004D505459204449520052454320464F528F
:101730004D415400454D505459005245434F524479
:101740003D52455452590053442043415244204590
:1017500052524F5200494E53455254204341524435
:10176000005245434F52443D524554525920202087
:101770002000202020202020202020202020202089
:10178000202000CD15C715C315B915AF15A815A490
:1017900015A015202D2D00E415DF15DA15D515043B
:1017A00016FB15F215E9153E54415020535045459E
:1017B00044003E5350454544003E4C4F4144455241
:1017C00000204D4F544F5200204D414E55414C008A
:1017D0003E504C4159204354524C00204F46460045
:1017E000204F4E003E57415620494E564552540018
:1017F0003F002D1623161A1611160D1643163E1607
:1018000037163E524543204D4F4445004F46460053
:101810004F4E003E4155544F4E414D45003E5245BE
:101820004320545950450020253375252500253384
:1018300075252520454550524F4D20455252003EBA
:101840004241434B4C494748540052414D20257575
:10185000204D494E25750041424F55542076302E7B
:101860003972630020494E5445524E414C00204588
:10187000585445524E414C003E434D5420534F5511
:101880005243450000002100240027002A002D00BB
:101890003000330001010000040107010A010000CB
:1018A0002200250028002B002E0031003400020108
:1018B0000000050108010B014D5A46204552524FC8
:1018C0005200F0F0F0F3F0F5F0F0F0F0F0F0F0F09E
:1018D000F0F0F0C1C2C3C4C5C6F0F0F0F0F0F0F013
:1018E000F0F0006162636465666768696B6A2F2A5D
:1018F0002E2D202122232425262728294F2C512B29
:101900005749550102030405060708090A0B0C0D87
:101910000E0F101112131415161718191A525954C4
:101920005045C7C8C9CACBCCCDCECFDFE7E8E9EA7E
:10193000ECEDD0D1D2D3D4D5D6D7D8D9DADBDCDD13
:10194000DEC080BD9DB1B5B9B49EB2B6BABE9FB37C
:10195000B7BBBFA385A4A5A69487889C82988492D0
:10196000908391819A97939589A1AF8B8696A2AB2C
:10197000AA8A8EB0AD8DA7A8A98F8CAEAC9BA0997A
:10198000BCB8403B3A703C715A3D43563F1E4A1C1E
:101990005D3E5C1F5F5E377B7F367A7E334B4C1D2E
:1019A0006C5B7841353474303875394D6F6E3277F1
:1019B000767273477C53314E6D48467D441B58798F
:1019C000426053504545443D00545950453D0052F6
:1019D00045434F52443D004E4F20454E545259000E
:1019E0004F4B00444952204641494C004E4F542031
:1019F00044495200000020002300260029002C004A
:101A00002F00320000010000030106010901050555
:101A10000505070508080808020202020A0A080864
:101A20000404040401010101010101010303030392
:101A300003030303040707070C0C0C0C0C0C0C0C21
:101A40000202020206060606060606060B0B0B0B32
:101A50000B0B0B0B01021020200808102040102057
:101A60004080020102010804020101020408102062
:101A70004080804020100804020180040201804060
:101A800020100804020108040201010204081020C9
:101A90004080010204081020408000000A0B020967
:101AA0000C0D0E08070304010000000000000000F8
:101AB0000000000000000000000000000000000026
:101AC00000000000000012111000000000000000E3
:101AD0000000000000000000000000000000000006
:101AE00016D711241FBECFEFD1E2DEBFCDBF00E07D
:101AF0000CBF13E0A0E0B2E0E2E9F7ED01E00BBFBC
:101B000002C007900D92A434B107D9F727E1A4E4ED
:101B1000B3E001C01D92A43FB207E1F71DE0C1E7A9
:101B2000DDE000E006C021970109802FFE010E9440
:101B3000EAE9C037D10780E00807A9F70E9466D715
:101B40000C94C7EB0C940000009711F481E090E036
:101B50002091940030919500820F931F90939B00E9
:101B600080939A0008950F931F934091BB03509167
:101B7000BC036091BD037091BE03B0E0A0E08A0198
:101B80009B010095109520953095081719072A0795
:101B90003B0770F48FEF9FEFDC018093BB039093C2
:101BA000BC03A093BD03B093BE031F910F91089592
:101BB000840F951FA61FB71FF0CFCF92DF92EF9231
:101BC000FF920F931F93C090AB03D090AC03E090B3
:101BD000AD03F090AE039701860100951095209516
:101BE0003095061717072807390790F48FEF9FEFF6
:101BF000DC018093AB039093AC03A093AD03B0934F
:101C0000AE031F910F91FF90EF90DF90CF9008955A
:101C1000DC01CB018C0D9D1DAE1DBF1DEACFE82F51
:101C20008BEF8E0F833048F4E550FF0BEE0FFF1F54
:101C3000E758F34F8591949108958FE79CE00895BC
:101C40008091710F9091720F8B30910529F00C9754
:101C500031F487EE9BE208958AE19BE308958CE7D7
:101C600095E108958091000181FD03C081E080939A
:101C70003C0E089590933F0E80933E0E10926103A8
:101C80001092600310925F0310925E03109254034F
:101C9000109255031092560310925703109253035B
:101CA000109252031092510310925A03109259034A
:101CB00010922D0E10922C0E10922B0E10923D0EA3
:101CC00010923C0E10923B0E10923A0E1092390E6A
:101CD0001092380E1092370E1092360E1092350E6A
:101CE0001092330E1092320E1092310E10922E0E70
:101CF000019711F410925D03089520913E0E3091EA
:101D00003F0E23303105C1F52091710F3091720FD4
:101D10002930310599F040F426503109223031053F
:101D200050F420E03AE00CC02B30310511F148F1BD
:101D30002C303105D9F020E03BE002C020E03EE04D
:101D4000FC013183208380913E0E90913F0E0397DA
:101D500061F58091710F9091720F8A30910551F168
:101D600098F40997C9F080E09AE018C020E032E1C9
:101D7000E7CF20EC3CE0E4CF209104023091050253
:101D8000DFCF20E030E1DCCF8B30910559F00C97AC
:101D900051F780E092E102C080E09CE0FB0191837A
:101DA0008083089580EC9CE0F9CF809106029091A9
:101DB0000702F4CF80E09EE0F1CF20913E0E3091FB
:101DC0003F0E2330310581F52091710F3091720F54
:101DD0002A30310519F1F8F4265031092230310545
:101DE00000F120E037E0FC013183208380913E0E3A
:101DF00090913F0E039741F58091710F9091720F72
:101E00008C309105B0F48A30910518F50997B1F03E
:101E100080E095E015C02C30310519F720E039E05D
:101E2000E2CF20E035E0DFCF2091000230910102C7
:101E3000DACF0C9769F780E099E002C080E096E085
:101E4000FB019183808308958091020290910302A7
:101E5000F7CF80E097E0F4CF4FB7F89420915B0381
:101E600030915C0380914D0390914E034FBF821BD4
:101E7000930B0895E0E9F0E080818F7C8083E1E7B7
:101E8000F0E080818B7F808308955B9A0895809134
:101E90006A0F882359F02091710F3091720F2850EA
:101EA000310981E02330310508F080E00895809108
:101EB0006A0F882359F02091710F3091720F2650CC
:101EC000310981E02230310508F080E008958091E9
:101ED0006A0F882359F02091710F3091720F2450AE
:101EE000310981E02230310508F080E008958091C9
:101EF0006A0F882359F02091710F3091720F23508F
:101F0000310981E02330310508F080E0089588230D
:101F100011F0749A089574980895EEE7FFE080E058
:101F20009191992311F09D3059F4E82FF0E0E25897
:101F3000F04F882349F09291903231F48150F9CFDB
:101F40008F5F813169F7F1CF08959C012B503109E2
:101F500081E02330310508F080E0089580916A0F18
:101F6000882389F02091710F3091720FA901485098
:101F700051094330510538F0C9010E94A50F811164
:101F800002C00C94570F089580916A0F882331F096
:101F90008091710F9091720F0C94A50F80E00895BD
:101FA0004F925F926F927F928F929F92AF92BF9269
:101FB000CF92DF92EF92FF92CF93DF93EC012A0151
:101FC0003B018091100290911102C130D10549F07E
:101FD00080910E0290910F02C330D10511F40E943E
:101FE000200E6C01F12CE12C64E170E0C130D105D0
:101FF00011F468E270E04B01B12CA12C880C991C03
:10200000AA1CBB1CA9E0B0E0A30192010E9401EA56
:102010006C5E7F4F8F4F9F4FC60ED71EE81EF91E76
:102020000E94C40F882329F0229722E630E02297ED
:1020300010F022E030E0C80CD91CEA1CFB1CC701E0
:10204000B601620F731F811D911DDF91CF91FF902B
:10205000EF90DF90CF90BF90AF909F908F907F9048
:102060006F905F904F9008952F923F924F925F92A2
:102070006F927F928F929F92AF92BF92CF92DF9298
:10208000EF92FF920F931F93CF93DF93CDB7DEB7FD
:1020900065970FB6F894DEBF0FBECDBF9C838B83D0
:1020A0007A8369833A01098B1A8B2B8B3C8BAD8A1F
:1020B000009110021091110258E2A52EB12C019747
:1020C00061F00B811C810330110509F049C00E94A9
:1020D000200E8C0144E1A42EB12C980150E040E088
:1020E0002D833E834F835887C501B0E0A0E0280FC1
:1020F000391F4A1F5B1F29873A874B875C87280F48
:10210000391F4A1F5B1F2D873E874F87588B190148
:102110002A0132E0230E311C411C511CA9E0B0E021
:102120009601A7010E9401EAAB01BC01E981FA8195
:102130003197ED30F10508F03CC18827ED55FF4E91
:102140008F4F0C94EAE9B510D810E910F6100B1176
:102150000B110B114D114D114D119111D911BB11D5
:1021600000910E0210910F02B5CFB80166197709E0
:102170006016710610F070E060E090E080E0659617
:102180000FB6F894DEBF0FBECDBFDF91CF911F9188
:102190000F91FF90EF90DF90CF90BF90AF909F9006
:1021A0008F907F906F905F904F903F902F90089509
:1021B0006A147B0458F4A618B7086D817E818F815C
:1021C00098856A0D7B1D811D911DD9CFB12CA12C45
:1021D000F4CF6A147B0438F4A618B70869857A85A9
:1021E0008B859C85EECFB12CA12CF8CF82E090E0BE
:1021F0008619970942E06416710410F090E080E0BF
:102200000D851E852F853889080F191F211D311D49
:10221000C901B801B4CF4601570129893A894B89D0
:102220005C89281539054A055B0510F449015A01F6
:10223000A9E0B0E0A50194010E9401EA29813A8158
:102240002650310922303105F0F489288A288B285C
:10225000D1F0AB01BC014950510961097109898173
:102260009A810697A9F428E030E00D89201B3109F6
:10227000C901B0E0A0E08A019B01080F191F2A1FC5
:102280003B1FC901B801620D731D841D951D77CFD9
:1022900088E090E0A0E0B0E0EECF72016101C40EF2
:1022A000D51EE61EF71E482D12E0181508F442E070
:1022B00050E09A01A9E0B0E00E94F2E929813A8158
:1022C0002950310922303105C0F48820B1F09A013B
:1022D000215031090E94F2E929813A8129303105E2
:1022E000D1F438E0832E912C0D89801A9108B12CFD
:1022F000A12C680D791D8A1D9B1D63317105810517
:10230000910520F062E170E080E090E06C0D7D1DB1
:102310008E1D9F1D34CF28E0822E912CA12CB12C34
:10232000E8CF6A017B0112E1C10ED11CE11CF11C56
:102330000E94C40F8823C9F08B819C810297029769
:10234000A0F482E690E06816790690F48619970961
:10235000C20CD31CE41CF51CA7019601280F391FE1
:10236000411D511DCA01B9010ACF82E090E0EBCFB7
:1023700090E080E0EDCFA601B7018B819C8165964E
:102380000FB6F894DEBF0FBECDBFDF91CF911F9186
:102390000F91FF90EF90DF90CF90BF90AF909F9004
:1023A0008F907F906F905F904F903F902F900C9404
:1023B000D00F60E070E0CB01E2CE0E94C40F882312
:1023C00059F020913E0E30913F0E2250310981E0AC
:1023D0002230310508F080E0089580916A0F88234B
:1023E000A1F08091710F9091720F9C0128503109DA
:1023F0002330310548F00E94A50F811105C00E94CD
:10240000570F91E08927089580E008958091A10EEB
:102410009091A20E0197039710F40C94ED1180E0B7
:102420000895282F30E09091250E992339F01092CD
:10243000230E1092220E922F882708958C3490F04C
:102440002B54310940E253E0249FC001259F900D99
:10245000349F900D11249093230E8093220E80E6DA
:102460009AEE08951092230E1092220E40E253E04D
:10247000249FC001259F900D349F900D1124089535
:102480004FB7F8942091290E30912A0E8091270E93
:102490009091280E4FBF821B930B0895FC01608121
:1024A0007181828193810895982F9F7D91549A31F3
:1024B000D0F090ED980F9A30B0F08032A1F093ED0B
:1024C000980F923080F08F3571F098ED980F923020
:1024D00050F08B3241F0662321F061E08F3209F039
:1024E00060E0862F089561E0FCCFCF92DF92EF92FB
:1024F000FF920F931F93CF93DF93D42EC22E8C01A4
:102500007C01E60EF11CD0E0E016F10639F1F8018D
:10251000C1918F01CC2311F1CD3001F1D11005C053
:10252000EC2FF0E0E159FA4FC4918C2F8F7D81544C
:102530008A3180F080ED8C0F8A3060F06C2D8C2F0A
:102540000E945412882301F3C032F1F2DF3FE1F21E
:10255000DF5FDACFDE3FC0F6DE5FD6CF8D2FDF91B3
:10256000CF911F910F91FF90EF90DF90CF90089542
:102570000F931F93F801A0918814B0918914AB2B8D
:1025800019F5909389148093881460938A1420938A
:102590008B1430938C1440938D1450938E14828935
:1025A00093899093901480938F1484899589909344
:1025B00092148093911484819581909394148093C4
:1025C00093148689809395141F910F910895CF924B
:1025D000DF92EF92FF92FC01428153814115510538
:1025E00009F447C09B01E3E0220F331FEA95E1F7AE
:1025F000F4E0660F771FFA95E1F764177507C8F1E5
:10260000CA01880F991F840F951F8217930788F1BD
:102610002D3CFCE03F07B0F4443D88E0580790F4BF
:1026200084E1829FB001839F700D11248DE1849F0E
:102630009001859F300D112441E06217730798F4D3
:1026400040E011C0A4E1B0E00E94F2E96B017C011E
:102650009A01ADE1B0E00E94F2E941E0C616D7066A
:10266000E806F90668F3842FFF90EF90DF90CF9093
:1026700008954FEFF8CF9FB7F89480918F039FBFD5
:1026800090E00895AF92BF92CF92DF92EF92FF92C7
:102690000F931F93DC01DC96ED91FC91DD97309751
:1026A00031F1808140E050E0BA0183FF0CC0408DE1
:1026B000518D628D738D80899189A289B389481B60
:1026C000590B6A0B7B0B4115B0E85B07610571057F
:1026D00020F04FEF5FE760E070E0CA011F910F91BB
:1026E000FF90EF90DF90CF90BF90AF900895DE966F
:1026F000ED91FC9180E090E0309781F384A583FF19
:1027000023C02085318542855385648575858685FE
:102710009785A080B180C280D380E480F580068157
:1027200017810E9416EBF22FE32F2F3F3F47410501
:102730005105610571058105910519F010F0FFEF54
:10274000EFE78F2F9E2FCACF20E030E040E050E02F
:1027500060E070E080E090E0E6CF9091480366236F
:1027600021F0892B80934803089580958923FACF1F
:1027700090E080E008955B9A81E0809312020895D2
:10278000CF93DF93CDB7DEB72E970FB6F894DEBFA9
:102790000FBECDBF2FEF260F283628F5883021E158
:1027A000920759F5FE0133968CE0DF011D928A9560
:1027B000E9F783EC898388E08A8381E18B83DE01FA
:1027C0001196AE01415F5F4F2D9190E080E08D301A
:1027D000910569F1FC01EE53F74E3491231327C0A4
:1027E000E4912E1751F180E02E960FB6F894DEBFDB
:1027F0000FBECDBFDF91CF9108958115904C99F711
:1028000081E2898388E08A8381E18B838C831D82C6
:1028100080EC8E8391E09F83688719869DEE9A876E
:1028200090EB9B8793EC9C871D868E87C8CF019683
:10283000811531E0930759F6D6CF4A175B0709F0A7
:10284000C3CF81E0D1CFCF92DF92EF92FF920F936F
:102850001F9380916603882389F10E946AC60091C4
:102860006203109163032091640330916503DC01DE
:10287000CB01801B910BA20BB30B0091670310914E
:1028800068032091690330916A0368017901C0945B
:10289000D094E094F094C816D906EA06FB06A8F096
:1028A000080F191F2A1F3B1F00936703109368032B
:1028B0002093690330936A03109266031F910F916E
:1028C000FF90EF90DF90CF9008950FEF1FEF9801EA
:1028D000EBCF0E9423148091930E9091940EA091BF
:1028E000950EB091960E0097A105B10541F0809329
:1028F000670390936803A0936903B0936A030895F4
:102900008091660381110DC00E946AC660936203C4
:1029100070936303809364039093650381E08093D5
:1029200066030895CF92DF92EF92FF921F93CF93A9
:10293000DF93182FD62FC42F0E94EDC56B017C01A9
:102940008091030181701817B1F10E94EDC56C19D7
:102950007D098E099F09613472448F40910580F38F
:1029600085E58093A90F8CE48093AA0F87E3809379
:10297000AB0F8091710F9091720F0597D1F08CE49D
:102980008093AC0F80E28093AD0FD093AE0FC370F5
:10299000C05DC093AF0F8093B00F88E00E9499C3D1
:1029A00080E0DF91CF911F91FF90EF90DF90CF906B
:1029B000089588E4E5CF81E0F4CFEF92FF920F9382
:1029C0001F93CF93DF93DC01892B49F490E080E0E3
:1029D000DF91CF911F910F91FF90EF90089580911B
:1029E0006A0F882399F34091750F5091760F641701
:1029F000750760F30091710F1091720FC801019774
:102A0000029708F0C4C00230110509F0BBC08091E4
:102A1000730F9091740F480F591F8DEE8C9383E7BD
:102A200011968C93119712964C93129713965C9370
:102A3000139781E314968C931497CA0142961596C6
:102A40008C93159716969C93169787E090E0E8E88C
:102A5000F8E0ED01C80FD91F2CE838E064916993C4
:102A600031962E173F07D1F79C012C5F3F4F6091A5
:102A7000710F7091720F6230710581F4EEEEF8E023
:102A8000ED01C20FD31F22EF38E0649169933196B4
:102A90002E173F07D1F79C01285F3F4FED01C20F72
:102AA000D31F81E088839091770F8091780FF9018F
:102AB0003196EA0FFB1F9083818381E28B83909193
:102AC000790F80917A0FF9013496EA0FFB1F9083FA
:102AD000818381E18E8390917B0F80917C0FF9013E
:102AE0003796EA0FFB1F9083818385ED898786E403
:102AF000E82E88E0F82EC9010A968A0F9B1F65E828
:102B000078E0F7011491FC011193CF01FFEFEF1A68
:102B1000FF0A6E157F05A9F789EDFE01E75BFF4F00
:102B2000808391E031969083319610823196908324
:102B30003196808331961082B901605B7F4F81EEC0
:102B4000319680838091710F9091720F029799F462
:102B50006A0F7B1F8DEEFB018083CF5ADF4F8BE71F
:102B60008883F901EE5AFF4FEA0FFB1F4083518320
:102B7000B9016C5A7F4FCB010196A60FB71F29EE02
:102B80002C9326CF50E040E090E080E060CF03300F
:102B9000110509F0D6C080916E0F811140C0E1EDA2
:102BA000F8E0CD014D96ED012491299331968C17D3
:102BB0009D07D1F781E05D968C935D979091770F9B
:102BC0008091780F5E969C935E975F968C935F974B
:102BD00081E290968C9390979091790F80917A0FE3
:102BE00091969C93919792968C939297EBE0F8E054
:102BF000ED01A396CD01825A9F4F249129933196DE
:102C00008C179D07D1F730917B0F20917C0FFC0131
:102C10003083A15ABF4F2C9380E690E0D9CE91E249
:102C20009C938DE111968C93119781E112968C9370
:102C3000129713968C93139714961C92149780EC0A
:102C400015968C93159785ED16968C93169721E023
:102C500017962C93179783E518968C9318971996C7
:102C60001C9219978DEE1A968C931A9780EB1B96EF
:102C70008C931B9789EC1C968C931C975EE31D9696
:102C80005C931D9748E01E964C931E9733ED1F965C
:102C90003C931F978EEC50968C9350978DEC5196E9
:102CA0008C93519752965C93529757E053965C934E
:102CB000539754968C93549755964C93559743E05D
:102CC00056964C93569757968C9357978EEB5896EB
:102CD0008C93589782E059968C9359975A963C93C7
:102CE0005A9780EE5B968C935B975C962C935C97DF
:102CF0002091770F8091780F5D962C935D975E966B
:102D00008C935E9789ED5F968C935F9790969C93DA
:102D100090979091790F80917A0F91969C939197CB
:102D200092968C939297E0EDF7E0ED01A396CD019A
:102D3000825A9F4F2491299331968C179D07D1F782
:102D400062CFC8010897039760F4E0E7F7E0CD0190
:102D5000805A9F4F24912D9331968A179B07D1F764
:102D60005BCFED01C8010E94A50F882309F447C07D
:102D7000E6E1F7E0DE01CE01865A9F4F24912D93C4
:102D800031968A179B07D1F78091710F9091720F3E
:102D90008C30910581F10D9781F586E1FE01E55BAF
:102DA000FF4F8083319680917D0F80839091770FC4
:102DB0008091780F31969083319680839091790F2E
:102DC00080917A0F319690833196808390917B0F1A
:102DD00080917C0F3196908331968083DE01AD5ACD
:102DE000BF4F97E0E5E9FFE001900D929A95E1F77A
:102DF0008AE590E0EDCD89E2D1CF8BE1CFCF0450D1
:102E000011090230110508F091C00E948D0F209128
:102E1000730F3091740F4091790F50917A0F61E5E3
:102E20004115504108F463E5620F732F711D9EE355
:102E3000988396E199839DEC9A8392E19B831C820F
:102E400091E19D836E837F839FED98872091790F19
:102E500030917A0F09E010E02115304130F493ED04
:102E6000998790EE9A870BE010E0DE01A00FB11F6A
:102E700091E09C934091770F9091780FF8013196F3
:102E8000EC0FFD1F4083918399ED13969C9313974C
:102E900091E214969C9314974091790F90917A0F38
:102EA000F8013596EC0FFD1F4083918322EF38E047
:102EB000A801495F5F4F4C0F5D1F60E379E0F901A6
:102EC0009491FA019193AF012F5F3F4F62177307FF
:102ED000B1F7AB5BBF4F93EC9C9340917B0F90910C
:102EE0007C0FF801EA5BFF4FEC0FFD1F40839183DD
:102EF000085B1F4FE82EF12CA7016EE77FE0CE01A3
:102F0000800F911F0E9449EB98012E0D3F1DC20FAB
:102F1000D31F8DE088838091750F9091760F2F5F7E
:102F20003F4F2817390709F051CD52CD81E08883F2
:102F30009091770F8091780F99838A8381E28B83B8
:102F40009091790F80917A0F9C838D8381E18E839C
:102F500090917B0F80917C0F9F83888785ED898777
:102F60008091710F9091720FDE011A96ECE8F8E0F3
:102F70000297D1F484918D93319688E0E03DF80773
:102F8000C9F7FE01E25BFF4F8DEE808331968BE740
:102F900080833196108231961082CE5ADF4F89EEAF
:102FA000888383E590E014CD84918D93319698E0E9
:102FB000E13DF907C9F78FE490E00ACD4F925F92A7
:102FC0006F927F928F929F92AF92BF92CF92DF9239
:102FD000EF92FF920F931F93CF93DF935C014B010E
:102FE0006A012901CB010E948DE6EC013C018FEFC3
:102FF000681A780AF5018081882309F450C0850198
:10300000F80181918D3009F446C08A3009F443C03B
:10301000882309F444C078015701F701819188237E
:1030200021F08D3011F08A30C1F5E01AF10A6E14EA
:103030007F0400F7AE01B401C8010E946EE6892B3F
:10304000C9F6F801EC0FFD1F80818D3399F6C0950C
:10305000D095EC0EFD1EE414F50408F5B801660DDC
:10306000771DA701C6010E9449EBEC0CFD1CF7017E
:10307000108281E0DF91CF911F910F91FF90EF902F
:10308000DF90CF90BF90AF909F908F907F906F9088
:103090005F904F9008958F01B3CF7F01BDCF80E047
:1030A000E9CFAF92BF92CF92DF92EF92FF920F9350
:1030B0001F93CF93DF930097B9F17B018C01EC0153
:1030C00009900020E9F72197C81BD90BCB010E947A
:1030D0008DE66C01C817D90738F1C81BD90BC00F92
:1030E000D11F10E000E0C016D10691F0F701E00F0B
:1030F000F11FB490899190E00E9434EBA82E8B2DA3
:1031000090E00E9434EBA8120FC00F5F1F4FEBCF6F
:1031100081E0DF91CF911F910F91FF90EF90DF90B1
:10312000CF90BF90AF90089580E0F3CFFC0180A9CD
:1031300091A9009721F030E020E00C94777E82A9DD
:1031400093A9009711F00C9439888FEF9FEF0895A1
:10315000CF93DF931F92CDB7DEB741E050E0BE01C1
:103160006F5F7F4F0C960E949618019731F489810A
:1031700090E00F90DF91CF9108958FEF9FEFF9CFFF
:103180004F925F926F927F928F929F92AF92BF9277
:10319000CF92DF92EF92FF920F931F93CF93DF9323
:1031A0001F92CDB7DEB7FC0104AD15AD01151105B9
:1031B000A9F1F80180889188A288B388C484D58455
:1031C000E684F78430E020E041E050E0BE016F5F2C
:1031D0007F4FC8010E94777E0197E9F4898190E0D2
:1031E000F801808A918AA28AB38AC486D586E68647
:1031F000F7860F90DF91CF911F910F91FF90EF9085
:10320000DF90CF90BF90AF909F908F907F906F9006
:103210005F904F9008958FEF9FEFE2CF06AD17AD0F
:103220008FEF9FEF0115110521F3F80140805180C8
:103230006280738084809580A680B780C08CD18C9A
:10324000E28CF38C41E050E0BE016F5F7F4FC8011C
:103250000E943988019781F4898190E0F8014082C9
:1032600051826282738284829582A682B782C08EE6
:10327000D18EE28EF38EBDCF8FEF9FEFEFCFFC01AB
:1032800080A991A9009711F00C94D0CC82A993A9A0
:10329000009711F00C94908B80E008950C960C949C
:1032A0003F19CF92DF92EF92FF920E946AC66B01A4
:1032B0000E94ECBE892BA9F081E080934803D09254
:1032C0004503C0924403D0924703C09246038091C5
:1032D0004803877E80934803FF90EF90DF90CF9064
:1032E000089587E0EACF2F923F924F925F926F92BC
:1032F0007F928F929F92AF92BF92CF92DF92EF9286
:10330000FF920F931F93CF93DF93CDB7DEB76E97E6
:103310000FB6F894DEBF0FBECDBF7E876D875E8B84
:103320004D8BDC01D0960D90BC91A02DBA87A9875A
:10333000109709F4E1C012968C9181FF1BC083FDA8
:1033400021C08D889E88A40170E060E0E985FA853F
:1033500080899189A289B38980959095A095B0952F
:103360005F01FCE0AF0EB11C84179507A607B707F5
:1033700008F0D6C4E985FA858181816081831E8A3F
:103380001D8A9FC0A985BA8558964D915D916D9112
:103390007C915B97CD010E9421D08111D2CFEACFE1
:1033A00095010E9444CB87FDE5CF811106C0898538
:1033B0009A850E940F818823E9F2A985BA8516961D
:1033C000ED91FC9117971C964D915D916D917C91BB
:1033D0001F974250510961097109848104C0440F4B
:1033E000551F661F771F8A95D2F781899289A38915
:1033F000B489480F591F6A1F7B1FFDC4E985FA85F0
:10340000848D958DA68DB78D0097A105B10589F4A2
:10341000CF010E940F81882309F4ACCFE985FA859A
:1034200084859585A685B785848F958FA68FB78F60
:10343000B8C4E985FA8584879587A687B787B1C41C
:1034400021E03AC49401232F332726950281011BE2
:10345000110B2017310708F489012801542C44244A
:10346000550CC416D506E606F70698F0DB01CA012E
:10347000800F911FA11DB11DC816D906EA06FB06D3
:1034800040F414A28FEF9FEFDC0187A390A7A1A7C0
:10349000B2A72D853E85C3010E9479C828C4E9855D
:1034A000FA85808D918DA28DB38D8C159D05AE050D
:1034B000BF0538F4C08ED18EE28EF38E8281806893
:1034C00082838D899E896E960FB6F894DEBF0FBEFB
:1034D000CDBFDF91CF911F910F91FF90EF90DF90C3
:1034E000CF90BF90AF909F908F907F906F905F90A4
:1034F0004F903F902F900895DC01D2960D90BC9193
:10350000A02DBE8FAD8F109709F439CF9E968C9168
:1035100081FF73C183FD52C1ED8DFE8DF081F98372
:10352000AD8DBE8D1196BC91B987ED8DFE8DF2816A
:10353000FB87AD8DBE8D1396BC91BC87ED8DFE8D46
:10354000F481FF87AD8DBE8D1596BC91B88BED8D46
:10355000FE8DF681F98BAD8DBE8D1796BC91BA8B21
:10356000ED8DFE8D408851886288738884889588A7
:1035700026883788298139854B855C856F857889D0
:1035800089899B2F52016301740181010E941FEB05
:1035900011F008F03BC11B861C861F86188A198A09
:1035A0001A8A1F8A188E8D889E889A8689862D8D04
:1035B0003E8D285E3F4F3C8F2B8FAD8DBE8D2C9066
:1035C00011963C90119712964C90129713965C901E
:1035D000139714966C90149715967C9015971696E1
:1035E0008C90169717969C901797E985FA85EF2B84
:1035F00009F40AC39096ED91FC91DF01AC5DBD4FDB
:10360000CD90DD90ED90FC90320121014C205D20A9
:103610006E207F20920131703C8B2B8B4114510422
:103620006104710409F056C0AD8DBE8D5896CD90E1
:10363000DD90ED90FC905B97C114D104E104F1049E
:1036400009F423C19E968C919E9786FF0EC15C96CD
:103650008D909D90AD90BC905F9718962C91189787
:1036600019963C9119971A964C911A971B965C9152
:103670001B971C966C911C971D967C911D971E960E
:103680008C911E971F969C91AFEF0E940AEBE15D13
:10369000FD4F0081075F0E94E6EA29833A834B834E
:1036A0005C836D837E838F83988729813A814B81E8
:1036B0005C81820E931EA41EB51EC814D904EA04B0
:1036C000FB0408F4C4C08D8D9E8D0E944386882320
:1036D00009F493C0AD8DBE8D9096ED91FC91DF0104
:1036E000A15DBD4F3C907301620119E0F694E7942F
:1036F000D794C7941A95D1F7AD8DBE8D58964D903D
:103700005D906D907C905B97B2E04B1A5108610818
:103710007108032C04C0440C551C661C771C0A94C9
:10372000D2F74C0C5D1C6E1C7F1CCF01885E9D4F38
:10373000DC014D915D916D917C91440E551E661E8C
:10374000771E8B889C88892809F0C1C089849A8457
:10375000811422E0920608F4BAC02B853C854F857F
:10376000588969897A898F89988DA0E00E9428EB11
:1037700009F0ADC043815481658176818181928158
:10378000811434E0930608F0E9C144165506660634
:10379000770641F410824FEF5FEFBA014383548301
:1037A000658376832D853E85B301A2010E94FBC807
:1037B000882319F1212C82E0382E11C1AD8DBE8DE8
:1037C00018960C91189719961C9119971A962C9186
:1037D0001A971B963C911B971C964C911C971D9613
:1037E0005C911D971E966C911E971F967C911F975A
:1037F000CD010E94EF8681118FCEAD8DBE8D9D963D
:103800008C919D9781609D968C93B9CD8201930197
:10381000A401B1018D8D9E8D0E94EF86882369F3EE
:10382000298139854B855C856F85788989899A8955
:1038300052016301740181010E9416EB2B873C87C2
:103840004F87588B698B7A8B8F8B988FACCE3FEFDD
:10385000C31AD30AE30AF30AAD8DBE8D5896CD92F2
:10386000DD92ED92FC925B9735CF2B8D3C8DB701AD
:10387000A601CF010E94AD83082E000C990B97FD85
:10388000BCCF892B09F41FCF25CFED8DFE8D848D04
:10389000958DA68DB78D0097A105B10589F4CF014F
:1038A0000E944386882309F4A8CFED8DFE8D808D7C
:1038B000918DA28DB38D848F958FA68FB78F0ACFF0
:1038C000ED8DFE8D808F918FA28FB38F03CF212C32
:1038D000B2E03B2E8B889C8828183908892809F08B
:1038E0002EC1AD8DBE8D2C9111963C9111971296E3
:1038F0004C91129713965C91139714966C911497B0
:1039000015967C9115975096AC9050975196BC9017
:1039100051975296CC9052975396DC905397549669
:10392000EC9054975596FC90559756960C91569757
:1039300057961C91579716968C91169717969C91AF
:103940000E941FEB08F4FBC025E0B301A201CF01E8
:103950000E9485CA009709F450CFEB89FC89E80FD3
:10396000F91F2B853C854F85588969897A898F890C
:10397000988DA0E00E9428EB09F4E3C04101B12C2E
:10398000A12CC12CD12C760129829A82AB82BC82D7
:10399000CD82DE82EF82F8865101C12CD12CE12C40
:1039A000F12C00E010E00E941FEB10F4222E332EC9
:1039B000A10170E060E0CF010E9452EB8B899C89ED
:1039C000820D931D8115924051F4AD8DBE8D909660
:1039D0008D919C910E944FC9882309F40ECF9101CB
:1039E00050E040E060E070E0CB0129823A834B83F5
:1039F0005C836D837E838F83988740E050E060E036
:103A000070E080E090E0AD8DBE8DAC901196BC90E2
:103A100011971296CC9012971396DC9013971496E8
:103A2000EC9014971596FC90159716960C91169796
:103A300017961C9117970E9401EB722E832E942EDD
:103A4000652E562E472EF82FE92F2C9311963C9376
:103A5000119712964C93129713965C9313971496A2
:103A60006C93149715967C93159716968C931697CE
:103A700017969C932B853C854F85588969897A894F
:103A80008F89988DA0E00E9428EB09F4B0C0A9802E
:103A9000BA80C12CD12CE12CF12C00E010E00E9466
:103AA00016EB2B873C874F87588B698B7A8B8F8BD4
:103AB000988FAD8DBE8D5096AC9050975196BC901E
:103AC00051975296CC9052975396DC9053975496B8
:103AD000EC9054975596FC90559756960C915697A6
:103AE00057961C915797272D382D492D562D652D0A
:103AF000742D8F2F9E2F0E941FEB09F008F45DCDCF
:103B00009E968C919E9780689E968C939E975096D9
:103B10007C92509751968C92519752969C925297C4
:103B200053966C92539754965C92549755964C9238
:103B300055975696FC9356975796EC933ECD21E0B9
:103B400004CF89849A848214930408F41401A10197
:103B50006D857E85CF010E9449EB30CF09851A859E
:103B6000012F1127069530E020E0812C912C540183
:103B7000839404C0880C991CAA1CBB1C3A94D2F7ED
:103B800089829A82AB82BC828C189D08AE08BF08DD
:103B9000081519052A053B0510F44801590195013E
:103BA0008401A9E0000F111F221F331FAA95D1F72E
:103BB00018018401441555056605770588F0840CC5
:103BC000951CA61CB71C481559056A057B0540F4D1
:103BD00010822FEF3FEFA90123833483458356835F
:103BE0002D853E85B301A2010E9479C8F5CEAD8432
:103BF000BE84A20CB31CBE86AD8629853A852219E7
:103C000033093A87298755CFED8DFE8D2085318583
:103C10004285538564857585868597855101620146
:103C2000730184010E941FEB08F04BCC2086318683
:103C300042865386648675868686978686A58068C2
:103C400086A73FCCFC01425051096109710984816A
:103C500004C0440F551F661F771F8A95D2F78189CC
:103C60009289A389B489480F591F6A1F7B1F80E07E
:103C700092E08619970924018815990508F42C010A
:103C80006114710409F0DCCBA985BA8550960D91B9
:103C90001D912D913C9153975896CD90DD90ED90CC
:103CA000FC905B970C151D052E053F0520F4129620
:103CB0008C9185FFC5CB25E0CF0184960E9485CAF3
:103CC000009709F457CBA2016D857E85860D971D5F
:103CD0000E9449EB640C751C6114B2E07B0651F440
:103CE000E985FA858681978184960E944FC9882349
:103CF00009F440CBE985FA8580899189A289B38945
:103D0000840D951DA11DB11D808B918BA28BB38B52
:103D10002D853E85240D351D3E872D8784189508F9
:103D2000E985FA85C088D188E288F38881149104F6
:103D300009F4B5CB86819781DC0113961C91B701FC
:103D4000A60129E076956795579547952A95D1F76D
:103D500014233601B1E07B22111123C0448555851F
:103D6000668577856114710409F06CCF41155105A2
:103D70006105710509F442CB228126FF11CB208C0D
:103D8000318C428C538CC214D304E404F50408F043
:103D900007CB4F5F5F4F6F4F7F4F448755876687D5
:103DA0007787A985BA851696ED91FC9117971C9691
:103DB0004D915D916D917C911F9742505109610920
:103DC0007109848104C0440F551F661F771F8A95AF
:103DD000D2F781899289A389B489840F951FA61F80
:103DE000B71FAC01BD01410F511D611D711D611453
:103DF000710409F03CCF8114B2E09B0608F437CF80
:103E0000C7A0D0A4E1A4F2A465A076A0811424E008
:103E1000920608F017CB4C155D056E057F0541F441
:103E200014A28FEF9FEFDC0187A390A7A1A7B2A7F1
:103E30002D853E85C3010E94FBC8882309F49ACAD8
:103E4000412C02E0502E56CF0C960C947319CF9350
:103E5000DF931F92CDB7DEB7698341E050E0BE012A
:103E60006F5F7F4F0C960E9473190F90DF91CF9177
:103E70000895AC0161E170E089EA9FE00C94FAD604
:103E8000CF92DF92EF92FF92CF93C82F0E94EDC5A1
:103E90006B017C01809103018170C817B1F00E9411
:103EA000EDC56C197D098E099F096132714A874001
:103EB000910580F38EE097E00E94391F80E0CF915A
:103EC000FF90EF90DF90CF90089581E0F8CF1F939F
:103ED000CF93DF938095C82FCC0FC11DCC0FC11D90
:103EE00014E080E00E94401F8823E9F08C2F881F97
:103EF0008827881F0E94870F5B9881E00E94401FDF
:103F0000D82F882381F0C6FB882780F90E94870F6D
:103F10000E94450FCC0FCC0F115019F78D2FDF9158
:103F2000CF911F910895D0E0F9CFCF93C62FAC0168
:103F300061E170E088E59FE00E94FAD6C093260E0A
:103F4000CF910895009711F481E090E020919A00BC
:103F500030919B00820F931F90939B0080939A0057
:103F600008954FB7F8942091C4033091C503809110
:103F7000C2039091C3034FBF821B930B089580919E
:103F8000A10E9091A20E029759F480917E0E90910D
:103F90007F0E029729F48091780E9091790E089502
:103FA00090E080E00895CF93C62FAC0161E170E00E
:103FB00088E59FE00E941B96C093570FCF9108950C
:103FC00010926703109268031092690310926A03BB
:103FD00010926203109263031092640310926503BF
:103FE0001092660308951F93CF93DF932091A10E43
:103FF0003091A20E2230310509F051C020917E0E81
:1040000030917F0E2230310509F049C0C091780E01
:10401000D091790E209709F442C02091990E3091E9
:104020009A0E2C173D0759F1182F0E9423140E9455
:10403000E01FD0939A0EC093990ED0934902C0937B
:1040400048028091590E90915A0EA0915B0EB0914A
:104050005C0E8093930E9093940EA093950EB09364
:10406000960E1123E1F09FB7F8948091570F9FBFF0
:104070008230A9F4DF91CF911F910C94801480912C
:10408000590E90915A0EA0915B0EB0915C0E8093E8
:10409000930E9093940EA093950EB093960EDF918D
:1040A000CF911F9108952F923F924F925F926F92FE
:1040B0007F928F92AF92BF92CF92DF92EF92FF9258
:1040C0000F931F93CF93DF9300D000D000D01F92A7
:1040D000CDB7DEB79A8789870E94C8A2A985BA851D
:1040E00011969C938E938AEB93E113969C938E93F7
:1040F00012978091000F9091010F15969C938E93CB
:1041000014978091F70E16968C9316978091F50E62
:104110009091F60E18969C938E9317978091F30EBC
:104120009091F40E1A969C938E9319978091FD0EA0
:104130001B968C931B978091A30E1C968C931C97B7
:104140008091A40E1D968C931D978091FE0E9091E8
:10415000FF0E1F969C938E931E9781E89EE05196CA
:104160009C938E93509780916603811145C0009176
:104170006703109168032091690330916A03E98510
:10418000FA85028B138B248B358B8091930E909143
:10419000940EA091950EB091960E868B978BA08F62
:1041A000B18F0091A10E1091A20E7801F1E0EF1AEB
:1041B000F10823E0E216F10408F09BC080916A0F39
:1041C000882309F496C080913E0E90913F0E843072
:1041D000910509F491C0039709F05FC00E94570F41
:1041E0008823B1F18091710F9091720F079709F0B8
:1041F00086C08BE090E033C00E946AC600916203E3
:10420000109163032091640330916503DC01CB01BD
:10421000801B910BA20BB30B0091670310916803F5
:104220002091690330916A0368017901C094D094A8
:10423000E094F094C816D906EA06FB0628F0080FA9
:10424000191F2A1F3B1F9BCF0FEF1FEF980197CF1E
:104250000E94C40F882309F455C089E090E0A98525
:10426000BA855C969C938E935B972091000F30915A
:10427000010FA901445051094230510508F448C0CA
:104280002730310509F444C0009729F0069721E052
:10429000069708F03EC020E03CC00E94470F811105
:1042A00031C00E94C40F811130C0E091710FF091B4
:1042B000720F3197E730F105E0F48827ED59FE4D94
:1042C0008F4F0C94EAE96D216A21702173217621C8
:1042D0007F21F92082E090E0C2CF81E090E0BFCF63
:1042E00083E090E0BCCF84E090E0B9CF85E090E03F
:1042F000B6CF90E080E0B3CF8CE090E0B0CF8AE022
:1043000090E0ADCF87E090E0AACF88E090E0A7CF23
:1043100021E0E985FA85228FC8010497029708F009
:10432000DFC0C0901A0ED0901B0EE0901C0EF090D3
:104330001D0E0E9440124091160E5091170E609172
:10434000180E7091190EB0E0A0E0481759076A07DF
:104350007B0708F4A1C09A01AB01281B390B4A0B5B
:104360005B0BC114D104E104F10409F099C020E011
:10437000A985BA855D962C938091A10E9091A20E8D
:104380009C01245031092230310508F063C20E949B
:1043900040128115B8E09B0708F41DC220E0A985F2
:1043A000BA855E962C935E978091F90E5F968C93FA
:1043B0000091A10E1091A20E80919B0E023011056A
:1043C00049F480917E0E90917F0E029709F0EBC226
:1043D0008091730EE985FA8580A38091FA0E81A3FE
:1043E0000E94BF1FA985BA8593969C938E9392973E
:1043F0000230110509F0D9C280917E0E90917F0E96
:10440000029709F0D2C28091760E9091770EE985DD
:10441000FA8595A384A30230110509F0C9C28091E1
:104420007E0E90917F0E029709F0C2C281E69EE057
:10443000A985BA8597969C938E93969780919C0EAA
:1044400090919D0E0230110559F480917E0E90914D
:104450007F0E029709F0AFC28091740E9091750E95
:10446000E985FA8591A780A72A960FB6F894DEBF52
:104470000FBECDBFDF91CF911F910F91FF90EF90B5
:10448000DF90CF90BF90AF908F907F906F905F90B4
:104490004F903F902F90089520E030E0A90161CF28
:1044A0002C153D054E055F0510F024E661CFA4E60E
:1044B000B0E00E9401EA970186013695279517958D
:1044C0000795600F711F821F931FA70196010E941D
:1044D000C8E9253631054105510508F449CFE5CF36
:1044E000F3E0EF16F10408F01BC180916A0F8823F6
:1044F00009F43DCF80913E0E90913F0E0497B9F4A0
:10450000E091770FF091780F309709F430CF209138
:10451000A00F3091A10F4091A20F5091A30FA4E6DC
:10452000B0E00E9401EA9F0150E040E0D0CF8FB799
:10453000F89400913E0E10913F0E2091600330914F
:1045400061033E832D8320905E0330905F03B09023
:104550005D0340915B0350915C0358874F83A090AB
:104560005A03809059038FBF40E850E060E070E04C
:1045700081E090E00E94D00F69837A838B839C83D3
:104580000E94470F811104C00E94570F8823C1F079
:104590004091410E5091420E6091430E7091440E35
:1045A00083E090E00E94D00F49805A806B807C802D
:1045B000460E571E681E791EC12CD12C760132C0C2
:1045C0000E94770F811157C080916A0F4091750F3B
:1045D0005091760F811102C050E040E070E060E041
:1045E00082E090E00E94D00F6B017C0149805A80EC
:1045F0006B807C804C0C5D1C6E1C7F1C0E94C40F69
:10460000882381F04091410E5091420E6091430EFB
:104610007091440E83E090E00E94D00F460E571E2A
:10462000681E791E411451046104710409F49FCE7F
:104630000130110529F50B2D10E030E020E070E885
:10464000C72ED12CE12CF12CA1016D817E8181E05E
:1046500090E00E9434109201A3016415750586054F
:10466000970510F49B01AC01A4E6B0E00E9401EABA
:10467000A30192012CCF49805A806B807C809CCF13
:104680000230110509F58F8198858C0130E020E01A
:1046900080916A0FC090750FD090760F811102C083
:1046A000D12CC12CF12CE12CA1016D817E8182E005
:1046B00090E00E94341029813A814B815C81620F25
:1046C000731F841F951FC7CF03301105F9F489812B
:1046D0009A81AB81BC818C0D9D1DAE1DBF1D898350
:1046E0009A83AB83BC83C090410ED090420EE09081
:1046F000430EF090440EAF81B8858D0130E020E08C
:10470000A1016D817E8183E090E0D3CF9201A3016E
:10471000012B09F0A9CF20E030E040E050E0A4CF29
:104720000730110509F023CE0E947CAF049709F4ED
:10473000BCCE8091AB039091AC03A091AD03B0913E
:10474000AE03892B8A2B8B2B09F411CE8FB7F894EB
:104750002091BB033091BC034091BD035091BE0337
:104760008FBFC090AB03D090AC03E090AD03F0904E
:10477000AE032C153D054E055F0558F569E2C616DA
:104780006CE5D6066FE8E60662E0F606A0F0569500
:10479000479537952795D701C601B695A795979563
:1047A0008795E1E0CE22DD24EE24FF24C80ED91E39
:1047B000EA1EFB1EE3CFA4E6B0E00E9401EAA701D7
:1047C00096010E94C8E9243631054105510508F4D7
:1047D000CFCD23E6CDCDAC0170E060E04090160E69
:1047E0005090170E6090180E7090190E44165506D2
:1047F0006606770608F4D2CD441A550A660A770A87
:10480000C0901A0ED0901B0EE0901C0EF0901D0E62
:104810004C145D046E047F0410F024E6C0CD9C01AE
:10482000A4E6B0E00E94F2E9A70196012419350937
:10483000460957092115E8E03E074105510508F0F2
:1048400069C00E94C8E9253631054105510508F4C3
:10485000A6CDE3CF9C01215031092330310508F06A
:104860005EC080913E0E90913F0E9C012150310917
:104870002330310590F6019721F40E94770F8111C2
:10488000CCCF8091550E9091560EA091570EB091BD
:10489000580E892B8A2B8B2B09F4BFCF0E942C0F2B
:1048A0008115F8E09F0708F079CDAC0170E060E079
:1048B0004090490E50904A0E60904B0E70904C0EF6
:1048C000441655066606770608F468CD441A550A5C
:1048D000660A770AC090550ED090560EE090570E9B
:1048E000F090580E4C145D046E047F0408F095CFD0
:1048F0009C01A4E6B0E00E94F2E9A7019601241908
:104900003509460957092115A8E03A07410551051F
:1049100008F497CF2FEF37E040E050E092CF873098
:10492000910571F50E94B11F4FB7F8943091C00303
:104930002091BF034FBF332329F0211103C00097FB
:1049400009F42CCD8115B8E09B0708F027CD6091C4
:10495000B3037091B4036C01F12CE12CC60ED71E89
:10496000E11CF11CC114D104E104F10409F455CF98
:104970009C01A4E6B0E00E94F2E9A70196015ACF9B
:10498000069709F00BCD80913302811146CF0E942A
:104990003EA19C01A4E6B0E00E94F2E928EF3FE3CB
:1049A00040E050E04ECF80E015CD90E080E02FCD8C
:1049B0008CE393E03DCD80917A0E90917B0E50CDAB
:1049C0001092A30E1092A40E08951092F90E8091E9
:1049D000000F9091010F8130910529F40E9458D564
:1049E0008093F90E08950297E9F70E9468D5F8CFF1
:1049F0000F931F93CF93DF93CDB7DEB76E970FB6AC
:104A0000F894DEBF0FBECDBF8C018B30910509F04D
:104A10008FC082E08093130281E090E021E00D30AE
:104A2000110509F020E0209358030D30110511F411
:104A300083E090E02EE1289FB001299F700D1124A2
:104A40006753764F4EE150E0CE0101960E947BE61F
:104A50008E819F8124E0880F991F2A95E1F790931A
:104A60000102809300028885998534E0880F991FA0
:104A70003A95E1F790930302809302028A859B8521
:104A800044E0880F991F4A95E1F7909305028093BF
:104A900004028C859D8554E0880F991F5A95E1F793
:104AA00090930702809306020B30110509F057C05E
:104AB00082E898E0909301028093000290930302B1
:104AC0008093020289E491E19093050280930402AD
:104AD00090930702809306028E859F859093110222
:104AE000809310028A899B8990930F0280930E0213
:104AF0008E8980930D028F8980930B02888D80931D
:104B00000C02898D80930A028A8D809309028B8D15
:104B10009C8D9093500380934F036E960FB6F8943C
:104B2000DEBF0FBECDBFDF91CF911F910F910895D2
:104B30008C30910531F483E08093130282E090E0A1
:104B40006DCF0E9731F484E0809313028AE090E0F9
:104B500065CF81E08093130290E080E05FCF0C305E
:104B6000110509F0B9CF83E197E09093010280939A
:104B70000002909303028093020281EC9CE0A4CF98
:104B800090E0882329F0282F2170920F8695F9CF85
:104B9000892F08952F923F924F925F926F927F924A
:104BA0008F929F92AF92BF92CF92DF92EF92FF923D
:104BB0000F931F93CF93DF93CDB7DEB7AA970FB6AE
:104BC000F894DEBF0FBECDBF88A31A012B010A8B5C
:104BD0001B8B2C8B3D8B8E2DDF8ECE8E0E94C025A5
:104BE000782E8F2D0E94C025780EA72CB12CD12CA9
:104BF000C12CAA8EBB8ECC8EDD8EBE016D5F7F4F29
:104C0000CE0101960E94DD0EBE01695F7F4FCE018D
:104C100005960E947D0E29813A818B819C81B0E0AE
:104C2000A0E06C017D01C20ED31EE11CF11CCCA2E0
:104C3000DDA2EEA2FFA2D8A0E0911002F091110235
:104C4000D11004C0E0910E02F0910F028091580340
:104C5000882309F46DC180914F0390915003892BF3
:104C600009F469C102E0098B9101A20160E070E0E2
:104C700080E090E003E00E94CBEA622E39A34A0173
:104C8000B62FA72F8AA39BA30A891B892C893D894C
:104C90007801890120E130E040E050E060E070E020
:104CA00080E090E057016801E12CF12C00E010E079
:104CB0000E9416EB59016A017B018C01262D39A156
:104CC000A4016B2F7A2F8AA19BA10E9401EBA72C34
:104CD000B12CC12CD12CE12CF12C00E010E00E9471
:104CE00016EBAA88BB88CC88DD882A0C3B1C4C1CA0
:104CF0005D1CCA8CDB8CEC8CFD8C2C0C3D1C4E1C82
:104D00005F1C62015101E12CF12C87012A8ABB8AC8
:104D10004C8ADD8AEE8AFF8A088F198F1F01512C79
:104D2000412C612C712C4301B8A0BB2009F406C1B1
:104D3000C0900B02CA8EB988AB2CB12CD12CC12CDF
:104D4000E12CF12C8701A986BA86CB86DC86ED861C
:104D5000FE860F87188B59016A017B018C01298916
:104D600030E040E050E060E070E080E090E00E94E1
:104D700014EA51016201730184010E9401EBAA8CC3
:104D8000B12CC12CD12CE12CF12C00E010E00E94C0
:104D900001EB0989023009F0D5C020904F03309013
:104DA0005003512C412C612C712C430151016201A3
:104DB000730184010E9401EB298B3A8F49A35AA306
:104DC0006BA378A789A79AA718A180910D0211114A
:104DD00002C080910C0260900902680E7724771C53
:104DE000972C990C99082A893B894C895D8960E048
:104DF00070E080E090E0A4E00E940AEBA984BA840D
:104E0000CB84DC84ED84FE840F8518890E9414EA2B
:104E100059016A017B018C019301492D592D692D9E
:104E2000792D892D992D0E9401EBED81FE812F8036
:104E30003884512C412C2E0E3F1E411C511C510117
:104E40006201E12CF12C00E010E00E9414EA19014B
:104E50002A013B014C014CA15DA16EA17FA19A01E9
:104E6000AB0160E070E0CB0129873A874B875C8714
:104E70006D877E878F87988BA988BA8CC9A0DAA0A6
:104E8000EBA0F8A409A51AA560E070E080E090E02E
:104E90000E9414EA2056304F4F4F5F4F6F4F7F4FA5
:104EA0008F4F9F4F59016A017B018C019101A20133
:104EB000B301C4010E9401EBE0E4AE2EFFE1BF2E7E
:104EC000C12CD12CE12CF12C00E010E00E946EEA04
:104ED000F42FE52F2F3FAFEF3A074A075A07610536
:104EE000710581059105B9F1B0F18FEF9FEFDC01FC
:104EF000EE8DFF8D80839183A283B38380E0AA9699
:104F00000FB6F894DEBF0FBECDBFDF91CF911F91DA
:104F10000F91FF90EF90DF90CF90BF90AF909F9058
:104F20008F907F906F905F904F903F902F9008955B
:104F300011E0198B99CE21E0298B96CED0900A02F0
:104F4000DA8EF9CE212C312C412C512C612C712C74
:104F5000812C912C2BCFC901AF2FBE2F40919003F4
:104F60005091910360919203709193038A019B0188
:104F70000095109520953095081719072A073B07CB
:104F800060F48FEF9FEFDC01809390039093910387
:104F9000A0939203B0939303ABCF480F591F6A1F9E
:104FA0007B1F4093900350939103609392037093FF
:104FB0009303EE8DFF8D40815181628173818A015F
:104FC0009B010095109520953095081719072A0721
:104FD0003B0708F48ACF840F951FA61FB71F808355
:104FE0009183A283B38381E08ACF8FB7F894109224
:104FF0005C0310925B0310924E0310924D031092CB
:1050000008028FBF0895EAE6FFE080E5DF011D9208
:105010008A95E9F70895DB01FC013197E930F10544
:1050200068F58827E95EF74D8F4F0C94EAE9202850
:1050300026282C282F28322835283B2829283828AC
:105040008BE090E08D939C9381E008958CE090E05C
:10505000F9CF8EE090E0F6CF86E090E0F3CF87E0E6
:1050600090E0F0CF88E090E0EDCF89E090E0EACFEB
:105070008FE090E0E7CF8AE090E0E4CF1D921C92B1
:10508000E3CF7F928F929F92AF92BF92CF92DF92A7
:10509000EF92FF920F931F93CF93DF938C01E62E35
:1050A000942E242F41E00E947512782E292D40E085
:1050B0006E2DC8010E947512882E6801E00EF12E37
:1050C000F11CA12CB12CD0E0EC14FD0429F0F60168
:1050D000C1916F01C1110CC0F801ED0FF11DDD236D
:1050E000A1F18291803211F08E3279F5D150F7CF53
:1050F000CD3091F3781428F4EC2FF0E0E159FA4F19
:10510000C491C03211F0CE3211F4DD23E9F2692DE1
:105110008C2F0E945412811116C0A110D5CFCFE55B
:10512000AA24A3948C2F8F7D81548A3120F080EDA6
:105130008C0F8A3010F4BB24B394F801ED0FF11DED
:10514000C083DF5FC1CFA12CEDCFF801ED0FF11DC2
:105150001082BB2029F0BB24B394D11101C0B12C23
:105160008B2DDF91CF911F910F91FF90EF90DF90EA
:10517000CF90BF90AF909F908F907F9008951092A6
:105180009C1410929B1410929814109289141092EF
:1051900088140895FC01892BC9F0118210826130B6
:1051A00088E07807A0F01382128290E080E0948378
:1051B00085831682178210861186128613861486BE
:1051C0001586138A128A158A148A168A089583E02E
:1051D000660F771F8A95E1F77383628391E080E021
:1051E000672B29F790E0E3CFCF92DF92EF92FF9207
:1051F00010929814109297141092961480919B1408
:1052000090919C148130910529F580E8C82ED12C0D
:10521000E12CF12CC0926814D0926914E0926A14C7
:10522000F0926B1470E060E08AE594E10E94CA2875
:10523000C0927F14D0928014E0928114F092821474
:1052400070E060E081E794E1FF90EF90DF90CF9015
:105250000C94CA28029779F480919D14882359F000
:105260008091991427E1829FC001112470E060E0D1
:10527000865A9B4EE9CFFF90EF90DF90CF90089534
:105280002F923F924F925F926F927F928F929F9256
:10529000AF92BF92CF92DF92EF92FF920F931F9344
:1052A000CF93DF93A0909B14B0909C14A114B104F1
:1052B00039F06C0101978115944020F00E94F42888
:1052C00080E012C077247394611101C0712C809129
:1052D000981481111CC0D0929714C09296147092A9
:1052E0004C0391E090939814DF91CF911F910F910F
:1052F000FF90EF90DF90CF90BF90AF909F908F90F6
:105300007F906F905F904F903F902F9008956090A6
:105310004C0367100AC00E94F428D0929714C092E0
:10532000961481E080939814CBCF61E0A616B10467
:1053300041F080919D14882369F18091991468123D
:1053400029C000919614109197140C0D1D1DE62C88
:10535000F12C87E1689EE0011124C65ADB4E88805B
:1053600099808114910429F54F81442309F472C274
:105370008E818017110611F008F06CC240171106DB
:1053800008F468C28C819D818F3F980719F00196BF
:105390009D838C83D0929714C092961470924C0384
:1053A00081E02091881430918914232B09F09CCF3F
:1053B00087CF209779F3B801CE01F5E08F169104DD
:1053C00009F020C10E94E7122C813D8181111CC08F
:1053D0002F3F310509F020F42F5F3F4F3D832C8391
:1053E00087E18E9DF0018F9DF00D1124E65AFB4E52
:1053F000848195818115914069F684E090E09183E4
:10540000808315821482C6CF2038310508F033C25C
:105410001D821C82BFCF4423A1F086818017110614
:1054200011F008F0D4C04017110608F4D0C08481F0
:1054300095818F3F980709F4ADCF019695838483BA
:10544000A9CF2D3C310508F08EC00032110508F0BF
:10545000BEC0E22F502F550F550F550F852F821BC1
:10546000521710F4822F851BB901759567957595B4
:105470006795683008F468E0681708F4A8C090E001
:1054800037E15E1708F460C03E9DF0013F9DF00DCE
:105490001124E65AFB4E0496B3E096958795BA958B
:1054A000E1F7280F30E03383228387E18E9DF001FE
:1054B0008F9DF00D1124E65AFB4E848195818F3F1C
:1054C000980719F001969583848387E18E9DF001FA
:1054D0008F9DF00D1124E65AFB4E84819581811534
:1054E000914009F057CF828193819C01215031096D
:1054F0002C3C310508F04ECF582F9C01359527954F
:1055000035952795283008F428E0251710F4482F02
:10551000421B97E19E9DF0019F9DF00D1124E65ADC
:10552000FB4E50E0495F5F4F63E0569547956A95A3
:10553000E1F74683280F822F90E073E095958795D9
:105540007A95E1F7878326CF3E9DF0013F9DF00DD0
:105550001124E65AFB4E0396A3E096958795AA95EB
:10556000E1F7281B9FCFB801E3E0660F771FEA95AC
:10557000E1F7CB01821B930B6217730718F4C90183
:10558000861B970BF901F695E795F695E795E817D1
:10559000F907E8F057E15E9DF0015F9DF00D1124E1
:1055A000E65AFB4E6217730748F00496B3E09695EF
:1055B0008795BA95E1F7280F391F75CF0396A3E0B9
:1055C00096958795AA95E1F7281B390B6CCFB80102
:1055D000CE010E94E71297E19E9DF0019F9DF00D84
:1055E0001124E65AFB4E248135812031310508F41F
:1055F00042C1813009F03FC121E030E03183208396
:105600008683C8CE0E94E71287FD35C191E08916D6
:105610009104A1F49E81813031F49F3F09F4BACE08
:105620009F5F9E83B7CE9C50953208F024C182E0E4
:1056300090E09983888381E08E83ACCEE2E08E1681
:10564000910471F49E81882341F39C50953208F0B7
:1056500012C183E090E09983888381E08F839ACEA2
:10566000F3E08F16910471F4813009F004C18F8149
:105670008F5F8F83823009F08DCE84E090E0998334
:10568000888388CE2885283038F49985990F892B0E
:1056900089872F5F28877ECE813019F070E060E027
:1056A000EBC099842A843B844C845D848E859F85DD
:1056B000A889B989281639064A065B0608F090C001
:1056C000892D0E94C02597E19E9DF0019F9DF00DC0
:1056D0001124E65AFB4E22893389820F932F911DA4
:1056E000938B828BAA94AB2809F071C0C701969561
:1056F000982F88279795879586539C4F280E392E8B
:10570000311CF101908287E18E9DF0018F9DF00D9B
:105710001124E65AFB4E82859385A485B5850196B2
:10572000A11DB11D82879387A487B58726853785FC
:105730004089518949015A0162E0860E911CA11CE1
:10574000B11C88159905AA05BB05B1F5A489B589D1
:105750008289938960919B1470919C1461307105CA
:1057600009F067C0A817B90709F048C0C7019695A6
:10577000982F88279795879586539C4F9093CB04B5
:105780008093CA04828193819093C9038093C80354
:1057900060929A146092991481E080939D14109203
:1057A0009C1410929B148E0120E030E0A90160E06F
:1057B00081E090E00E94B81287E18E9DF0018F9DFC
:1057C000F00D1124E65AFB4E11861086E3CD8E01B2
:1057D000A2019101692D82E090E00E94B81293CF5E
:1057E00087E18E9DF0018F9DF00D1124E65AFB4E4E
:1057F00080E094898929958B848B85CF85E090E022
:1058000091838083158214821682178212861386F2
:105810001486158680E890E0A0E0B0E08687978740
:10582000A08BB18B138A128A158A148A81E0868B29
:10583000C3CFA817B90759F483E090E08E0160E068
:105840000E94B81210929C1410929B14B5CF84E061
:1058500090E0F4CF209709F49DCD87E18E9DF00173
:105860008F9DF00D1124E65AFB4E228133812115C4
:10587000310509F0D0CDB801CE010E94CA288ACDE9
:10588000CF92DF92EF92FF92CF93DF9381E090E08F
:1058900090939C1480939B141092CB041092CA0492
:1058A0001092C9031092C80310929D14109298147C
:1058B00010929714109296141092891410928814D2
:1058C000CAE5D4E180E8C82ED12CE12CF12CCE869B
:1058D000DF86E88AF98A70E060E0CE010E94CA287B
:1058E000CDA2DEA2EFA2F8A670E060E081E794E12D
:1058F000DF91CF91FF90EF90DF90CF900C94CA286A
:10590000FC01E55BFF4F2081263111F12B3119F1AC
:10591000293221F525E030E0FC01E45BFF4F4081B6
:10592000413011F04637D1F4DC01E6E1F7E085EBD8
:105930008F3020F094914C91491310C08F5F1196D5
:1059400031968F30A9F7FB013183208381E00895E0
:1059500026E030E0E1CF24E030E0DECF80E00895C3
:10596000FC01218D2131C1F02631C9F02032D1F462
:1059700023E030E0DC019096E0E7F7E088965D9167
:10598000449154130FC03196A817B907C1F7FB0112
:105990003183208381E0089521E030E0EBCF22E0E5
:1059A00030E0E8CF80E00895CF93DF93DC01892BCE
:1059B00059F18C91813011F0863731F552968D91E5
:1059C0009C9153978A359105F9F454968D919C9149
:1059D00055978115944DC1F456968D919C9157978A
:1059E0008115944D89F4ED016896E8E3FBE05F963C
:1059F00099918491981308C03196CA17DB07C1F7B3
:105A000081E0DF91CF91089580E0FBCFCF93DF93CA
:105A1000EC016AE675E00E94511881112FC065E61D
:105A200075E0CE010E94511881112BC060E675E02F
:105A3000CE010E945118811127C06BE575E0CE019F
:105A40000E945118811123C066E575E0CE010E94C5
:105A5000511881111FC061E575E0CE010E945118F7
:105A600081111BC06CE475E0CE010E9451188111B8
:105A700017C090E080E0DF91CF91089581E090E041
:105A8000FACF82E090E0F7CF83E090E0F4CF84E0BB
:105A900090E0F1CF85E090E0EECF86E090E0EBCFB4
:105AA00087E090E0E8CF1F920F920FB60F9211247B
:105AB0000BB60F921F932F933F934F935F936F9368
:105AC0007F938F939F93AF93BF93EF93FF93CF9366
:105AD000DF931F921F92CDB7DEB7109103011170B3
:105AE0008091040F90914B03911781F010934B0319
:105AF0002091050F3091060F2F5F3F4F3093060F17
:105B00002093050F8130D1F48093070F0F900F90F1
:105B1000DF91CF91FF91EF91BF91AF919F918F91C5
:105B20007F916F915F914F913F912F911F910F90B6
:105B30000BBE0F900FBE0F901F901895833031F75A
:105B40008091CC04823011F78091C7031817F1F2CD
:105B5000CE0101960E94B0AA811106C00E94B8A889
:105B600084E08093CC04D2CF89819A810E94CAAA12
:105B70008823A1F31093C703C9CF9FB7F894ECE62D
:105B8000F0E080818D7F8083E8E6F0E080818D7F8A
:105B9000808382E08BBB1092040F1092070F9FBF8F
:105BA000089580910301817080934B0382E08BBB49
:105BB000ECE6F0E0808182608083E8E6F0E08081BE
:105BC000826080830895CF93CFB7F8941092070F27
:105BD00083E08093040F0E94D12DCFBFCF91089511
:105BE00060E08FE00E9410C560E08FE00E94D5C3A6
:105BF00062E080E10E9410C561E082E00E9410C571
:105C000061E082E10E9410C561E083E10E9410C55D
:105C10001092E81481E08093120210924A0360E02F
:105C200082E00E94D5C361E082E10E94D5C360E0BA
:105C300083E10E94D5C39FB7F8941092900088E04A
:105C40008093910010929500109294002FEF3FEFF7
:105C50003093990020939800E1E7F0E080818D7FF8
:105C6000808382E088BB9FBF10928E0310928D03C9
:105C700010928C0310928B0310928A031092890366
:105C80001092880310928703109286031092850366
:105C900010928F0308958FB7F894809149038FBFB6
:105CA0000895009729F02091120D21110C94F5BF51
:105CB00080E00895CF92DF92EF92FF920E946AC631
:105CC0006B018091480380FD08C00E94511980E05B
:105CD000FF90EF90DF90CF900895809146039091D0
:105CE00047039601281B390B2A30310580F3D092E7
:105CF0004703C09246030E94ECBE9C0161E0892BE1
:105D000009F060E09091480391FB882780F98613A1
:105D100008C084E00E94AD13D0924503C0924403B2
:105D2000D6CF92FB882780F98613F3CF40914403A6
:105D300050914503C41AD50A82E3C816D10438F23B
:105D4000232B49F49F7E98609093480382E00E9441
:105D5000AD1381E0BDCF977F9061F6CF0E945A2EA0
:105D6000809148038295817008950E945A2E8091F7
:105D7000480383FF05C0877F8093480381E008952F
:105D800080E00895AC0161E170E081E09DE00C9459
:105D90001B968091010D811104C08EEE93E00E944C
:105DA000C22E61E085E30E9410C561E085E30E9498
:105DB000D5C362E083E00E9410C58091480380FF54
:105DC0000C9451190C945A2EFC011382128288EE05
:105DD00093E0A0E0B0E084839583A683B78315AEFB
:105DE00014AE17AE16AE87EE92E0918380830895CD
:105DF000DF92EF92FF920F931F93CF93DF93009167
:105E00009E1410919F140115110549F480E0DF9153
:105E1000CF911F910F91FF90EF90DF900895D42EB6
:105E20007B01EC010E94CDCFF801E05AFD4F60816B
:105E300071816115710599F0188219821A82D9ABA6
:105E4000C8AB605D7D4F2D2DA701CE010E946F80F4
:105E5000882311F081E0DBCF19AA18AAD8CFF80166
:105E6000EE59FD4F608171816115710579F21CA6B3
:105E70001DA61EA6DBABCAAB605D7D4F2D2DA70115
:105E8000CE010E9410938111E5CF1BAA1AAABFCFA1
:105E9000FC0180A991A9892B39F481E022A933A9B9
:105EA000232B19F480E0089581E0089585EF94E1B3
:105EB0000E94482F882321F085EF94E10C94CDCFE8
:105EC00008959093300280932F021092FC040C945A
:105ED000562F0E94562F1092120D0E945A2E80911A
:105EE000480384FD04C084ED93E00C94C22E82EE3E
:105EF00093E0FBCFEF92FF921F93CF93DF93CDB749
:105F0000DEB760970FB6F894DEBF0FBECDBF10911D
:105F1000120D112341F1E0908D17F0908E17E114CE
:105F2000F10489F020E030E0A9016AE0C7010E9495
:105F30002EC8882351F08CE1F7018387C7010E94A6
:105F400063C70E94692F10E00EC040E150E0BE011F
:105F50006F5F7F4FC7010E94B3C9182F882371F369
:105F6000C7010E9463C7812F60960FB6F894DEBF09
:105F70000FBECDBFDF91CF911F91FF90EF9008959D
:105F8000AF92BF92CF92DF92EF92FF920F931F9347
:105F9000CF93DF93CDB7DEB7CD5AD1090FB6F894C2
:105FA000DEBF0FBECDBF5C016B01892B69F0672B93
:105FB00059F00091120D002339F085EF94E10E9411
:105FC000482F182F882331F081E495E00E94C22EDB
:105FD00010E009C0C6010E94F5BF8823B9F085E32F
:105FE00095E00E94C22E812FC355DF4F0FB6F89463
:105FF000DEBF0FBECDBFDF91CF911F910F91FF90FC
:10600000EF90DF90CF90BF90AF900895E090891708
:10601000F0908A17E114F10409F45CC1C257DF4F14
:106020001882CE58D040C157DF4F1882CF58D04089
:10603000C057DF4F1882C059D04080EDE81A8DEF6D
:10604000F80A20E0A501B701CE0182579F4F0E94B8
:106050006F80882309F44DC018AA19AA1AAA1982B8
:106060001A821B82C257DF4F8881CE58D040887178
:1060700009F43FC0CC56DF4F28813981C459D04044
:10608000F701868197812817390799F5CE01825744
:106090009F4F0E94D0CC80E2FE01E257FF4FDE010D
:1060A000119601900D928A95E1F760E0CE0182573A
:1060B0009F4F0E94F280FC01892BD9F090E2DE0113
:1060C000A15ABF4F01900D929A95E1F7C257DF4F49
:1060D0008881CE58D04083FF15C021E5A601B701C5
:1060E000CE01C0960E946F80C12CD12C7601811107
:1060F00018C00E947A2F182F882309F474CF86E2E3
:1061000095E064CF20E0A601B701CE01C0960E94C1
:106110002683882371F36096CCACDDACEEACFFAC8B
:10612000609728968CAD9DADAEADBFAD2897CE558E
:10613000DF4F88839983AA83BB83C25AD0408CA93E
:106140009DA9CE56DF4F99838883C259D0408BA931
:10615000CF56DF4F8883C159D04088AD99ADAAADE5
:10616000BBADCA56DF4F88839983AA83BB83C659C8
:10617000D04018AA1AAA61E0CE0182579F4F0E9410
:10618000F280009709F4B5CFDC011D9623E1EFE51D
:10619000F0E0EC0FFD1F3D9601900D922A95E1F77E
:1061A000AB962FADAB97FC012387C114D104E1045A
:1061B000F10409F46FC0CC56DF4FE881F981C4596E
:1061C000D0408481B701A60142505109610971098B
:1061D00004C0440F551F661F771F8A95D2F7818927
:1061E0009289A389B489480F591F6A1F7B1F20E039
:1061F000CF0184960E9485CAFC01892B09F479CFCE
:1062000090E2B096DE01A15ABF4F01900D929A958F
:10621000E1F7B701A601CC56DF4F88819981C459B7
:10622000D0400E94C5CB882309F463CFCC56DF4F02
:10623000E881F981C459D040C655DF4F4881598162
:106240006A817B81CA5AD040425051096109710963
:10625000848104C0440F551F661F771F8A95D2F7AB
:1062600081899289A389B489480F591F6A1F7B1FAE
:1062700021E0CF0184960E9485CADC01892B09F4B4
:1062800038CF90E2FE01E15AFF4F909601900D92B7
:106290009A95E1F71D8E1E8E1F8E18A282E08B83C9
:1062A00088E08983CE0101960E9418CC882309F4E6
:1062B00020CFCC56DF4F88819981C459D0400E94AD
:1062C0005782882309F415CF82E395E00E94C22EFD
:1062D000102F89CEE0908B17F0908C17E114F10409
:1062E00009F407CFC557DF4F1882CB58D040C457A9
:1062F000DF4F1882CC58D040C357DF4F1882CD589B
:10630000D040F0EDEF1AFDEFFF0A20E0A501B70144
:10631000CE01815A9F4F0E941093882309F4E9CE41
:106320006D961FAE6D976E961FAE6E976F961FAEF1
:106330006F971DA61EA61FA6C557DF4F8881CB5895
:10634000D040887109F4D5CEC158DF4F28813981FA
:10635000CF57D040F70180A191A12817390709F044
:10636000C8CE21E5A601B701CE01C0960E941093C8
:10637000882309F4BECE8FE2FE01E15AFF4FDE0111
:10638000119601900D928A95E1F789E0FE01EE5A8F
:10639000FF4FAFE5B0E0AC0FBD1F929601900D929C
:1063A0008A95E1F76C968FAD6C97C657DF4F88835F
:1063B000CA58D040C357DF4F8881CD58D04080683D
:1063C000C357DF4F8883CD58D040CE01815A9F4FAD
:1063D0000E94908B882309F48CCE1D8E1E8E1F8EFA
:1063E00018A282E08FA788E08DA7CE0101960E94B7
:1063F000FA8E67CF1F93CF93DF93CDB7DEB7AF97FA
:106400000FB6F894DEBF0FBECDBFAC01892B21F0D3
:106410001091120D111110C08DE195E00E94C22E55
:1064200010E0812FAF960FB6F894DEBF0FBECDBF40
:10643000DF91CF911F9108956091891770918A170C
:1064400061157105D1F019821A821B82605D7D4F42
:1064500021E0CE0101960E946F80882331F0CE01A9
:1064600001960E9418CC811120C00E947A2F182F0B
:106470008823B9F28AE095E0D1CF60918B177091B3
:106480008C176115710589F31DA61EA61FA6605DF8
:106490007D4F21E0CE0101960E941093882329F3BD
:1064A000CE0101960E94FA8EDECF8AE195E00E942D
:1064B000C22EB7CF8F929F92AF92BF92CF92DF92B0
:1064C000EF92FF92CF93DF9385EF94E10E94482FE4
:1064D000882359F1E0912515F0912615309799F010
:1064E00080899189A289B3894C015D01C501B401FC
:1064F000DF91CF91FF90EF90DF90CF90BF90AF9062
:106500009F908F900895209127153091281521157F
:10651000310531F0F90180809180A280B380E6CF0F
:10652000812C912CA12CB12CE1CF60E070E0CB014B
:10653000DFCF8F929F92AF92BF92CF92DF92EF9276
:10654000FF92CF93DF9385EF94E10E94482F882339
:1065500059F1E0912515F0912615309799F0808D2D
:10656000918DA28DB38D4C015D01C501B401DF9108
:10657000CF91FF90EF90DF90CF90BF90AF909F9022
:106580008F900895209127153091281521153105F8
:1065900031F0F90180849184A284B384E6CF812C08
:1065A000912CA12CB12CE1CF60E070E0CB01DFCFCA
:1065B0008F929F92AF92BF92CF92DF92EF92FF9213
:1065C0000F931F93CF934B015C018091120D882391
:1065D00039F085EF94E10E94482FC82F811110C037
:1065E0000E94692FC0E08C2FCF911F910F91FF90D7
:1065F000EF90DF90CF90BF90AF909F908F900895D5
:106600008091251590912615009781F0B501A40180
:106610000E9421D08111E7CF0E947A2FC82F8823B2
:1066200011F38BEF94E00E94C22EDCCF80912715EE
:1066300090912815009781F38401950140E050E086
:1066400060E070E00E94EF86E5CF8F929F92AF925C
:10665000BF92EF92FF920F931F9320FF0AC02F3F2C
:10666000EFEF3E074E075E0769F12F5F3F4F4F4F39
:106670005F4F49015A0180949094A094B09486167B
:106680009706A806B906F0F049015A01860E971E32
:10669000A81EB91EE814F9040A051B0598F00E940B
:1066A0009932681579058A059B0560F0C501B4012A
:1066B0001F910F91FF90EF90BF90AF909F908F90A0
:1066C0000C94D83280E01F910F91FF90EF90BF9013
:1066D000AF909F908F900895CF938091120D882353
:1066E00031F085EF94E10E94482F811106C00E948D
:1066F000692FC0E08C2FCF91089585EF94E10E941F
:106700003F19C82F8111F6CF0E947A2F882391F369
:106710008CEE94E00E94C22EEDCFCF93C091120D6B
:10672000CC2321F185EF94E10E94482F8823F9F0D2
:10673000E0912515F0912615309761F00680F781DC
:10674000E02D80819181FC0125852130A9F0CF9138
:106750000C94C3C7E0912715F0912815309751F09C
:1067600000A0F1A1E02DE45DFD4FEBCFC1E08C2F47
:10677000CF910895C82FFBCFC0E0F9CF8F929F92A1
:10678000AF92BF92DF92EF92FF920F931F93CF933E
:10679000DF9300D01F92CDB7DEB74B015C01809133
:1067A000120D882339F085EF94E10E94482FD82EEE
:1067B000811114C00E94692FD12C8D2D0F900F9044
:1067C0000F900F90DF91CF911F910F91FF90EF905D
:1067D000DF90BF90AF909F908F900895E090251527
:1067E000F0902615E114F10409F474C0B501A40178
:1067F000C7010E9421D08823A1F1F701828181FF86
:1068000030C0848D958DA68DB78D0097A105B105FB
:1068100009F45BC04485558566857785411551052A
:106820006105710549F119821A821B821C829E0141
:106830002F5F3F4F868197810E9444CB87FD11C017
:10684000882311F1F70144855585668577850FEF1B
:106850001FEF2FEF3FE0868197810E94CFCA811101
:1068600013C00E947A2FD82E882309F4A6CF89ED71
:1068700094E00E94C22EA0CF89839A83AB83BC830D
:10688000148E158E168E178E49815A816B817C81EC
:10689000411551056105710539F0F7018681978130
:1068A0000E94C5CB8823E9F2F70180899189A289EA
:1068B000B389808F918FA28FB38F8281806882830A
:1068C000C7010E94D0CC882361F289EE94E00E9437
:1068D000C22E73CFE0902715F0902815E114F10433
:1068E00009F4BFCF8401950140E050E060E070E022
:1068F000C7010E94EF86882309F4B3CFC7010E9425
:10690000388CE1CF2F923F924F925F926F927F929D
:106910008F929F92AF92BF92CF92DF92EF92FF92AF
:106920000F931F93CF93DF93CDB7DEB760970FB66A
:10693000F894DEBF0FBECDBF6D837E838F839887B3
:106940008091120D882339F085EF94E10E94482F41
:10695000F82E81111DC00E94692FF12C8F2D609699
:106960000FB6F894DEBF0FBECDBFDF91CF911F9160
:106970000F91FF90EF90DF90CF90BF90AF909F90DE
:106980008F907F906F905F904F903F902F900895E1
:10699000C0902515D0902615C114D10409F4D7C094
:1069A000D60112968C91129781FFC6C05C968D918C
:1069B0009D910D90BC91A02D892B8A2B8B2B09F0DA
:1069C000BBC0F60126803780D10114962C91275F39
:1069D0008D819E81AF81B8850197A109B10904C05D
:1069E000B695A795979587952A95D2F78C019D0125
:1069F0000F5F1F4F2F4F3F4F0D871E872F87388BFD
:106A0000D10119968D909D90AD90BC901C97BFEFD1
:106A10008B1A9B0AAB0ABB0A24013501EF2CF1014A
:106A2000818D928DA38DB48D88159905AA05BB051E
:106A300008F482C09E012F5F3F4FB501A401C10140
:106A40000E9444CB282F87FD77C0B501A4014F5F7A
:106A50005F4F6F4F7F4F89819A81AB81BC81892BBA
:106A60008A2B8B2B11F421110BC084149504A604DE
:106A7000B70409F0E12C2A013B014A015B01CFCFA9
:106A8000DB01CA0184199509A609B7090D851E8580
:106A90002F853889081719072A073B0771F7EE2059
:106AA00039F0D10119968D929D92AD92BC921C97AE
:106AB0000FEF1FEF2FEF3FE0B501A401C1010E94CE
:106AC000CFCA8823C9F1481459046A047B04C0F46E
:106AD0009501840101501109210931090D871E8793
:106AE0002F87388B950184014D855E856F85788968
:106AF000C1010E94CFCA8D849E84AF84B888E1CF43
:106B0000D6015C964D925D926D927C925F970D815D
:106B10001E812F81388558960D931D932D933C939C
:106B20005B9712968C911297806E12968C93C60189
:106B30000E94D0CC811181C00E947A2FF82E882328
:106B400009F40CCF88EC94E00E94C22E06CFC090CE
:106B50002715D0902815C114D10471F3F60186A52C
:106B600081FFEACF848D958DA68DB78D892B8A2BD9
:106B70008B2B11F72D813E814F81588589019A0118
:106B800040E050E0BA010D831E832F833887498788
:106B90005A876B877C8700A0F1A1E02D98014F8177
:106BA000588560E070E080E090E0AFEF0E940AEB73
:106BB000DF01A15DBD4F0C91075F0E94E6EA5A011B
:106BC00049013FEF831A930AA30AB30A950184018E
:106BD00040E050E0BA01CF010E942E852B013C011C
:106BE00042E0441651046104710408F4A5CFEE2478
:106BF000E3949501BC01A201D60190968D919C91E0
:106C00000E940384882309F497CF0D81F601008741
:106C10001E8111872F812287388533871486158638
:106C200016861786448E558E668E778E86A5806C66
:106C300086A7C6010E94908B7DCF86ED94E00E94CE
:106C4000C22E8CCE0F931F93CF93DF938C01EB0159
:106C5000892B11F0209729F480EC94E00E94C22E39
:106C60000CC08091120D882331F085EF94E10E94D1
:106C7000482F811109C00E94692F8FEF9FEFDF918C
:106C8000CF911F910F910895AE01B80185EF94E166
:106C90000E9473198C179D0791F30E947A2F882305
:106CA00061F380EB94E0DACF2F923F924F925F92A4
:106CB0006F927F928F929F92AF92BF92CF92DF920C
:106CC000EF92FF920F931F938C017B01892B11F0A0
:106CD000672B29F488EA94E00E94C22E0CC08091B0
:106CE000120D882331F085EF94E10E94482F811125
:106CF00016C00E94692FEFEFFFEFCF011F910F9198
:106D0000FF90EF90DF90CF90BF90AF909F908F90CB
:106D10007F906F905F904F903F902F900895A701C4
:106D2000B80185EF94E10E949618FC0197FDE1CF30
:106D3000892B19F7A0912515B0912615109759F1B7
:106D400050964D915D916D917C9153971A012B0155
:106D5000612C712C430158968D919D910D90BC91A1
:106D6000A02D5C016D01E12CF12C87019501A6019C
:106D7000B701C80151016201730184010E941FEB38
:106D800009F008F4BACF0E947A2F882309F4B3CF10
:106D900089E994E0A1CFA0912715B091281510970B
:106DA00009F4ABCF2C9011963C90119712964C9011
:106DB000129713965C90139714966C9014971596EF
:106DC0007C90159716968C90169717969C9017970F
:106DD0001896AC9018971996BC9019971A96CC9063
:106DE0001A971B96DC901B971C96EC901C971D968F
:106DF000FC901D971E960C911E971F961C91B6CF66
:106E00002F923F924F925F926F927F928F929F92BA
:106E1000AF92BF92CF92DF92EF92FF920F931F93A8
:106E2000CF93DF9300D01F92CDB7DEB76B017C010B
:106E30005C834B831901DA011D921D921D921C92F5
:106E40001397F90111821082C114D104E104F104F5
:106E500009F481C046015701F1E0CF16F2E0DF06E8
:106E6000E104F10428F0812C82E0982EA12CB12CB1
:106E70009A828982B4018AEB91E10E945436881586
:106E8000990529F197FD1EC067E070E08DE899E053
:106E90000E94D31F80E00F900F900F900F90DF9112
:106EA000CF911F910F91FF90EF90DF90CF90BF9007
:106EB000AF909F908F907F906F905F904F903F909A
:106EC0002F90089566E070E087E999E0E1CF0AEB42
:106ED00011E1D8018D918D010E94C025282FEB81F1
:106EE000FC814081518162817381482E512C712C2B
:106EF000612CDB01CA0180959095A095B095841511
:106F00009505A605B705D8F48FEF9FEFDC018083C8
:106F10009183A283B383F10180819181820F911DBE
:106F200091838083C8018A5B914129813A818217CC
:106F3000930778F2C818D908EA08FB0885CF440DF2
:106F4000551D661D771DAB81BC814D935D936D937F
:106F50007C931397E0CF81E09ECF2F923F924F9288
:106F60005F926F927F928F929F92AF92BF92CF92D9
:106F7000DF92EF92FF920F931F93CF93DF9300D096
:106F800000D01F921F92CDB7DEB71C0180905D0E1E
:106F900090905E0EA0905F0EB090600E0E945A32EC
:106FA000861A970AA80AB90A67E070E08EEB99E0A2
:106FB00020E882169104A104B10408F49DC060E8A1
:106FC00070E08AEB9FE00E9454368038910509F00A
:106FD0008DC00AEB1FE018861F82812C912C540172
:106FE000712CF80181918F010E94C025880E911C9F
:106FF000A11CB11C2F813885280F311D38872F83A4
:10700000739430E87312EDCFC090CC0FD090CD0FB9
:10701000F12CE12CC092550ED092560EE092570EF4
:10702000F092580E40905D0E50905E0E60905F0E94
:107030007090600E0E945A32461A570A680A790AFE
:1070400067E070E080EA99E04C145D046E047F0410
:1070500008F452C06101EF80F8849501840140E892
:1070600050E060E070E081E00E94CA25811102C01A
:1070700080E023C06091550E7091560E8091570E9E
:107080009091580E9E012B5F3F4FAE014F5F5F4FB7
:107090000E940037882361F3ED80FE8009811A8108
:1070A0002B813C814091550E5091560E6091570EA8
:1070B0007091580E80E00E94CA2528960FB6F89469
:1070C000DEBF0FBECDBFDF91CF911F910F91FF901B
:1070D000EF90DF90CF90BF90AF909F908F907F9078
:1070E0006F905F904F903F902F90089597FF07C04B
:1070F00066E070E085EB99E00E94D31FB9CF67E0AE
:1071000070E08BEA99E0F8CF8F929F92AF92BF9296
:10711000CF92DF92EF92FF92C0905D0ED0905E0E04
:10712000E0905F0EF090600E0E945A32C61AD70AA5
:10713000E80AF90A80E8C816D104E104F10480F4F1
:1071400067E070E082E899E00E94D31F80E0FF9042
:10715000EF90DF90CF90BF90AF909F908F90089569
:1071600060E870E08AEB9FE00E9454368038910519
:1071700061F097FF05C066E070E089E799E0E4CF31
:1071800067E070E08FE699E0DFCFC090CC0FD09041
:10719000CD0FF12CE12CC092550ED092560EE092FC
:1071A000570EF092580E80905D0E90905E0EA0905B
:1071B0005F0EB090600E0E945A32861A970AA80A93
:1071C000B90A8C149D04AE04BF0428F467E070E093
:1071D00084E699E0B9CF60934D0E70934E0E809384
:1071E0004F0E9093500EC60ED71EE81EF91EC09289
:1071F000510ED092520EE092530EF092540E109215
:107200005D031092490E10924A0E10924B0E10928E
:107210004C0E1092400E0E94F52781E098CF8F927D
:107220009F92AF92BF92CF92DF92EF92FF920F9315
:107230001F934091490E50914A0E60914B0E7091F0
:107240004C0E8091550E9091560EA091570EB09114
:10725000580E481759076A077B0730F08FB7F89424
:1072600091E0909308029FC00E942C0F811528E0A6
:10727000920790F066E070E08BE599E00E94D31FE2
:1072800080E01F910F91FF90EF90DF90CF90BF9023
:10729000AF909F908F9008956FEF77E0681B790B08
:1072A00009F482C0613082E0780710F060E072E09B
:1072B000C090550ED090560EE090570EF090580E9C
:1072C0000091490E10914A0E20914B0E30914C0EB8
:1072D000CB01B0E0A0E046015701801A910AA20A52
:1072E000B30A88169906AA06BB0618F4B601601BF5
:1072F000710B8AEB91E10E94543697FF05C066E05E
:1073000070E082E599E0BACF009729F467E070E079
:1073100088E499E0B3CF20914D0330914E03EAEB1E
:10732000F1E1D901B7704191A350BB4F4C932F5F4E
:107330003F4FAF014A5B51414817590794F3092E5B
:10734000000CAA0BBB0B4091490E50914A0E609164
:107350004B0E70914C0E840F951FA61FB71F809384
:10736000490E90934A0EA0934B0EB0934C0E8FB7DC
:10737000F89430934E0320934D030091490E1091E1
:107380004A0E20914B0E30914C0E4091550E50916B
:10739000560E6091570E7091580E04171507260768
:1073A000370708F05DCF8FBF81E06BCFCF93DF93BE
:1073B0004091490E50914A0E60914B0E70914C0EC7
:1073C0008091550E9091560EA091570EB091580E87
:1073D000481759076A077B0768F40E942C0FEC01D5
:1073E0000E940F39282F8823C1F00E942C0F8C1780
:1073F0009D07F1F68091550E9091560EA091570E73
:10740000B091580E21E0892B8A2B8B2B31F00E94F2
:107410002C0F21E0892B09F420E0822FDF91CF91FE
:107420000895CF936091450E7091460E8091470E5E
:107430009091480E0E94D832C82F811109C066E091
:1074400070E083E19BE00E94D31F8C2FCF910895C1
:107450004091410E5091420E6091430E7091440E46
:107460004093550E5093560E6093570E7093580EDE
:107470008091450E9091460EA091470EB091480E16
:10748000840F951FA61FB71F8093510E9093520E25
:10749000A093530EB093540E1092490E10924A0EC0
:1074A00010924B0E10924C0E1092400E0E94F52737
:1074B0000E94D639C82F882341F281E08093400E84
:1074C000C4CF2F923F924F925F926F927F928F9292
:1074D0009F92AF92BF92CF92DF92EF92FF920F9363
:1074E0001F93CF93DF93CDB7DEB7C257D1090FB645
:1074F000F894DEBF0FBECDBF8C01E0907E0EF09001
:107500007F0E40905D0E50905E0E60905F0E70900A
:10751000600EE3964CAE5DAE6EAE7FAEE397019724
:1075200011F410E000E01092800EC8010E94F824CF
:107530000E945A326093450E7093460E8093470E18
:107540009093480E8091550E9091560EA091570E33
:10755000B091580E8093410E9093420EA093430E2B
:10756000B093440E1093750E0093740E80917E0EAE
:1075700090917F0E029709F4D7C01092610E80910E
:107580007E0E90917F0E029709F54090510E50901B
:10759000520E6090530E7090540EE3964CAE5DAE5A
:1075A0006EAE7FAEE3971092590E10925A0E109263
:1075B0005B0E10925C0E1092900310929103109249
:1075C000920310929303EE24E394F12C4090450E25
:1075D0005090460E6090470E7090480E0E9403280F
:1075E0000115110509F4E8C1C8010B97049708F4C7
:1075F000E3C1EA94EF2809F0DFC18AEB9FE0892B11
:1076000009F4DAC16091BA0F613019F0663709F0F8
:10761000D3C160937D0F81E1EBEBFFE0AEE7BFE00C
:1076200001900D928A95E1F78091CC0F9091CD0F4A
:107630009093780F8093770F4091CE0F5091CF0F9A
:1076400050937A0F4093790F2091D00F3091D10F42
:1076500030937C0F20937B0F2DE0ECECFFE0AFE844
:10766000BFE001900D922A95E1F740929C0F509255
:107670009D0F60929E0F70929F0F009709F49CC11E
:107680004A01B12CA12CB0E0A0E075016A01C80E3E
:10769000D91EEA1EFB1E31E0C316D104E306F10435
:1076A00008F08AC1840D951DA61DB71DE3964CAC4C
:1076B0005DAC6EAC7FACE397481659066A067B0654
:1076C00008F47AC1C80106978330910508F420C2F6
:1076D0000F30110509F4C9C298012950310922302F
:1076E000310508F441C625E530E00330110509F005
:1076F0003DC681E1C816D806E104F10420F0403708
:10770000514108F4A0C283E090E09093720F8093FF
:10771000710F10926E0F80E191E19093740F80933E
:10772000730F80E690E03DC08BEB9FE0892B09F45E
:107730006DC681E69EE0009709F427CFABEBBFE072
:10774000FC0182E79EE02D9121938E179F07D9F7C8
:107750001092720E41E061E181E69EE00E944128B4
:1077600081110DCF41E35BE062E170E081E69EE0D4
:107770000E94079604CF612F88E091E10E94C01318
:10778000882309F418C684E090E09093720F8093E8
:10779000710F88E091E19093740F8093730F812FA4
:1077A00090E09093760F8093750F81E080936A0F3D
:1077B0000E94C40F8093800E0E94570F882309F403
:1077C000B9C28EE79FE0892B09F4E9C0D0907B0F06
:1077D000E0907C0FB090790FC0907A0F9090770F67
:1077E000A090780FF090750F0091730F1091740FA7
:1077F0006F2DC8010E9452C2882309F4D0C00E9494
:10780000DDC2811101C081E0075B1F4F6FEA609309
:10781000D20F91E29093D30F1092D40F50ED50936A
:10782000D50F77E77093D60F21E12093D70F41E072
:107830004093D80F5093D90F4093DA0F37EE30931F
:10784000DB0F33E03093DC0F3DEE3093DD0FE0EBE8
:10785000E093DE0F9093DF0F0093E00F1093E10FA2
:107860002093E20F1092E30F5093E40F4093E50F43
:107870008093E60F1092E70F3093E80FE093E90F43
:1078800086E18093EA0F84EE8093EB0F4EE1409304
:10789000EC0F40EE4093ED0F9093EE0F1092EF0F30
:1078A0001092F00F4AE44093F10F3093F20F59E732
:1078B0005093F30F4EE74093F40F4BE44093F50FD2
:1078C0003093F60F5093F70F7093F80F33E2309325
:1078D000F90F3BEC3093FA0F34E63093FB0F38E2AC
:1078E0003093FC0F33EF3093FD0F3EE33093FE0FE8
:1078F00035E13093FF0F32E33093001040930110D5
:107900003AE0309302109093031090920410A092EA
:10791000051032E23093061042E0409307102093A6
:10792000081090930910B0920A10C0920B10309377
:107930000C1094E090930D1020930E109DEC9093FA
:107940000F109AE290931010109211109AED9093EC
:1079500012109EEF90931310109214106093151054
:1079600093ED909316108093171083EC809318106A
:10797000D0921910E0921A100E94DDC22EE73FE06B
:10798000ABE1B0E190E08111C8C1E2EEF8E1E49131
:10799000E0931B1081E0875BF81609F4F2C167E001
:1079A00070E085E69BE00E94D31F26C384159505F1
:1079B000A605B70508F019C580917E0E90917F0E3F
:1079C000029709F0CEC4AD961CAE1DAE1EAE1FAE22
:1079D000AD971092590E10925A0E10925B0E1092A3
:1079E0005C0E1092900310929103109292031092E9
:1079F00093033AEBC32E3FE0D32EF12CE12C812CE4
:107A0000912C540110E0D6018D916D010E94C0258A
:107A1000880E911CA11CB11CE80EF11C1F5F1038D0
:107A200091F7FE01E759FF4F6F019501840140E88E
:107A300050E060E070E081E00E94CA25882309F4EC
:107A4000DBC26091450E7091460E8091470E909179
:107A5000480E0E94D832882309F4CEC26091410EAC
:107A60007091420E8091430E9091440E9E012359D5
:107A70003F4FAE014F5F5F4F0E940037882309F4EC
:107A8000BBC2AF96EEACFFACAF9709811A812B81D8
:107A90003C814091410E5091420E6091430E709195
:107AA000440ECE0187599F4F6C0180E00E94CA2589
:107AB000882309F4A1C2AD968CAD9DADAEADBFAD2E
:107AC000AD978F3FEFEF9E07AE07BE0739F00196E7
:107AD000A11DB11DB695A795979587958093590ED1
:107AE00090935A0EA0935B0EB0935C0E6091450E7E
:107AF0007091460E8091470E9091480E0E94D832A8
:107B0000182F81112EC466E070E08AE49BE057C113
:107B100020E630E00530110509F05BC08EE79FE0FC
:107B200010E0892B39F00E94DDC2811101C081E093
:107B300019E4180F8FEF810F883608F03DCF412EE2
:107B4000512C712C612CD301C201885F9E4EAF4F26
:107B5000BF4FF9E0CF16F1E1DF06E104F10448F18F
:107B600088169906AA06BB0620F58091790F909198
:107B70007A0FB0E0A0E020EC520E611C711C209145
:107B8000770F3091780FAC01BD01420F531F611D7B
:107B9000711D4130504C61057105A8F4612F80E0E2
:107BA00090EC0E94C013882309F406CF87E090E090
:107BB00026C4612F88E091E10E94C0138823A9F2B6
:107BC00086E090E0E2CD84159505A605B70530F76F
:107BD000F3CE0330110509F48CCD8330910508F004
:107BE00046C0613009F0E8CEA90170E060E0405F76
:107BF0005E4E6F4F7F4FB1E1CB16DB06E104F1041F
:107C000030F084169506A606B70608F4D5CE8B503C
:107C10009D4FFC01808190E09093720F8093710FD3
:107C200080E191E19093740F8093730F8091710FB5
:107C30009091720F029711F4215F3F4F3093760FAE
:107C40002093750FB2CDA1E0CA16A0ECDA06E104CC
:107C5000F10408F0B1CE83E090E09093720F80932E
:107C6000710F81E080936E0F56CD2AE530E0A901B7
:107C700070E060E00F301105C1F0095011090230C9
:107C8000110598F05F5E6F4F7F4FF1E0CF16F1E185
:107C9000DF06E104F10458F581E090E09093720F63
:107CA0008093710F80E091E1BDCF5C526F4F7F4FA9
:107CB000A1E0CA16A4EDDA06E104F10430F084165E
:107CC0009506A606B70608F477CE8A30910560F4CB
:107CD0008B509D4FFC01808190E09093720F8093B8
:107CE000710F80E094ED9ECF90E080E0F6CF841697
:107CF0009506A606B70680F6F1E0CF16F0ECDF0693
:107D0000E104F10408F058CE82E090E09093720F05
:107D10008093710F80E090EC85CF9F5FF9014191D6
:107D20009F01E42FF0E0EE53F74EE491ED938913B9
:107D3000F4CF31CE0E94670F882309F443C068E670
:107D400070E0CE0101960E94DD148C018091750FC8
:107D50009091760F0817190709F021CE602F8091B6
:107D6000730F9091740F0E9452C2882309F417CEAA
:107D7000A8015527BE016F5F7F4F82ED9FE00E94F3
:107D800049EB0E94770F8111D2C00E94470F8111E9
:107D9000CEC00E94570F182F8111C9C060E072E059
:107DA0008AEB91E10E94DD149C01215031092F3FA3
:107DB000374008F484C067E070E080E49BE00E94F4
:107DC000D31F48C28091710F9091720F9C0128506F
:107DD00031090091730F1091740F8330910519F0E0
:107DE00023303105D0F44BEB4093BA0F1092CC0FF7
:107DF0001092CD0F1092CE0F42E14093CF0F00931F
:107E0000D00F1093D10F2330310568F180917D0F91
:107E10008093D20F8091780F2FC00E94A50F2091E0
:107E2000750F9091760F882309F43CC02093CC0FF6
:107E30009093CD0F0093CE0F1093CF0F0093D00FE0
:107E40001093D10F82ED9FE0009709F49ACFE8E3F9
:107E5000FBE0DC018AED9FE024912D9331968A1797
:107E60009B07D1F78ECF21E02093D20F8930910567
:107E7000B9F00A9799F480E28093D30F86E0EFE897
:107E8000FFE0A4EDBFE001900D928A95E1F760E676
:107E900070E08AED9FE00E94DD1473CF81E1ECCFAA
:107EA00086E1EACF2093CC0F9093CD0F0093CE0FB5
:107EB0001093CF0F0093D00F1093D10F62CFEAEB46
:107EC000F1E130E020E04191D901A350BB4F4C9348
:107ED0002F5F3F4F82179307B1F72FB7F894109297
:107EE0005C0310925B0390934E0380934D0331E04B
:107EF000309308022FBFB0E0A0E08093550E90931E
:107F0000560EA093570EB093580E8093490E90933F
:107F10004A0EA0934B0EB0934C0E1092510E10923D
:107F2000520E1092530E1092540E1092400E0E9458
:107F3000AE0F882309F4F8C13E0129E6620E711CD8
:107F4000D3011D921D921D921C9213973AEBE32EC2
:107F50003FE0F32E4AE3C42E40E1D42E10E000E0CF
:107F6000212C312C2101F70181917F010E94C02534
:107F7000280E311C411C511C080F111DCE14DF04AA
:107F800091F729823A824B825C82AF961FAF0EAF87
:107F9000AF977F926F921F921F928EE38F9380E82C
:107FA0008F931F921F928FE18F9380E48F931F9284
:107FB00082E08F931F921F9288E2882E912C98E284
:107FC000A92EB12C28ECC22E28E1D22EE12CF12CC6
:107FD000A201910160E870E080E090E00E9478D515
:107FE0000FB6F894DEBF0FBECDBF811107C08091E0
:107FF000570F863009F08AC110E02CC10E94C40FCF
:10800000882309F465C060E072E08AEB91E10E9488
:10801000DD147C01892B59F380916A0F882339F391
:108020008091750F9091760FE816F90601F7BAEB7B
:10803000CB2EB1E1DB2E10E000E0212C312C210110
:10804000C6018A5B91418E159F0560F4D6018D9122
:108050006D010E94C025280E311C411C511C080FC7
:10806000111DEECF29823A824B825C82AF961FAF00
:108070000EAFAF97B70190E080E07F926F921F92B2
:108080001F922EE32F9320E82F931F921F922FE130
:108090002F9320E42F931F921F921F9222E62F937B
:1080A000E4E18E2E912CF4E1AF2EB12CA8ECCA2E77
:1080B000A8E1DA2EE12CF12CA20191010E9478D5E1
:1080C0000FB6F894DEBF0FBECDBF882309F48FCF63
:1080D0006091450E7091460E8091470E9091480E2A
:1080E0000E94D832882309F482CF6091410E7091AA
:1080F000420E8091430E9091440E9E0123593F4FB2
:10810000AE014F5F5F4F0E940037182F882309F49C
:1081100050C0AF960EAD1FADAF9729813A814B810C
:108120005C812090410E3090420E4090430E509062
:10813000440EE091710FF091720F3697E830F1051F
:1081400008F0E2C08827E855FF4B8F4F0C94EAE90E
:108150005141514145417841B04069415D417541CE
:1081600092E080E07CE7C72E75E1D72EE12CF12C60
:1081700070E0EEE160E17F926F921F921F92EF93A9
:108180007F931F921F926F931F921F929F931F9234
:108190008F9364E1862E912C74E1A72EB12CC2013D
:1081A000B1010E9478D5182F0FB6F894DEBF0FBE2C
:1081B000CDBF6091450E7091460E8091470E909113
:1081C000480E0E94D832882309F411CF112309F4F4
:1081D0000ECF0E94570FD3014D915D916D917C910F
:1081E000882389F0403EBCEF5B07BFEF6B077B073E
:1081F00008F0FDCE405E5C4F6F4F7F4FF301408330
:10820000518362837383F30180819181A281B38161
:108210008F3FFFEF9F07AF07BF0739F00196A11D02
:10822000B11DB695A795979587958093590E909314
:108230005A0EA0935B0EB0935C0E0E94470F811103
:108240008BC00E94570F811187C081E090E00E948F
:108250003A0E11E0812FCE58DF4F0FB6F894DEBFF3
:108260000FBECDBFDF91CF911F910F91FF90EF9087
:10827000DF90CF90BF90AF909F908F907F906F9046
:108280005F904F903F902F90089592E080E0FCE740
:10829000CF2EF5E1DF2EE12CF12C70E0E5E16CE072
:1082A0006ACF92E080E06CE7C62E65E1D62EE12C25
:1082B000F12C70E0E4E16AE05ECF90E082E6B7EE98
:1082C000CB2EBBE2DB2EE12CF12C70E0E4E262E18C
:1082D00052CF90E082E6AAE1CA2EABE3DA2EE12C7F
:1082E000F12C70E8E9E16EE046CF90E082E6CFCF76
:1082F00092E080E0ECE7CE2EE5E1DE2EE12CF12CE1
:1083000070E0EAE16DE037CF10E053CF80917E0E50
:1083100090917F0E029729F48CE59BE067E070E076
:1083200042CB83E59BE0FACF80917E0E90917F0E49
:108330001092590E10925A0E10925B0E10925C0E13
:10834000029709F07ACF1092900310929103109245
:1083500092031092930371CF0E94113A811175CF4D
:108360004BCE0E94D639FACF2AE530E00430110511
:1083700009F0D0CB11E54115504108F413E50E94F6
:108380008D0F180F1F5F412E512C712C612CD301C2
:10839000C201885F9E4EAF4FBF4F39E0C31631E137
:1083A000D306E104F10408F4E6C988169906AA0682
:1083B000BB0608F0E0C98091790F90917A0FB0E088
:1083C000A0E040EC540E611C711C2091770F30919D
:1083D000780FAC01BD01420F531F611D711D41306B
:1083E000504C6105710508F0E1CA612F80E090EC06
:1083F0000E94C013882309F4DFCA85E090E09093BF
:10840000720F8093710F80E090ECC5C981E69EE009
:10841000892B09F0A7C9B9C80F931F93CF930E9466
:108420004012811528E0920758F066E070E084E081
:1084300097E00E94951F80E0CF911F910F910895C2
:108440006FEF77E0681B790BC9F0613082E0780745
:1084500010F060E072E08AEB91E10E94543697FFE1
:1084600005C066E070E08AEF96E0E3CF009741F444
:108470008FB7F89491E0909341028FBF81E0DCCFF9
:108480002091270E3091280EEAEBF1E1D901B77067
:108490004191A350BB4F4C932F5F3F4FAF014A5BBD
:1084A00051414817590794F3092E000CAA0BBB0B36
:1084B0004091160E5091170E6091180E7091190E82
:1084C000840F951FA61FB71F8093160E9093170E4B
:1084D000A093180EB093190ECFB7F8943093280ECE
:1084E0002093270E0E945A3200911A0E10911B0EF3
:1084F00020911C0E30911D0E6017710782079307A3
:1085000018F081E080934102CFBFB8CFCF93DF93C3
:10851000EC01892B49F488E494E00E94C22EC0E06B
:108520008C2FDF91CF9108950E947A2F8823B9F381
:1085300085EF94E10E94482F882321F085EF94E194
:108540000E94CDCF42E3BE0185EF94E10E94F82E58
:10855000C82F811109C00E947A2F882301F384E378
:1085600094E00E94C22EDCCF85E494E0FACFCF9352
:10857000DF93EC01892B49F48BE294E00E94C22E38
:10858000C0E08C2FDF91CF9108950E947A2F88232D
:10859000B9F385EF94E10E94482F882321F085EFFD
:1085A00094E10E94CDCF40E0BE0185EF94E10E94AE
:1085B000F82EC82F811109C00E947A2F882301F359
:1085C00089E194E00E94C22EDCCF88E294E0FACFE9
:1085D000CF93DF93EC012C96CE010E94482F882385
:1085E00019F0CE010E94CDCFDF91CF910C947A2F5C
:1085F000DC01D096ED91FC91D197309739F09081C4
:10860000907D81E0911101C080E00895D296ED91B6
:10861000FC913097C9F394A59075F3CF8F929F92F8
:10862000AF92BF92CF92DF92EF92FF920F931F9380
:10863000CF93DF937C018B01EA0188E4DA011D927C
:108640008A95E9F76701BCE0CB0ED11CBA01C601DF
:108650000E942DC0FE01EF5BFF4F21E0009709F063
:1086600020E020831FAE892B39F44BE054E060E416
:1086700070E0CE010E941B96C6010E94F842FE01E6
:10868000E05CFF4F8083D701DC96ED91FC91DD9794
:108690003097E1F0808C918CA28CB38CFE01EE5B64
:1086A000FF4F80829182A282B382CA5BDF4F19831F
:1086B0000883DF91CF911F910F91FF90EF90DF9092
:1086C000CF90BF90AF909F908F900895DE96ED91E0
:1086D000FC91309729F080849184A284B384DECF0A
:1086E000812C912CA12CB12CD9CF8EBD00000DB4C2
:1086F00007FEFDCF8EB508958CBD9DBD0895CF9228
:10870000DF92EF92FF920F931F93CF93DF931F920D
:108710001F92CDB7DEB7182F0E94C92E11110BC0C2
:108720008091120D882339F00E947A2F182F88E04B
:1087300094E011110AC10E94562F1092120D8AEF77
:1087400093E00E94C22E61E085E30E94D5C30E949F
:10875000949382E590E00E947C431AE08FEF0E94A0
:1087600075431150D9F71092981710929B171092D9
:108770009C1710929D1710929E1710929A1785E3DE
:108780008093991761E00E9410C561E0809199176C
:108790000E94D5C382E580939117109292170E9490
:1087A000949381E0809398178FE897E10E94AAC77D
:1087B00061E0809199170E94D5C31AE00E9460C7BA
:1087C0001150E1F760E0809199170E94D5C30E9493
:1087D0006AC66053784F7A83698320E030E0A9014C
:1087E00060E08FE897E10E942EC8082F8130C1F128
:1087F000CE0101960E94DEC7882379F381E0809341
:108800009A178FE897E10E9463C78FE897E19093EA
:108810008E1780938D17892BA1F080919A17811163
:1088200010C061E08FE897E10E940DCD811182C0F8
:1088300060E080918D1790918E170E940DCD81116F
:1088400079C00E94692F10E0812F0F900F90DF9167
:10885000CF911F910F91FF90EF90DF90CF900895EF
:108860002AEA31E040E050E068E08FE897E10E94BA
:108870002EC882FD11C014E00E9460C780939D172E
:108880001150D1F78A3A29F1CE0101960E94DEC734
:10889000882331F386E0B3CF11E0C12CD12C7601CF
:1088A00020E030E0A90167E38FE897E10E942EC83D
:1088B000A701960169E28FE897E10E942EC88823FC
:1088C00079F0CE0101960E94DEC7882349F387E143
:1088D00096CF12E0C12CD12CE12C80E4F82EE0CF11
:1088E0001230C9F420E030E0A9016AE38FE897E193
:1088F0000E942EC8882311F082E181CF0E9460C7B8
:10890000807C803C09F413E00E9460C70E9460C72D
:108910000E9460C7012F8FE897E10E9463C780E53E
:108920008093911781E08093921700939E17809314
:1089300097176BCF81E08093120D0E947A2F182F2A
:10894000882309F481CF87EF93E00E94C22E0E9412
:1089500051197ACF80FF05C0749A81E08093E814A2
:10896000089574981092E8140895CF93C62FAC011F
:1089700061E170E088E59FE00E941B96C093570F6D
:1089800080E0CF910C94AA442F923F924F925F9235
:108990006F927F928F929F92AF92BF92CF92DF920F
:1089A000EF92FF920F931F93CF93DF93CDB7DEB774
:1089B00063970FB6F894DEBF0FBECDBF8C017B016D
:1089C00020913E0E30913F0E3B8B2A8B390132E0D5
:1089D000631A71088090550EB090560EA090570EF5
:1089E0009090580E809158038B8720904F033090C1
:1089F00050032A893B89215031093D872C878A8978
:108A00009B89039709F44AC080910902282F30E01E
:108A10003A87298780910A02282F30E038872F83F0
:108A200080910B02282F30E03E832D8380910C0231
:108A3000282F30E03C832B8380910D02282F30E0DB
:108A40003A83298330910E02388B80910F02898BF3
:108A50004090710F5090720F909110029E8720915C
:108A600011022F87E0916003F0916103EE30F10570
:108A700008F055C28827E05CFA4B8F4F0C94EAE966
:108A800053457A459745DA45EF451C467B469C465B
:108A9000A746CD46E146E8462347684782E090E096
:108AA0009A878987B7CF8A899B8981309105C9F0D8
:108AB0000397D1F49BE049165104C9F097EE8BE27D
:108AC0002CE04216510411F09CE785E190935E037F
:108AD00080935F0381E090E0909361038093600353
:108AE000C1CF9E858F85F2CF98898989EFCF9AE192
:108AF0008BE3ECCFC0905E03D0905F03C114D10430
:108B000009F068C02A893B8999818A812130310521
:108B100039F094E180E02330310511F09B818C81A4
:108B200090935E0380935F0382E090E0D5CFC09086
:108B30005E03D0905F03C114D104A9F42A893B8954
:108B40009D818E812130310539F094E180E0233020
:108B5000310511F09F81888590935E0380935F03B8
:108B600083E090E0B9CFB701C8010E947D0E91E08B
:108B7000C91AD108D0925F03C0925E03DD24D3945A
:108B80008D2D63960FB6F894DEBF0FBECDBFDF917B
:108B9000CF911F910F91FF90EF90DF90CF90BF90FA
:108BA000AF909F908F907F906F905F904F903F908D
:108BB0002F900895C0905E03D0905F03C114D1043C
:108BC00049F429853A8530935F0320935E0384E05E
:108BD00090E082CFB701C8010E94DD0EC8CFC090DF
:108BE0005E03D0905F03C114D10409F0BCCF2A8981
:108BF0003B8921303105C9F032E063167104B8F0C9
:108C000030E020E090E080E030935403209355035F
:108C1000909356038093570310925303109252037C
:108C20001092590385E090E057CF30E8EACF382D15
:108C30002B2D9A2D892DE8CF409154035091550347
:108C400060915603709157034115510561057105F7
:108C500049F41092590328E030E0309361032093E7
:108C6000600300CF8A899B89019711F580915D038C
:108C700087FD3AC0E0915D0381E08E0F80935D0334
:108C8000F0E0E654F04F8081809351034150510948
:108C9000610971094093540350935503609356033F
:108CA0007093570388E080935A0326E030E0D5CFD5
:108CB00092E069167104C0F480915B0390915C03AB
:108CC00020914D0330914E038217930769F0FC0108
:108CD000F770E350FB4F208120935103019690934E
:108CE0005C0380935B03D2CF65E070E081EA9BE098
:108CF0000E94B54439C1D0905A03D11003C087E017
:108D000090E0EACE80915103B70187FF56C0C801B9
:108D10000E947D0E8091520390915303019690938F
:108D200053038093520380915103880F8093510322
:108D3000DA94D0925A0322CFB701C8010E947D0E67
:108D400085E090E0909361038093600317CF80915A
:108D50005903823080F00E94DD11882349F082E6B9
:108D600090E090935F0380935E032BE030E075CF3B
:108D700082E090E0F6CF909152032091530381114D
:108D800001C0922F909351038F5F8093590388E025
:108D900080935A0389E090E09FCED0905A03D1107F
:108DA00003C02AE030E059CF80915103B70187FF1B
:108DB00004C0C8010E947D0EB6CFC8010E94DD0E1E
:108DC000B2CFB701C8010E947D0E88E090E0BACF13
:108DD000C0905E03D0905F03C114D10469F53B8558
:108DE000332311F121143104F9F080912D0E8111FA
:108DF0001BC08C859D850297B8F481E080932D0E71
:108E000030925F0320925E032CE030E030936103E8
:108E1000209360032A893B892130310541F4109267
:108E20005D0380932B0E1ECE8DE090E055CE109208
:108E30002B0E80932C0E16CE0E94DD11B7018823D5
:108E400009F492CEC8CEC0905E03D0905F03C114E7
:108E5000D10441F0B701C8010E94DD0E21E0C21A21
:108E6000D10888CE8A899B89029759F4D0902B0E1D
:108E7000D11029C065E070E086E99BE00E94B5440E
:108E80007FCE2A893B8921303105D9F031E0631644
:108E90007104C9F030E020E090E080E030935403AA
:108EA00020935503909356038093570310925303D6
:108EB00010925203109259031092510310925A03C8
:108EC000B1CE30E8E8CF382D2B2D9A2D892DE6CF65
:108ED00080913E0E90913F0E8230910529F50E94BF
:108EE000ED11D82E882311F081E03CC04091510E45
:108EF0005091520E6091530E7091540E80915D0E00
:108F000090915E0EA0915F0EB091600E48175907C8
:108F10006A077B0748F382E080932E0E31CE67E02C
:108F200070E08CE89BE0E4CE0397F1F680917E0E32
:108F300090917F0E0297A9F44091510E5091520EDC
:108F40006091530E7091540E80915D0E90915E0E63
:108F5000A0915F0EB091600E481759076A077B0712
:108F600018F282E080932E0ED12C0ACECF93DF939D
:108F700000D01F92CDB7DEB7BE016D5F7F4FCE012F
:108F800001960E94C444882339F14B815C81698138
:108F90007A819A01260F371F9091340E911101C0EA
:108FA000AB014115510511F441E050E0223031058B
:108FB00010F422E030E021503109309399002093E1
:108FC000980050939B0040939A0050934302409323
:108FD000420291E09093310E0F900F900F900F90FE
:108FE000DF91CF910895CF93C0916A0F81E499E00A
:108FF000CC23F9F0C0916B0FC1111DC08091710F8E
:109000009091720F04970297B8F50E94BB1381E00C
:109010000E94AA4460919C0F70919D0F80919E0FB9
:1090200090919F0F0E94D832C82F811107C089E309
:1090300099E00E94391F8C2FCF9108951092A00FB4
:109040001092A10F1092A20F1092A30F10926C0F0A
:1090500010926D0F1092A40F1092A50F1092A60FF0
:109060001092A70F84E090E09093700F80936F0FA1
:1090700081E080936B0FDFCF60919C0F70919D0F0B
:1090800080919E0F90919F0F0E94D832C82F81E34C
:1090900099E0CC2371F21092A00F1092A10F1092C0
:1090A000A20F1092A30F10926C0F10926D0F1092DE
:1090B000A40F1092A50F1092A60F1092A70F81E097
:1090C00080936B0F0E94BB138091710F9091720F70
:1090D0000397A1F480E00E94AA440E946AC66093AC
:1090E000A40F7093A50F8093A60F9093A70F81E014
:1090F00090E09093700F80936F0F9DCF81E0EBCF46
:10910000982F8091240E811105C081E019162CF052
:1091100080E003C081E01916DCF30C94AA4480912E
:10912000000186958170089580931202682F82E174
:109130000C94D5C30E9409C40E94562F81E08093ED
:1091400041021092260E10922A0E1092290E1092B1
:10915000280E1092270E1092230E1092220E1092BB
:10916000210E1092200E10921F0E10921E0E1092C1
:109170001A0E10921B0E10921C0E10921D0E1092C1
:10918000160E1092170E1092180E1092190E0C94C3
:109190009448882329F0109A81E08093050E089561
:1091A000109880E0FACF809171008A7F80937100DF
:1091B000109290001092910085E088BB8091690F19
:1091C000833011F41092690F80E00C94C948FF922B
:1091D0000F931F93CF93DF9300D01F92CDB7DEB7CD
:1091E000FFB6F894BE016D5F7F4FCE0101960E94DD
:1091F000C444882309F46EC080913E0E90913F0EC6
:1092000010E0039719F40E94470F182F0091800E69
:109210004B815C8129813A81CA01820F931F823080
:10922000910510F482E090E0602F61276093340E86
:1092300001139A012115310511F421E030E030933A
:1092400045022093440221E030E030934302209312
:1092500042021092310E2093330E1092320E109271
:109260002E0E209171002A7F2093710010929000A1
:1092700010929100019790939900809398008091AB
:1092800044029091450290939B0080939A008091B4
:10929000980090919900909395008093940085E0B8
:1092A00088BB81E0011380E00E94AA44011325C01D
:1092B00010E282E08093690F81E00E94C948136048
:1092C000109390008091710084608093710089E117
:1092D00080939100FFBE8091570F823081F480917E
:1092E0003D0E91E089270F900F900F900F90DF9126
:1092F000CF911F910F91FF90089510E3DACF80E096
:10930000F2CFCF930E94570FC82F8823F1F080919E
:109310003E0E90913F0E0397C1F4809160039091AF
:109320006103892B91F48091380E81110CC00E9449
:1093300003C481E08093380E0E946AC67093370E92
:109340006093360E8C2FCF910895CF910C94E748FF
:109350001F93CF93DF938091570F813031F080912D
:10936000570FC0E0833009F053C082E08093570F5D
:1093700080913E0E90913F0E049719F080E00E947C
:109380009448C091350ECC2309F447C010923C0E8E
:1093900081E090912F0E911101C080E00E94AA44BB
:1093A0001FB7F8948091300ED0E0882329F0809187
:1093B000340ED0E28111D0E382E08093690F81E026
:1093C0000E94C94885E088BBD360D093900080910B
:1093D00071008A7F809371008091300E882329F07C
:1093E000809171008460809371008091330E882396
:1093F00021F08091320E882329F0809171008160E4
:109400008093710089E1809391001092350E1FBF07
:109410008C2FDF91CF911F91089580913E0E9091F6
:109420003F0E049751F40E94F347C82F8111F0CFEB
:1094300089EA9FE00E94F5C2EBCFDF91CF911F91A7
:109440000C948149909171009A7F909371001092D1
:1094500090001092910095E098BB9091690F923026
:1094600011F41092690F1092330E1092320E109276
:10947000310E0E94AA4480E00C94C9481F920F92BA
:109480000FB60F9211240BB60F922F933F934F9369
:109490005F936F937F938F939F93AF93BF93CF937C
:1094A000EF93FF938091690F823009F06AC0809139
:1094B000570F823021F080E00E94224A1DC00E9496
:1094C000320E8091320E8823A9F1C0912E0EC13048
:1094D00039F580913E0E90913F0E019709F50E945B
:1094E000670F8823E9F010922E0E81E00E94224A35
:1094F000C130D1F4C0933D0EFF91EF91CF91BF9158
:10950000AF919F918F917F916F915F914F913F911B
:109510002F910F900BBE0F900FBE0F901F901895BC
:1095200010922E0E80E0E2CFC23031F784E08093BB
:10953000570FE2CF8091310E811107C067E070E0D4
:1095400083E89BE00E94B544B6CF8091420290919F
:10955000430290934502809344021092310E0E9480
:10956000B6478111C9CF80912E0E882309F4A3CF6D
:1095700081E08093320E809171008560809371004C
:10958000BBCF809171008E7F8093710081E088BB9A
:10959000B3CF809171008B7F809371001092900007
:1095A0001092910084E088BB8091690F813011F4A2
:1095B0001092690F80E00C94C9481F920F920FB669
:1095C0000F9211240BB60F922F933F934F935F93FB
:1095D0006F937F938F939F93AF93BF93CF93EF93AB
:1095E000FF938091690F823009F45FC0833009F4E2
:1095F0008DC0813009F0AFC18091260E8230B1F06C
:109600000E94C94AFF91EF91CF91BF91AF919F9175
:109610008F917F916F915F914F913F912F910F901B
:109620000BBE0F900FBE0F901F9018958091220EC9
:109630009091230E009739F01092230E1092220E73
:109640000E94A21FDFCF2091290E30912A0E809117
:10965000270E9091280E2817390791F0F901F7701D
:10966000E350FB4FC0818C2F2F5F3F4F30932A0E6A
:109670002093290EC11113C08FE70E941112E0CF71
:109680000E94C94A80E00E94AA4480914102882336
:1096900021F084E08093260EB5CF85E0FBCFC7FD97
:1096A000C1950E9480488C2FE8CF8091570F82305F
:1096B00009F0A8CF0E94320E8091330E882301F169
:1096C000C1E0C8BB1092330E0E94B647882331F028
:1096D0008091710081608093710094CF80912E0EF3
:1096E000882351F0C093320E809171008560809381
:1096F00071000E943A0F86CF80E00E94224A82CFFA
:109700008091320E882309F47DCFF3CF8091C60378
:10971000823019F00E94D34875CFE091C103E15027
:10972000E83008F0B1C0F0E08827E656F44B8F4FE0
:109730000C94EAE9A24BAD4BD34BDE4BF14BFC4B07
:10974000474C834C81E00E94AA4482E08093C1038D
:10975000809194039091950323C080911A02909177
:109760001B020E94B30D80919E0390919F0300976E
:1097700029F0019790939F0380939E0380E00E94BD
:10978000AA4480919E0390919F03892B11F081E060
:10979000DDCF83E08093C10380919603909197037E
:1097A0000E94A21F2FCF81E00E94AA4484E08093F0
:1097B000C1038091980390919903F2CF8091180290
:1097C000909119020E94B30D80E00E94AA440E9469
:1097D00032B190931D0280931C0225E02093C103B7
:1097E000DFCF81E00E94AA4486E08093C10380918C
:1097F0001C0290911D02D4CF809116029091170205
:109800000E94B30D8091260290E0959587958093F4
:109810002602892BC9F68091A7039091A80301968F
:109820009093A8038093A7032091A9033091AA03E2
:109830008217930728F080E00E94AA4487E086CF31
:109840008091C4039091C50326EA33E0232BB9F03D
:109850002091C2033091C3038217930781F0FC016A
:10986000F770E350FB4F20812093A603019690935D
:10987000C5038093C40380E880932602A5CF80911E
:109880002702882309F44DC087E090E04CC0809106
:109890001402909115020E94B30D80911E0288233C
:1098A00059F00E94D34880E00E94AA441092C1035C
:1098B00084E08093C603A6CE80E00E94C94881E080
:1098C0008093C0031092BF038091A003811112C046
:1098D0008DE590E09093BA038093B90380E29EE413
:1098E0009093B8038093B70388E08093C1030E94EC
:1098F000BDBD88CE8AE091E09093BA038093B9030E
:1099000080E49CE9EDCF8091B5039091B6030E946D
:10991000B30D0E94BDBD811175CE8091BF03811131
:1099200005C085E090E00E9425B16CCE40911F02F9
:109930006091A1038091A2039091A3030E9483AF41
:109940001092BF031092C00381E00E94C94880E0DA
:109950000E94AA441CCF809171008B7F809371007C
:1099600084E088BB4FCE1F93CF93DF931FB7F8944B
:1099700010928500109284008091D7049091D804B1
:109980000197909389008093880010928000C1E82D
:10999000D0E088E0888382E086BB8093CD0481E0BC
:1099A0000E94C948EFE6F0E080818260808389E010
:1099B00088831FBF81E0DF91CF911F9108951F928F
:1099C0000F920FB60F9211240BB60F922F933F9365
:1099D0004F935F936F937F938F939F93AF93BF93B7
:1099E000EF93FF938091CD04823001F180916F005D
:1099F0008D7F80936F001092810086E08093CD046C
:109A000080E00E94C948FF91EF91BF91AF919F9173
:109A10008F917F916F915F914F913F912F910F9017
:109A20000BBE0F900FBE0F901F90189580910301F1
:109A300080FF0DC09091D1048091D20421E030E0EC
:109A400001C0220F9A95EAF7822B8093D20480916D
:109A5000D1048F5F8093D1048091D104883041F587
:109A60002091D2048091DB049091DC044091DD04CC
:109A70005091DE04BC01641B750BAB014F3F574096
:109A800048F080916F008D7F80936F00109281006D
:109A900084E0B4CFFC01F770E350FB4F20830196C4
:109AA0009093DC048093DB041092D2041092D104D2
:109AB0002091D7043091D8048091D3049091D4049C
:109AC0004091D5045091D604840F951F4091D9043C
:109AD0005091DA048417950720F0841B950B2F5FB3
:109AE0003F4F9093D4048093D30421503109309395
:109AF00089002093880087CFCF93CFB7F8948091C7
:109B00006F008D7F80936F00109281001092800013
:109B100082E086BB9091D2048091D1041092D2044D
:109B20001092D104882339F09093D0048093CF040D
:109B300081E08093CE048091CD04843011F01092A6
:109B4000CD0480E00E94C948CFBFCF9108951F92F5
:109B50000F920FB60F9211240BB60F922F933F93D3
:109B60004F935F936F937F938F939F93AF93BF9325
:109B7000EF93FF9380918F03823029F180917100E0
:109B80008D7F8093710088E0809391001092900007
:109B900082E088BB80E00E94C94887E080938F0301
:109BA000FF91EF91BF91AF919F918F917F916F91B5
:109BB0005F914F913F912F910F900BBE0F900FBE71
:109BC0000F901F9018958091850381111FC080917F
:109BD000DF049091E0042091FE0C3091FF0C82177D
:109BE000930709F44EC0FC01F770E350FB4F40812E
:109BF00040938603409133020196411137C0909300
:109C0000E0048093DF0488E08093850380918603DD
:109C1000282F30E035952795209386039091850372
:109C200091509093850381700E94AA4420918B03E8
:109C300030918C0380918703909188034091890330
:109C400050918A03840F951F40918D0350918E038C
:109C500084179507D8F59093880380938703215044
:109C6000310930939900209398009ACF281739072B
:109C700031F680912E023093E0042093DF048111AD
:109C8000C3CF809171008D7F8093710088E08093B5
:109C900091001092900082E088BB80E00E94C94849
:109CA00080E00E94AA4480913302882369F02091C9
:109CB000DF043091E0048091FE0C9091FF0C281796
:109CC000390711F484E06ACF85E068CF841B950BD7
:109CD0002F5F3F4FC0CFCF93CFB7F894109295002E
:109CE0001092940082E088BB1092900080938F03C2
:109CF00081E00E94C948E1E7F0E0808182608083D2
:109D000089E080939100CFBFCF91089580E00C94BB
:109D1000C9480F931F93CF93DF938C01C62FDFB7F2
:109D2000F8940E94D348DFBF0E9403C40E94864E6D
:109D30000E94562FA80161E170E088E59FE00E9433
:109D40001B968FB7F8941092C103C093C6038FBFC0
:109D5000DF91CF911F910F910895CF93DF93C09121
:109D6000970ED091980E2297AC0161E170E081E8E6
:109D70009EE00E941B960E9423140E94864E84E05F
:109D800090E09093980E8093970E229720F40E9473
:109D9000ED11882329F081E0DF91CF910C94944854
:109DA000DF91CF910895CF93DF93C091970ED0911B
:109DB000980E22970097F9F481E89EE0009731F021
:109DC0004EE65CE061E170E00E9407960E94231479
:109DD0000E94864E84E090E09093980E8093970EB8
:109DE000229720F40E94ED11882379F081E0DF9121
:109DF000CF910C94944840E150E0BC0181E89EE092
:109E00000E9470EB1092910EE1CFDF91CF910895F7
:109E1000CF93DF938091970E9091980E039791F4D2
:109E20008091A10E9091A20E8630910509F05DC03F
:109E30000E943B13039781F00E943B130E940F0E78
:109E40000E94AD4E83E090E09093FF0E8093FE0E53
:109E500080E0DF91CF91089520918B0330918C03A6
:109E600080918703909188034091890350918A03E0
:109E7000840F951F40918D0350918E038417950791
:109E800020F0841B950B2F5F3F4F909388038093A6
:109E900087032150310930939900209398000E9444
:109EA0006B4E8091A10E9091A20E029719F480E062
:109EB0000E94F31F0E94801482E090E09093980E1D
:109EC0008093970E81E090E09093FF0E8093FE0EBA
:109ED0000E94E0241092FC0E8091F30E9091F40EFB
:109EE000892B09F480C081E0B4CF9C012150310955
:109EF0002330310548F40E94A8498111D2CF88E56A
:109F00009FE00E94D34E9ECF0797B1F59091C60374
:109F10009330A9F7CFB7F894809171008A7F80932E
:109F20007100109290001092910010929500109282
:109F3000940085E088BB82E08093C6039093690F0C
:109F40009091C10381E0983009F480E00E94C948F3
:109F500081E0809391008091A4039091A5030E94D9
:109F6000A40D1092A5031092A40380917100846047
:109F700080937100CFBF95CF8091260E833009F07A
:109F8000BECFDFB7F8941092950010929400109213
:109F90009000C1E0C093910084E088BB82E0809390
:109FA000260E81E00E94C94880911E0E90911F0EDE
:109FB0009093230E8093220E10921F0E10921E0E6D
:109FC000C093690F8091200E9091210E0E94A40DE4
:109FD0001092210E1092200E809171008460809367
:109FE0007100DFBFC8CF0E940612882309F47BCF1F
:109FF00091E09093FC0E2DCF2FB7F89490917100C3
:10A000009A7F90937100109290001092910095E0C9
:10A0100098BB9091690F923011F41092690F1092D1
:10A02000330E1092320E1092310E2FBF81110E940A
:10A0300003C40C94864E81E00E94FC4F0E94562F70
:10A040000E94F5271092570F10923F0E10923E0E6D
:10A0500010923D0E10923C0E10923B0E10923A0E52
:10A060001092390E1092380E1092370E1092360E52
:10A070001092350E1092340E1092330E1092320E52
:10A080001092310E1092300E10922F0E81E090E05F
:10A09000909345028093440290934302809342023E
:10A0A00010922E0E10927D0E10927C0E10927B0E4E
:10A0B00010927A0E809346021092790E1092780ECA
:10A0C0001092770E1092760E1092750E1092740EFA
:10A0D0001092730E1092610E10925D0E10925E0E31
:10A0E00010925F0E1092600E1092590E10925A0E3E
:10A0F00010925B0E10925C0E1092800E90E080E049
:10A100000E94F8241092550E1092560E1092570E7F
:10A110001092580E1092510E1092520E1092530E31
:10A120001092540E10924D0E10924E0E10924F0E31
:10A130001092500E1092490E10924A0E10924B0E31
:10A1400010924C0E1092450E1092460E1092470E31
:10A150001092480E1092410E1092420E1092430E31
:10A160001092440E1092400E10922D0E10922C0E52
:10A1700010922B0E0E94032881E00C9494489FB704
:10A18000F894EFE6F0E080818D7F8083109281006B
:10A190001092800082E086BB9FBF0C94864E2FB742
:10A1A000F894909171009D7F9093710098E0909346
:10A1B00091001092900092E098BB2FBF81110E94F5
:10A1C00003C40C94864E81E00E94CF508FB7F89460
:10A1D00010928F0310928603109285038FBF08950B
:10A1E0000E94864E0E94E3500E942DB50E949A481C
:10A1F0000E941B500E945CBD81E00E949448109216
:10A20000930E1092940E1092950E1092960E10923C
:10A210009A0E1092990E0E94E01F1092920E1092C8
:10A22000980E1092970E08958091970E9091980E27
:10A23000029711F080E008958091A10E9091A20EF6
:10A240008630910591F40E943B13049799F70E9480
:10A25000E3500E94691481E08093920E81E090E0C7
:10A260009093980E8093970E08959C012150310988
:10A270002330310588F49FB7F8948091570F9FBF22
:10A280008430C1F68091A10E9091A20E029709F739
:10A2900080E00E94F31FDDCF079729F40E947CAF76
:10A2A000049741F6D6CF9FB7F8948091260E9FBFB2
:10A2B000843009F0BFCFCDCFCF93DF93EC01FE0107
:10A2C00064912196662329F08FE997E10E940AC5DF
:10A2D000F6CFDF91CF910895CF92DF92FF920F9347
:10A2E0001F93CF93DF9300D000D01F921F92CDB762
:10A2F000DEB7853608F084E628E0829FC00111248D
:10A30000C29664E670E00E94B4E9F62E80913402B1
:10A31000861711F18E010F5F1F4FF80180E098E062
:10A32000961B20E0891708F02FE121938F5F88307A
:10A33000C1F788E40E94B7C4680188E0C80ED11C48
:10A34000F80161918F018FE997E10E940AC5C0165B
:10A35000D106B1F7F092340228960FB6F894DEBF1A
:10A360000FBECDBFDF91CF911F910F91FF90DF9076
:10A37000CF9008950C94BDC48091F00E882351F0C5
:10A380006091E70E87EA9EE00E9442B2811102C00E
:10A390000E948DB410923B0F10923A0F0C94BA5158
:10A3A000AF92BF92CF92DF92EF92FF920F931F93E3
:10A3B000CF93DF93CDB7DEB7AE970FB6F894DEBF7D
:10A3C0000FBECDBF8B017E0123E2E20EF11CAC017A
:10A3D0006CE070E0C7010E941B96FF92EF928EEE38
:10A3E00096E09F938F931F9281E18F93CE01019608
:10A3F0006C019F938F930E9430940E94BA51B601D2
:10A4000080E00E94FD9363EE76E081E00E94DC979D
:10A410000FB6F894DEBF0FBECDBF0E94C9BE0817AD
:10A42000190758F4801B910B4E9760F464E170E0BB
:10A4300080E090E00E9412C6F0CF9801281B390BF3
:10A44000C901F2CF6AEF70E080E090E00E9412C68E
:10A450000E9444C65C01BF928F938BED96E09F9360
:10A460008F931F9281E18F936E0132E1C30ED11C55
:10A47000DF92CF920E943094B70180E00E94FD935A
:10A48000B60181E00E94FD936CEB72E080E090E009
:10A490000E9412C66FEC76E080E00E94DC9767ECC9
:10A4A00076E081E00E94DC970FB6F894DEBF0FBE25
:10A4B000CDBF0E94C9BE0817190758F4801B910B25
:10A4C000459760F064E170E080E090E00E9412C681
:10A4D000F0CF9801281B390BC901F2CF68EC70E06E
:10A4E00080E090E00E9412C6C501AE960FB6F894C7
:10A4F000DEBF0FBECDBFDF91CF911F910F91FF90B7
:10A50000EF90DF90CF90BF90AF9008950F931F937F
:10A51000CF93DF93CDB7DEB72C970FB6F894DEBF9D
:10A520000FBECDBFFC0100811181011584E0180729
:10A5300008F04EC0A281B381A11584E0B80708F0ED
:10A5400047C064817581611584E0780708F040C0D8
:10A5500046815781411584E05807D0F52085318523
:10A56000211584E03807A0F5828593858115E4E004
:10A570009E0770F51A830983BC83AB837E836D834A
:10A5800058874F833A8729879C878B87FE013196AE
:10A5900020E02F5FBF016E5F7F4FDB01322F36302F
:10A5A00079F08D919D91408151818417950768F4D0
:10A5B0008A01081B190BC801449750F03F5FEFCF89
:10A5C000FB01263031F781E004C0841B950BF4CFEA
:10A5D00080E02C960FB6F894DEBF0FBECDBFDF91A2
:10A5E000CF911F910F9108950E94C9BE9C01409187
:10A5F0003502509136024817590708F05AC0BC017D
:10A60000641B750BAB0180913D0290913E02821755
:10A61000930708F051C0F901E81BF90BCF0184172B
:10A62000950708F04CC0AC0184E090E060913702DF
:10A63000709138026217730708F044C0F901E61BF5
:10A64000F70BBF016417750718F4AB0181E090E0C8
:10A650006091390270913A0262177307B0F5F901FF
:10A66000E61BF70BBF016417750718F4AB0182E016
:10A6700090E060913B0270913C026217730740F5D5
:10A68000F901E61BF70BBF016417750718F4AB015E
:10A6900083E090E060913F0270914002621773077F
:10A6A000D0F4261B370B2417350710F485E090E013
:10A6B0000895481B590BA7CF821B930BB0CF90E096
:10A6C00080E0B4CF621B730BBDCF621B730BCBCF8B
:10A6D000621B730BD9CFFB01E21BF30B9F01E3CF8E
:10A6E000CF92DF92EF92FF920E946AC66B010E94A6
:10A6F000F4522091120E3091130E2817390741F0B1
:10A700009093130E8093120ED0920F0EC0920E0EE5
:10A7100020910E0E30910F0EA601421B530B4431B7
:10A72000510508F45BC02091100E3091110E2817CE
:10A73000390709F453C09093110E8093100E211520
:10A74000310541F5009709F449C090930D0E8093AF
:10A750000C0ED0920B0EC0920A0ED092090EC0922F
:10A76000080E1092070E1092060E9C01215031091E
:10A770002230310528F4029751F081E090E002C0C8
:10A7800090E080E0FF90EF90DF90CF90089583E01D
:10A7900090E0F8CF0097C9F62350310923303105F6
:10A7A000D0F48091070E811116C023523D4FF9015C
:10A7B000808190E010920D0E10920C0E10920B0EF4
:10A7C00010920A0E1092090E1092080E1092070EA7
:10A7D0001092060ED7CF90E080E0ECCF80910C0E67
:10A7E00090910D0E009761F22091100E3091110E94
:10A7F0008217930729F620910A0E30910B0EA601BD
:10A80000421B530B9A01AC01415051094230510592
:10A8100008F54091060E411113C02C3B52E035075C
:10A82000C8F021E02093060ED092090EC092080EC7
:10A83000029719F082E090E0A5CF84E090E0A2CFEB
:10A840004091080E5091090EB601641B750B6837D4
:10A85000710550F703978330910508F091CF40912F
:10A86000070E41118DCF2C3B324008F489CF21E0F7
:10A870002093070E80529D4FFC01808190E082CF93
:10A88000CF93DF93EC01019791F40E94864E0E94D2
:10A8900003C481E00E94944861E087E10E94D5C32F
:10A8A000D093380FC093370FDF91CF910895D0E048
:10A8B000C0E060E0F2CFFC01680F791F90E080E01B
:10A8C0002191820F911DE617F707D1F70895AF92F6
:10A8D000BF92CF92DF92EF92FF920F931F93CF938D
:10A8E000DF93CDB7DEB72C970FB6F894DEBF0FBE5F
:10A8F000CDBF5C01CE0101967C018CE0F701119285
:10A900008A95E9F7670100E410E0C8010E9492E926
:10A91000F60181936F010F5F1F4F0C341105A9F7EA
:10A9200089819A81AB81BC8189359345A444B34523
:10A9300049F58D819E81019729F50B851C856AE07B
:10A9400070E0C7010E945B5408171907D9F48F8182
:10A950009885A985BA85F50180839183A283B38305
:10A9600081E02C960FB6F894DEBF0FBECDBFDF910D
:10A97000CF911F910F91FF90EF90DF90CF90BF90FC
:10A98000AF90089580E0EDCFAF92BF92CF92DF926B
:10A99000EF92FF920F931F93CF93DF93CDB7DEB764
:10A9A0002C970FB6F894DEBF0FBECDBF5C01CE0171
:10A9B00001967C018CE0F70111928A95E9F7670115
:10A9C00000E310E0C8010E9492E9F60181936F0153
:10A9D0000F5F1F4F0C331105A9F789819A81AB8155
:10A9E000BC8183349245A444B34549F58D819E8151
:10A9F000019729F50B851C856AE070E0C7010E946C
:10AA00005B5408171907D9F48F819885A985BA85F1
:10AA1000F50180839183A283B38381E02C960FB6E6
:10AA2000F894DEBF0FBECDBFDF91CF911F910F9184
:10AA3000FF90EF90DF90CF90BF90AF90089580E0AF
:10AA4000EDCFAF92BF92CF92DF92EF92FF920F9332
:10AA50001F93CF93DF93CDB7DEB72E970FB6F89441
:10AA6000DEBF0FBECDBF5C01CE0101967C018EE042
:10AA7000F70111928A95E9F7670100E210E0C80139
:10AA80000E9492E9F60181936F010F5F1F4F0E3212
:10AA90001105A9F789819A81AB81BC818C349045DD
:10AAA000A444B34541F58D819E81019721F50D8523
:10AAB0001E856CE070E0C7010E945B5408171907FF
:10AAC000D1F486E0FE013796D50101900D928A956A
:10AAD000E1F781E02E960FB6F894DEBF0FBECDBF32
:10AAE000DF91CF911F910F91FF90EF90DF90CF906A
:10AAF000BF90AF90089580E0EDCFAF92BF92CF921C
:10AB0000DF92EF92FF920F931F93CF93DF93CDB716
:10AB1000DEB764970FB6F894DEBF0FBECDBF5C0101
:10AB2000CE0101967C0184E1F70111928A95E9F743
:10AB3000670110E000E0C8010E9492E9F6018193EC
:10AB40006F010F5F1F4F04311105A9F789819A81A9
:10AB5000AB81BC818B349243A444B34541F58D81D4
:10AB60009E81019721F50B891C8962E170E0C70184
:10AB70000E945B5408171907D1F48CE0FE01379648
:10AB8000D50101900D928A95E1F781E064960FB6A8
:10AB9000F894DEBF0FBECDBFDF91CF911F910F9113
:10ABA000FF90EF90DF90CF90BF90AF90089580E03E
:10ABB000EDCFFF920F931F93CF93DF93EC01F62E0F
:10ABC00008811981C8010E9492E9F81621F06F2DC1
:10ABD000C8010E949AE9CE01DF91CF911F910F9198
:10ABE000FF9008958A3060F08536E0F084E6809327
:10ABF00053028091B0008F738093B0002C9A089517
:10AC00008AE0809353022FEF829FC0011124C296E5
:10AC100064E670E00E94B4E96093B30083E8809337
:10AC2000B000089580935302843619F3ECCFDF927D
:10AC3000EF92FF920F931F93CF93DF93EB018C0161
:10AC4000FE01D490F801F1908F018F2D0E943D8676
:10AC5000E82E8D2D0E943D86E81204C0FF2059F099
:10AC60002196EECF80E0DF91CF911F910F91FF9061
:10AC7000EF90DF90089581E0F6CFCF92DF92EF92D0
:10AC8000FF920F931F93CF937C018B016A0164ECB9
:10AC900076E00E941756C82F82E090E0C11142C0B2
:10ACA0006BEB76E0C7010E941756C82F83E090E057
:10ACB000C11138C062EB76E0C7010E9417568823A5
:10ACC00079F024E030E0F60131832083C82F8C2F07
:10ACD000CF911F910F91FF90EF90DF90CF9008954B
:10ACE000F8018081811102C0C0E0F1CF6BEA76E00B
:10ACF000C7010E941756C82F882361F167EA76E0E2
:10AD0000C8010E9484E6892B21F4F6011182108289
:10AD1000DECF63EA76E0C8010E9484E6892B31F435
:10AD20008BE090E0F60191838083D1CF6FE976E0EC
:10AD3000C8010E9484E6892B19F48CE090E0F2CFE0
:10AD40006BE976E0C8010E9484E6892B69F68EE003
:10AD500090E0E8CF65E976E0C7010E941756C82F5A
:10AD60008823A9F061E976E0C8010E9484E6892B76
:10AD700019F48DE090E0D6CF6DE876E0C8010E942E
:10AD800084E6892B09F0B0CF85E090E0CBCF6AE86C
:10AD900076E0C7010E941756C82F8823F9F066E8AD
:10ADA00076E0C8010E9484E6892B19F486E090E0E1
:10ADB000B9CF62E876E0C8010E9484E6892B19F4D5
:10ADC00087E090E0AFCF6EE776E0C8010E9484E6AE
:10ADD000892B09F089CF88E090E0A4CF6BE776E07B
:10ADE000C7010E941756C82F882309F47DCF67E753
:10ADF00076E0C8010E9484E6892B19F48FE090E088
:10AE000091CF63E776E0C8010E9484E6892B19F4AC
:10AE100089E090E087CF6FE676E0C8010E9484E683
:10AE2000892B09F061CF8AE090E07CCF2F923F928E
:10AE30004F925F926F927F928F929F92AF92BF924A
:10AE4000CF92DF92EF92FF920F931F93CF93DF93F6
:10AE5000CDB7DEB7E0970FB6F894DEBF0FBECDBF1B
:10AE600020917C0E30917D0E232B09F4ADC000970C
:10AE700009F4AAC020917A0E30917B0E2130310561
:10AE800001F11092730EFB013183208311E0812FB9
:10AE9000E0960FB6F894DEBF0FBECDBFDF91CF9125
:10AEA0001F910F91FF90EF90DF90CF90BF90AF90E8
:10AEB0009F908F907F906F905F904F903F902F90DA
:10AEC00008955B0198AB8FA70E945A321B012C0199
:10AED0000E94562FF5011182108260917C0E7091B4
:10AEE0007D0E1BA61AA68AEB91E1892B11F4712C19
:10AEF0009DC061157105D9F324E544E58AEB91E124
:10AF00000E94DAD4882399F38AEB91E10E94512EB2
:10AF1000882369F38AEB91E10E94B7428EA78823C8
:10AF200031F3198E1DA2812C912C60E072E08AEB26
:10AF300091E10E9454363C0197FF03C00E94562FB6
:10AF4000D6CF892B09F468C08AEB91E19DA78CA725
:10AF5000ECA5FDA58191FDA7ECA78D3011F08A30FD
:10AF600079F4882099F18BA58111E8CF812C912C5F
:10AF70008CA59DA58A5B9141861597054CF348C029
:10AF80008110F6CF96E1991548F0E1E0F0E0EC0F82
:10AF9000FD1FE90DF11D80839394EACF8EA4E8CFC5
:10AFA0008BA5882309F481C0A501BE016B5D7F4F8D
:10AFB000CE0149960E943D56182F8AA70E94562F0F
:10AFC000112309F494CF73C010E061CF992071F27E
:10AFD000E1E0F0E0EC0FFD1FE90DF11D1082CE0164
:10AFE0008A966C0175018E010B5D1F4F9E01275ED5
:10AFF0003F4FAE01455D5F4F6FA578A989970E94CD
:10B0000099C1882309F49ACF8AA5882309F4AECF81
:10B010008AA5882309F489CF7AA4711042C08820B8
:10B0200011F18BA58823E9F10E94562F7092730EBF
:10B0300080917C0E90917D0E0E94B742182F66E0A1
:10B0400070E086E29BE0112359F0C201B1010E9439
:10B05000D832182F81111BCF66E070E08DE19BE0A4
:10B060000E94D31F14CF9920E1F0E1E0F0E0EC0F53
:10B07000FD1FE90DF11D1082FE01BA966F017501E9
:10B080008E010B5D1F4F9E01275E3F4FAE01455D58
:10B090005F4F6FA578A9CE0101960E9499C18823C0
:10B0A00019F28AA5882309F47BCF0E94562F8AA51E
:10B0B000882309F41CCF77247394F5018081918152
:10B0C000019709F0B3CF13CF2F923F924F925F9227
:10B0D0006F927F928F929F92AF92BF92CF92DF92A8
:10B0E000EF92FF920F931F93CF93DF93CDB7DEB70D
:10B0F000C654D1090FB6F894DEBF0FBECDBF0E9473
:10B10000F0501092810E8091A10E9091A20E863087
:10B11000910509F055C30E94F02D00919F0E1091EA
:10B12000A00E01151105C1F481E090E09093320268
:10B1300080933102E0913102F09132028FEA9CE07B
:10B14000EE3038F4FF27EE0FFF1FED56F34F8591D9
:10B1500094910E94AD4E56C3F0909E0E0E942DB564
:10B1600084E680932B028BE980932C02F0922D02CF
:10B170001092E1041092FD0C1092000D8FB7F8941C
:10B180001092E0041092DF041092FF0C1092FE0C5B
:10B1900098E090932E02109233028FBFE2EEF4E01B
:10B1A0008AE1DF011D928A95E9F71092FC0481E0A3
:10B1B00090E09093300280932F02C8010E94B74222
:10B1C000811115C082E090E09093300280932F02AD
:10B1D00080912F029091300290933202809331023D
:10B1E0008FB7F89491E0909333028FBFA3CF0E9462
:10B1F000993223966CAF7DAF8EAF9FAF23976C30A3
:10B2000071058105910528F486E090E00E94612F88
:10B21000DFCF6CE070E0CE0189960E9454360C9727
:10B2200019F083E090E0F2CF89A58235C1F48AA5B8
:10B230008934A9F48BA5863491F48CA5863479F4ED
:10B2400089A9873549F48AA9813431F48BA98635D7
:10B2500019F48CA9853431F085E090E0D7CF84E0F3
:10B2600090E0D4CFCE018D960E944E12683FBFEF82
:10B270007B078B079B0708F05CC0DC01CB010896BD
:10B28000A11DB11D23964CAC5DAC6EAC7FAC239779
:10B290008C309105A105B10538F084159505A605FA
:10B2A000B70510F42C013D01212C312CD12CC12CDF
:10B2B0000E945A32641575058605970508F01DC170
:10B2C000A3019201261B370B480B590BDA01C90168
:10B2D0000897A105B10508F410C168E070E0CE013F
:10B2E000C5960E945436089709F09BCFCE01C996A7
:10B2F0000E944E124B015C010E945A3227966CAF9D
:10B300007DAF8EAF9FAF27978DA98636C9F48EA9E2
:10B310008D36C9F48FA98437B1F488AD803299F4A1
:10B3200030E183169104A104B104E0F48DE090E0D3
:10B330006DCF23964CAC5DAC6EAC7FAC2397B4CF95
:10B34000843609F480C083017201A5019401279617
:10B350006CAD7DAD8EAD9FAD27970E9425338111D9
:10B36000A7CFE4CF60E170E0CE0149960E94543649
:10B37000409709F056CFC98CDA8C8B8D9C8D9093B9
:10B38000F7048093F604CE014D960E944E1260930E
:10B39000E2047093E3048093E4049093E504CE0107
:10B3A00081960E944E126093E6047093E7048093A6
:10B3B000E8049093E9048DA19EA19093F9048093F1
:10B3C000F8048FA198A59093FB048093FA044EEFA4
:10B3D000C4164FEFD40639F558E285169104A1043E
:10B3E000B10408F4A3CF68E170E0CE0101960E9499
:10B3F0005436489709F09ACF89819A81469718F474
:10B4000089E090E003CFC984DA8481E0C816D104D2
:10B41000B9F74EE050E065E87CE0CE010B960E9463
:10B420006EE6892B69F783017201A50194012796C5
:10B430006CAD7DAD8EAD9FAD27970E942533382E24
:10B44000811136CF73CF8EA9813609F07CCF8FA9B9
:10B45000843709F078CF88AD813609F074CFD501F3
:10B46000C40180959095A095B09527962CAD3DADE3
:10B470004EAD5FAD279782179307A407B50708F471
:10B4800055CFDA01C901880D991DAA1DBB1D239650
:10B490002CAD3DAD4EAD5FAD2397281739074A0758
:10B4A0005B0708F443CF211016C027968CAD9DADE5
:10B4B000AEADBFAD27978093EA049093EB04A093C1
:10B4C000EC04B093ED048092EE049092EF04A0920D
:10B4D000F004B092F10431101AC083017201A50189
:10B4E000940127966CAD7DAD8EAD9FAD27970E94E0
:10B4F0002533282E8111DCCE19CF87E090E0332050
:10B5000009F484CE88E090E0222009F47FCECA942A
:10B51000CD2809F075CF8091F6049091F70401973A
:10B5200019F08AE090E072CE8091FA049091FB04C9
:10B53000089719F08BE090E069CE8091E204909139
:10B54000E304A091E404B091E504823226E5920779
:10B55000A105B10579F084343CEA9307A105B10552
:10B5600049F080384BEB9407A105B10519F08CE048
:10B5700090E04CCE2091F8043091F904213031054F
:10B5800009F0D4CE4091E6045091E7046091E804BC
:10B590007091E90484179507A607B70709F0C6CE8E
:10B5A0006091EA047091EB048091EC049091ED04B9
:10B5B0000E94D832882309F434CE8091EE04909111
:10B5C000EF04A091F004B091F1048093F204909301
:10B5D000F304A093F404B093F50481E08093FC0499
:10B5E0001092300210922F028AE1E2EEF4E0ABE614
:10B5F000B3E001900D928A95E1F710923202109219
:10B6000031020E946AA2882309F494CD0E946AA2A2
:10B61000811105C00E942DB585EC9CE09ACD0E9459
:10B620003EA1892BB9F31091FC04111121C00E9495
:10B630002DB589EB9CE00E94AD4E812FCA5BDF4F98
:10B640000FB6F894DEBF0FBECDBFDF91CF911F9133
:10B650000F91FF90EF90DF90CF90BF90AF909F90B1
:10B660008F907F906F905F904F903F902F900895B4
:10B6700080906B0390906C03A0906D03B0906E036C
:10B6800060917703709178038091790390917A03A8
:10B69000412C512C320181149104A104B10471F1A7
:10B6A000A50194010E94C8E969017A019B01AC01DE
:10B6B00088E3C81689E8D80681E4E806F104D0F5E5
:10B6C000A8EEB3E00E9401EA950184013695279522
:10B6D00017950795600F711F821F931FA501940195
:10B6E0000E94C8E929013A01A8EEB3E0A70196013A
:10B6F0000E9401EA460E571E681E791E4092930E64
:10B700005092940E6092950E7092960ED501C401DF
:10B710000197A109B1098F3F9F4FA105B10578F0AD
:10B7200087E080938F030E942DB50E943B130E94F7
:10B730000F0E0FCD44244A94542C3201DFCF60E029
:10B7400074E284EF90E0A50194010E94C8E96901C8
:10B750002B01DA01C9010197A109B1098F3F9F4F60
:10B76000A105B10510F086E0DCCF81E00E94CF504A
:10B770008FB7F894109295001092940090928E03D7
:10B7800080928D03D0928C03C0928B0350928A03D7
:10B7900040928903109288031092870310928603C7
:10B7A0001092850391E090938F038FBF1092920EB9
:10B7B00081E090E09093980E8093970E11E03DCF3A
:10B7C0009C01245031092230310508F08BC010E172
:10B7D000059709F012E3E0909F0EF090A00E0E94F2
:10B7E0009A48E114F10421F0103171F0123361F044
:10B7F00067E070E084EE9CE00E94951F88E59FE082
:10B800000E94D34E10E019CF81E0103109F080E0A2
:10B810008093250E1092240E1092580F8FB7F89433
:10B8200010922A0E1092290E1092280E1092270EB6
:10B83000109241028FBF1092230E1092220E10928E
:10B84000210E1092200E10921F0E10921E0E1092BA
:10B85000160E1092170E1092180E1092190EC701A4
:10B860000E94B742811105C066E070E08AED9CE05D
:10B87000C3CF0E94993260931A0E70931B0E80936F
:10B880001C0E90931D0E672B682B692B21F1809164
:10B89000410281110CC00E9440128C018091410232
:10B8A0008823A9F00E9440120817190781F70E9407
:10B8B0004012892B81F081E08093260E1092930E26
:10B8C0001092940E1092950E1092960E6FCF0E94C9
:10B8D0000C428111E7CF0E94562F67E070E08FEC99
:10B8E0009CE08ACF9C01215031092330310508F0BA
:10B8F0009AC220919C0E30919D0E3EAF2DAF1092BA
:10B900009B0E2130310509F070C08130910509F09E
:10B9100092C060919F0E7091A00E1EAE1DAE8AEB7C
:10B9200091E10E944DD5811102C080E05CC08AEB9C
:10B9300091E10E94512E8823C1F38AEB91E10E948C
:10B94000B742882391F30E9499324B01DC01CB016D
:10B950000197A109B1098F379105A105B10518F02B
:10B960000E94562FE2CFB4018AE592E10E9454363C
:10B970008C010E94562F08151905B9F6F401E65AF4
:10B98000FD4E10828AE592E1892B79F22CE030E0BD
:10B99000AE014F5F5F4F63EF7CE08AE592E10E946A
:10B9A000DE17882311F2198E25E030E0AE01475EE4
:10B9B0005F4F6DEE7CE08AE592E10E94DE17AE01FA
:10B9C000435C5F4FBE01675E7F4FCE0101960E94D0
:10B9D0003D56882309F4A9CF81E02DAD3EAD21303D
:10B9E000310509F4A2CF80939B0E909047020091FD
:10B9F000480210914902EDACFEACC090A10ED0906F
:10BA0000A20EA0909F0EB090A00EFEAAEDAA0E94DA
:10BA10001B501092580F1092800EA114B10421F007
:10BA2000C6010197039760F067E070E083E69DE050
:10BA30000E94D31FE3CE0297C1F21EAE1DAED5CF3A
:10BA4000D0927F0EC0927E0EB0927D0EA0927C0EA0
:10BA5000F0927B0EE0927A0E909246021092790E4E
:10BA60001092780E1092770E1092760E1092750E3C
:10BA70001092740E1092730E1092610E42E0C41672
:10BA8000D104B1F401151105D1F08DA99EA9813021
:10BA9000910511F490E080E00E94F824C5010E9415
:10BAA000B74281110FC066E070E08AE59DE0C0CF2B
:10BAB0008DA99EA9019749F71EAA1DAAE6CF01E00C
:10BAC00010E0E3CF0E94993260935D0E70935E0E9A
:10BAD00080935F0E9093600E60387105810591052B
:10BAE00038F40E94562F67E070E080E59DE0A0CF1B
:10BAF00052E0C516D10409F09FC00115110511F4DB
:10BB000001E010E01092770E1092760E60E070E087
:10BB1000CB010E94D832811107C066E070E085E356
:10BB20009DE00E94D31F7CC0312C412C512C612CF4
:10BB3000712CD12CC12C0E945A324B015C01809196
:10BB40005D0E90915E0EA0915F0EB091600E881612
:10BB50009906AA06BB06B0F588199909AA09BB0976
:10BB600080389105A105B10528F467E070E08AE20C
:10BB70009DE0D7CF0E948438882309F451C09FEFFD
:10BB8000C916D90629F467E070E080E29DE0C9CFCC
:10BB9000AFEFCA1ADA0AC016D10619F4382E2401FA
:10BBA00035016091510E7091520E8091530E90911B
:10BBB000540E0E94D8328111BECF66E070E087E15A
:10BBC0009DE0AFCF88169906AA06BB0671F4C11492
:10BBD000D10459F0D092770EC092760E31100AC07F
:10BBE00067E070E081E09DE09CCF67E070E08CE072
:10BBF0009DE097CFB201C3010E94D832882399F00B
:10BC00000E948438882379F01093790E0093780E7F
:10BC1000BE016B5C7F4FC8010E9416578111D7C0CF
:10BC20000E94562FEBCD8091570F8730C9F366E005
:10BC300070E088EF9CE075CF109290031092910312
:10BC40001092920310929303198E1A8E1B8E1C8EE3
:10BC50001092590E10925A0E10925B0E10925C0EBA
:10BC600060E070E0CB010E94D832811105C066E02F
:10BC700070E087E49DE055CF80917E0E90917F0E1D
:10BC80000297A1F5CE0149960E94AD37882341F273
:10BC90000E945A3200915D0E10915E0E20915F0E4F
:10BCA0003091600E601771078207930758F3698D12
:10BCB0007A8D8B8D9C8D6F3F5FEF7507850795079C
:10BCC00009F049C06093590E70935A0E80935B0E31
:10BCD00090935C0E60E070E0CB010E94D83281113D
:10BCE00054C066E070E08EE39DE01BCFCE01499624
:10BCF0000E94AD37882309F493CF80905D0E909019
:10BD00005E0EA0905F0EB090600E0E945A32861AAE
:10BD1000970AA80AB90A59F29E01275D3F4FAE0162
:10BD20004F5F5F4FC501B4010E940037882309F4BB
:10BD300077CFE9A4FAA409811A812B813C81AE0155
:10BD4000475E5F4F6A01B501A40180E00E94CA25E9
:10BD50008111ADCF65CF20911302220F30E050E06A
:10BD600040E00E94C8E9672B682B692B49F42093B7
:10BD7000590E30935A0E40935B0E50935C0EAACF2F
:10BD80002F5F3F4F4F4F5F4FF2CF0E948438882381
:10BD900009F446CF8091900390919103A091920372
:10BDA000B09193038F3F2FEF9207A207B20739F0AC
:10BDB0000196A11DB11DB695A7959795879580937E
:10BDC000590E90935A0EA0935B0EB0935C0E8DA902
:10BDD0009EA90E94613A882309F422CF81E08093D2
:10BDE000570F8091590E90915A0EA0915B0EB09111
:10BDF0005C0E8093930E9093940EA093950EB09347
:10BE0000960E80917E0E90917F0E029739F090E011
:10BE100080E090939A0E8093990EC8CC8091780E12
:10BE20009091790EF6CF079709F015C200912D0F6A
:10BE300010912E0FC0909F0ED090A00E0E945CBD5E
:10BE4000C114D10489F084E993E0892B69F00130B1
:10BE5000110509F4E0C078F00230110509F4DFC0E3
:10BE60000330110509F4DFC067E070E089EB9DE065
:10BE70000E94894EC3CC8AE0E5EBF2E0A4E9B3E08E
:10BE800001900D928A95E1F71092580F1092AF032E
:10BE90001092B0031092B1031092B2031092AB0350
:10BEA0001092AC031092AD031092AE031092B40343
:10BEB0001092B303409194035091950370E060E0B9
:10BEC000DB01CA01880F991FAA1FBB1F81509F4F1A
:10BED000AF4FBF4F892F9A2FAB2FBB270097A105DC
:10BEE000B10521F481E090E0A0E0B0E090931B0266
:10BEF00080931A02209196033091970380919803C2
:10BF000090919903B0E0A0E0820F931FA11DB11D95
:10BF100081509F4FAF4FBF4F892F9A2FAB2FBB2719
:10BF20000097A105B10521F481E090E0A0E0B0E028
:10BF3000909319028093180220919A0330919B03E9
:10BF400080919C0390919D03B0E0A0E0820F931F2D
:10BF5000A11DB11D81509F4FAF4FBF4F892F9A2F09
:10BF6000AB2FBB270097A105B10521F481E090E03C
:10BF7000A0E0B0E0909317028093160241505F4F0B
:10BF80006F4F7F4F452F562F672F7727411551054C
:10BF90006105710521F441E050E060E070E05093EC
:10BFA0001502409314028BEE90E09093210280934F
:10BFB00020028FE490E090932502809324028DE983
:10BFC00090E090932302809322028FB7F89410920E
:10BFD000C5031092C4031092C3031092C20391E0F0
:10BFE000909327021092C0031092BF031092C103D6
:10BFF0001092BB031092BC031092BD031092BE03BB
:10C000008FBFC6010E94B742811111C066E070E087
:10C0100080EB9DE02DCF8AE0EFEBF2E02FCF8AE0BE
:10C02000E9ECF2E02BCF8AE0E3EDF2E027CF0E94CB
:10C0300099326093AF037093B0038093B1039093F0
:10C04000B203672B682B692B29F467E070E086EA5E
:10C050009DE00ECF1092AB031092AC031092AD0393
:10C060001092AE03812C912C54018091AF039091DA
:10C07000B003A091B103B091B20388169906AA0645
:10C08000BB0608F0C5C088199909AA09BB0902971F
:10C09000A105B10528F467E070E08BE99DE0E8CEEA
:10C0A000C501B4010E94D832811105C066E070E07C
:10C0B00082E99DE0DDCE62E070E0CE0101960E9453
:10C0C000A5AF882309F49ACBC980DA8032E0C31681
:10C0D000D10428F467E070E087E89DE0C9CE26012E
:10C0E000712C612C42E0440E511C611C711C480CE7
:10C0F000591C6A1C7B1C481459046A047B0468F0B0
:10C100008091AF039091B003A091B103B091B203BD
:10C1100084159505A605B70528F467E070E08DE75E
:10C120009DE0A6CE61E070E0CE0149960E94A5AFE9
:10C13000882309F463CB898D9FEF980F9E3F28F4E5
:10C1400067E070E084E79DE093CE8090AF0390902D
:10C15000B003A090B103B090B20320EC3FE040E008
:10C1600050E0882321F02AE436E040E050E0A0913E
:10C170001A02B0911B020E9401EA0E94DD0D60913B
:10C1800018027091190290E080E00E94DD0DA091EC
:10C190001602B091170296010E94F2E923E0660FA1
:10C1A000771F881F991F2A95D1F70E94DD0D609196
:10C1B00014027091150290E080E00E94DD0D481499
:10C1C00059046A047B0409F450CF20912002309175
:10C1D0002102898D811111C0ADE5B0E00E94F2E924
:10C1E0000E94DD0D609124027091250290E080E0B4
:10C1F0000E94DD0D5301420138CFAAE0B1E00E9458
:10C20000F2E90E94DD0D6091220270912302EECFCF
:10C2100060E070E0CB010E94D832811105C066E079
:10C2200070E08BE69DE024CE8091AB039091AC034F
:10C23000A091AD03B091AE03892B8A2B8B2B09F40F
:10C24000DDCA81E00E943CB0882309F4D7CA81E0AE
:10C250008093C60333CB81EC9DE00C94A9580F93D7
:10C260001F93CF93DF938091970E9091980E019733
:10C2700009F08DC08091920E811185C08091A10E30
:10C280009091A20E8630910509F0B4C00E943B1334
:10C29000019709F0A6C08091850381111FC080918C
:10C2A000DF049091E0042091FE0C3091FF0C821786
:10C2B000930709F484C0FC01F770E350FB4F408101
:10C2C0004093860340913302019641116CC09093D4
:10C2D000E0048093DF0488E08093850380918603E7
:10C2E000282F30E03595279520938603909185037C
:10C2F00091509093850381700E94AA4420918B03F2
:10C3000030918C0380918703909188034091890339
:10C3100050918A03840F951F40918D0350918E0395
:10C320008417950720F0841B950B2F5F3F4F909348
:10C33000880380938703215031093093990020931B
:10C3400098000E946B4E80E00E9494480E948014E6
:10C3500082E090E09093980E8093970E81E090E0B9
:10C360009093FF0E8093FE0E1092FB0E0E94E0242D
:10C370001092FC0E8091F30E9091F40E892B09F42B
:10C38000DEC081E00BC00E946458811177CF83E04A
:10C3900090E09093FF0E8093FE0E80E0DF91CF91AE
:10C3A0001F910F9108952817390709F090CF8091B8
:10C3B0002E023093E0042093DF0481118DCF809111
:10C3C00033028823A9F02091DF043091E0048091AA
:10C3D000FE0C9091FF0C2817390751F484E08093EC
:10C3E0008F030E943B130E940F0E0E94AD4ECFCFD1
:10C3F00085E0F5CF9C01215031092330310548F407
:10C400000E94A8498111A2CF88E59FE00E94D34EE7
:10C41000BECF079709F048C0C091C603C130A1F74D
:10C4200040911E026091A0038091A9039091AA03FC
:10C430000E9483AF80E00E94AA44DFB7F894809105
:10C4400071008A7F80937100109290001092910089
:10C45000109295001092940085E088BBC093C103B0
:10C460001092BB031092BC031092BD031092BE0346
:10C470001092B6031092B50382E08093C60383E066
:10C480008093690F81E00E94C948C0939100809118
:10C490009403909195030E94A40D80917100846093
:10C4A00080937100DFBF4FCFD091260ED13009F0BD
:10C4B000ABCF2091290E30912A0E8091270E9091BA
:10C4C000280E28173907A1F1F901F770E350FB4F47
:10C4D000C0818C2F2F5F3F4F30932A0E2093290E5F
:10C4E000CC2331F1C7FDC1950E9480488C2F0E945A
:10C4F00011128C01CFB7F89410929500109294000D
:10C5000010929000D093910084E088BB82E08093E9
:10C51000260E81E00E94C948D093690FC8010E948D
:10C52000A40D80917100846080937100CFBFBBCF58
:10C5300067E070E087EB9BE00E94951F65CF0E944B
:10C540000612882309F41DCF91E09093FC0E26CFAC
:10C55000BF92CF92DF92EF92FF920F931F93CF93F0
:10C56000DF93EC010091000F1091010FB090F70ED6
:10C57000C090F50ED090F60EE090F30EF090F40E11
:10C580000E94F0501092810E8AEB93E1009719F00F
:10C590000115110561F48BEA9BE00E94AD4E83E02A
:10C5A00090E09093FF0E8093FE0E80E026C0909363
:10C5B000A00E80939F0E1093A20E0093A10EB09236
:10C5C0009E0ED0929D0EC0929C0E81E0EF2809F045
:10C5D00080E08093470210929B0E209711F4C1E0F7
:10C5E000D0E0D0934902C093480210929A0E109264
:10C5F000990E0E946458882391F2DF91CF911F9188
:10C600000F91FF90EF90DF90CF90BF900895CF9360
:10C610002091000F3091010F2230310521F0C0E050
:10C620008C2FCF9108959091FA0E9923C1F3209108
:10C63000FE0E3091FF0E232B91F7882381F3C82F34
:10C640000E94BF1F2091A10E3091A20E2230310511
:10C6500031F720917E0E30917F0E22303105F9F6B0
:10C660002091760E3091770E0097C9F22115310591
:10C67000B1F2CF3FE1F48230910518F09C012150D6
:10C680003109C9010E94A862C82F882341F2109283
:10C69000FD0E1092FC0E1092FB0E0E94E0241092F0
:10C6A000FF0E1092FE0E81E00E949448B9CF8217CF
:10C6B000930720F49C012F5F3F4FE3CF21E030E050
:10C6C000E0CFCF92DF92EF92FF920F931F93CF9321
:10C6D000DF931F921F92CDB7DEB7E0903E0EF09031
:10C6E0003F0E81E0E816F10409F04AC00E94570F9E
:10C6F000882381F08091400E811106C00E94113A7A
:10C70000811102C010E025C083E090E00E943A0E43
:10C7100011E01FC00E94770F182F882351F10E944B
:10C72000670F882311F180E00E94FC4F81E00E9496
:10C73000AA4484E090E090933F0E80933E0E1092C6
:10C740003D0E10923C0E10923B0E10923A0E10923B
:10C75000390E812F0F900F90DF91CF911F910F9184
:10C76000FF90EF90DF90CF90089581E00E94FC4F02
:10C77000E0CF0E94470F8111BDCF82E090E0C6CF8D
:10C7800082E0E816F10421F40E94AE0F8111B6CFC9
:10C79000C7010297029738F067E070E089E79BE0F5
:10C7A0000E94D31FAFCF82E0E816F10429F40E9463
:10C7B000ED11182F8111D9CF80917E0E90917F0EAF
:10C7C000029709F060C00E945A3200915D0E1091EC
:10C7D0005E0E20915F0E3091600E60177107820728
:10C7E000930768F48091780E9091790E009739F054
:10C7F0002091760E3091770E8217930720F084E017
:10C800008093570F85CF6091450E7091460E8091B1
:10C81000470E9091480E0091410E1091420E2091CA
:10C82000430E3091440E600F711F821F931F0E94B0
:10C83000D832182F811107C066E070E080E79BE0D6
:10C840000E94D31F86CF8091780E9091790E019629
:10C850009093790E8093780E0E948438882309F48F
:10C8600051CFBE016F5F7F4F8091780E9091790E0E
:10C870000E941657882309F445CF89819A810E9426
:10C88000613A182F66CF82E0E816F10409F0B7CFBD
:10C890000E945A3200915D0E10915E0E20915F0E43
:10C8A0003091600E601771078207930708F0A7CFD9
:10C8B00068017901C61AD70AE80AF90AB701A60180
:10C8C0004093550E5093560E6093570E7093580E2A
:10C8D0000093510E1093520E2093530E3093540E2A
:10C8E0001092490E10924A0E10924B0E10924C0E5E
:10C8F0000E94F5270E94D639882309F403CF3DCF43
:10C90000CF938091970E9091980E0297A9F40E9470
:10C91000145181115AC08091A10E9091A20E8630BF
:10C920009105E9F40E943B13029779F00E943B13B2
:10C930000E940F0E0E94AD4E83E090E09093FF0E98
:10C940008093FE0E80E0CF91089580E00E94CF504A
:10C950008FB7F89493E090938F038FBF21C09C0111
:10C96000215031092330310508F08CC08091570FD8
:10C97000823009F082C08091380E882321F083E054
:10C980008093570F0DC080913D0E882389F10E943E
:10C990006163882309F471C08091570F843079F75F
:10C9A0008091A10E9091A20E029719F480E00E944E
:10C9B000F31F0E941451811108C00E94231483E0C8
:10C9C00090E09093980E8093970E8091970E90919F
:10C9D000980E019709F0A3C01092FF0E1092FE0E60
:10C9E0001092FD0E1092FB0E0E94E02481E0ABCF6E
:10C9F00080913E0E90913F0E049709F29FB7F894F4
:10CA0000409194005091950020914402309145024C
:10CA10008091340E882331F081E04217530730F4BF
:10CA200080E004C081E042175307D0F780932F0EB7
:10CA30008091900085FB882780F98093300E80914B
:10CA400071008A7F8093710080919100887F80932C
:10CA50009100809190008F7C8093900085E088BB4E
:10CA600081E08093350E83E08093570F9FBF80E075
:10CA70000E94AA440E94864E93CF88E59FE00E94C0
:10CA8000D34E5ACF079701F58091C6038230A9F79C
:10CA9000CFB7F89480919A0090919B0020919400D8
:10CAA00030919500C29903C0821B930B11F481E071
:10CAB00090E09093A5038093A4030E94D34883E061
:10CAC0008093C603CFBF4ACF8091260E8230A9F64D
:10CAD000CFB7F89480919A0090919B002091940098
:10CAE00030919500C29903C0821B930B11F481E031
:10CAF00090E09093210E8093200E8091220E9091D1
:10CB0000230E90931F0E80931E0E1092230E1092F0
:10CB1000220E0E94C94A83E08093260ED3CF82E082
:10CB200090E09093FF0E8093FE0E60CF8F929F92C5
:10CB3000AF92BF92CF92DF92EF92FF920F931F932B
:10CB4000CF93DF931F921F92CDB7DEB78091F80E7F
:10CB5000882309F468C00E94B52E882309F447C0D1
:10CB600081E00E947F4381110DC00E94F05082EC51
:10CB70009BE00E94AD4E83E090E09093FF0E809387
:10CB8000FE0E35C01092F80E1092FD0E1092FC0EA3
:10CB90001092FB0E1092FA0E0E94E0240E94E524EF
:10CBA0008091000F9091010F029761F48091A10E86
:10CBB0009091A20E029731F480914802909149021F
:10CBC000009711F481E090E00E94A862882379F038
:10CBD0001092FF0E1092FE0E8091000F9091010FA7
:10CBE0000297A1F481E08093FA0E0E9494480F907E
:10CBF0000F90DF91CF911F910F91FF90EF90DF90F9
:10CC0000CF90BF90AF909F908F9008958091F30E3A
:10CC10009091F40E892B29F481E08093FD0E80E041
:10CC2000E4CF81E0E2CF0E94AE2E882371F081E054
:10CC30008093F80E1092FD0E1092FC0E1092FB0ED7
:10CC40001092FA0E0E94E02490CF8091970E90915E
:10CC5000980E029749F58091A10E9091A20E863010
:10CC6000910509F0AEC08091330281118DC00E9400
:10CC70003EA1893F9D4308F087C00E9454A18111C5
:10CC800083C00E94E350E0913102F09132028FEABA
:10CC90009CE0EE3038F4FF27EE0FFF1FED56F34F08
:10CCA000859194910E94AD4E8091970E9091980E2F
:10CCB0008330910509F4A0C58430910509F4A3C51A
:10CCC000029709F0AFC581E090E09093FF0E80934A
:10CCD000FE0E0E94E0248091F30E9091F40E892BB9
:10CCE000F9F48091000F9091010F029781F40E9456
:10CCF00006128093FC0E882351F01092FD0E1092C4
:10CD0000FB0E8091F30E9091F40E892B49F48091E3
:10CD1000FB0E882329F00E948F4881111092FB0E90
:10CD20008091FA0E811163CF8091F30E9091F40EF1
:10CD3000892B09F05CCF8091FE0E9091FF0E83301D
:10CD4000910509F454CF2091FC0E211150CF209170
:10CD5000FB0E21114CCF2091FD0E222309F483C537
:10CD60000E948F48882309F442CF8091970E9091BA
:10CD7000980E019709F03BCF0E942F61882309F498
:10CD800036CF1092FD0E33CF0E943B1384309105B5
:10CD900071F40E94E3500E94691481E08093920E26
:10CDA00081E090E09093980E8093970E7DCF9C0148
:10CDB000255031092330310508F076CF0E940F0E3F
:10CDC00071CF9C01215031092330310508F079C41D
:10CDD0008091570F823009F04CC08091380E882323
:10CDE000E1F00E946AC62091360E3091370E621B28
:10CDF000730B60397140E8F11092380E0E94E748D9
:10CE0000811137C08091570F823099F567E070E04B
:10CE100084E69CE00E94D31F2CC080913D0E8823A5
:10CE200009F4C8C080913D0E882319F18091570FF5
:10CE30008230F9F40E94ED11182F80913E0E9091EE
:10CE40003F0E1123A9F18230910551F50E94770F11
:10CE500011E018270E94C40F912F182F80914602CD
:10CE6000882309F442C0992339F10E94616381113A
:10CE700073C08091A10E9091A20E029719F481E0E7
:10CE80000E94F31F9FB7F8948091570F9FBF843083
:10CE900009F481CF08F408CF883008F468C404CFBF
:10CEA000019709F016C50E94770F982F10E0D6CF92
:10CEB000029781F290E0D2CF0E948F488823C9F276
:10CEC0000E946AC620913B0E211112C070933A0E47
:10CED0006093390E81E080933B0E80913C0E882355
:10CEE00041F2112309F4C1CFC4CF992349F3BDCF37
:10CEF00020913C0E222319F0112309F4B6CF209182
:10CF0000390E30913A0E8B01021B130B80913E0EAD
:10CF100090913F0E8130910559F40E94470F811185
:10CF200004C00E94570F8823A1F089E591E00CC04E
:10CF3000029779F40E94AE0F882359F00E94C40F23
:10CF4000882399F38EE690E00817190708F08DCF33
:10CF500090CF88E790E0F8CF8091570F843009F4A4
:10CF600088CF80913E0E90913F0E049791F40E94DD
:10CF7000F34781117ECF89EA9FE00E94F5C280913C
:10CF8000570F823009F075CF67E070E083EF9BE0C8
:10CF900041CF80E00E9494480E948149811169CF6D
:10CFA0008091570F823009F064CF67E070E089EE1E
:10CFB0009BE030CF80913E0E90913F0E84309105E2
:10CFC00009F000C380916A0F882321F080916B0FD4
:10CFD000811109C088E49CE00E94391F89EA9FE022
:10CFE0000E94F5C246CF80916C0F81111DC28091C5
:10CFF0006F0F9091700F8230910509F49BC08330C0
:10D00000910509F4CCC00197F1F58091710F9091D1
:10D01000720F2CEBC22E22E0D22EE12CF12C0397C2
:10D0200029F094E6C92ED12CE12CF12C0E946AC67D
:10D030000091A40F1091A50F2091A60F3091A70F7A
:10D04000601B710B820B930B6C157D058E059F0584
:10D05000D0F08091710F9091720F039709F067C023
:10D0600081E00E94AA440E94EDC56093A40F7093D2
:10D07000A50F8093A60F9093A70F82E090E0909366
:10D08000700F80936F0F80916F0F9091700F0497C6
:10D0900009F0C5C180916D0F20E48823E9F08091EB
:10D0A000A80F0E94671F882309F498CF10926D0F74
:10D0B0008091A00F9091A10FA091A20FB091A30F0A
:10D0C0000196A11DB11D8093A00F9093A10FA09375
:10D0D000A20FB093A30F2FE34091A00F5091A10F87
:10D0E0006091A20F7091A30F8091770F9091780FAC
:10D0F0006C01F12CE12C4C155D056E057F0508F0E7
:10D1000063C1841B950BE22EF12C8E159F0508F44C
:10D110007C01B7018AEB91E10E9454368E159F0580
:10D1200009F45BC097FF56C087E29CE055CF84E0CE
:10D1300090E0A5CF0E94EDC50091A40F1091A50F1E
:10D140002091A60F3091A70F601B710B820B930BE0
:10D15000683E73408105910508F495CF61E070E069
:10D1600088EA9FE00E9454368130910541F097FF94
:10D1700003C080E49CE030CF87E39CE02DCF81E0CA
:10D1800080936D0F0E94EDC56093A40F7093A50F5F
:10D190008093A60F9093A70F83E090E070CF8091CB
:10D1A000030180FFC4CF0E94EDC50091A40F109130
:10D1B000A50F2091A60F3091A70F601B710B820B5A
:10D1C000930B61347B448C44910508F45CCF8FE26F
:10D1D0009CE002CF8EE19CE0FFCE8091710F909198
:10D1E000720F04970AEB11E1029708F0CBC08AEBAB
:10D1F000C82E81E1D82E8091A00F9091A10FA0910F
:10D20000A20FB091A30F96012A5B31412E153F0565
:10D2100008F0DAC0F60111916F011095110F111D80
:10D22000110F111D892B8A2B8B2B09F086C00E94B0
:10D23000EDC54B015C010E94450F749A809103017A
:10D2400080FD0EC00E94EDC5681979098A099B0905
:10D2500061347B448C44910588F386E19CE0BCCE2C
:10D2600080E00E94870F8091030180FF0EC00E9422
:10D27000EDC5681979098A099B0961347B448C449E
:10D28000910588F38EE09CE0A7CE812F881F882728
:10D29000881F0E94870F5B9840E068E481E00E944D
:10D2A0009214882309F49ACE16FB882780F90E94ED
:10D2B000870F0E94450F40E06CE480E00E949214CA
:10D2C000882309F48BCE110F110F01E0402F6CE47D
:10D2D00080E00E949214882309F480CE812F881F59
:10D2E0008827881F0E94870F5B98402F68E481E0A1
:10D2F0000E949214882309F471CE16FB882780F9C6
:10D300000E94870F0E94450F110F110F0F5F04300D
:10D31000E9F68091A00F9091A10FA091A20FB0917A
:10D32000A30F0196A11DB11D8093A00F9093A10F93
:10D33000A093A20FB093A30F5ECF00E0402F6CE448
:10D3400080E00E949214882309F448CE812F881F20
:10D350008827881F0E94870F5B98402F68E481E030
:10D360000E949214882309F439CE16FB882780F98D
:10D370000E94870F0E94450F110F110F0F5F04309D
:10D38000E9F6C7CFC8018A5B91418E159F05E0F48D
:10D39000F80181918F010E94671F882309F41ECE36
:10D3A0008091A00F9091A10FA091A20FB091A30F17
:10D3B0000196A11DB11D8093A00F9093A10FA09382
:10D3C000A20FB093A30FDECF8091770F9091780FCB
:10D3D000B0E0A0E04091A00F5091A10F6091A20F8A
:10D3E0007091A30F481759076A077B07C0F0809117
:10D3F000710F9091720F0497029708F072C00E940B
:10D40000EDC56B017C018091030180FD38C081E096
:10D4100080936C0F80E00E94AA440E94BB1380910D
:10D420006C0F882309F425CD10923D0E10923B0E0F
:10D4300010923A0E1092390E80917E0E90917F0ECE
:10D44000029709F0B8C08091780E9091790E2091E2
:10D45000760E3091770E8217930708F0ACC00097D4
:10D4600009F407CD1091730EBE016F5F7F4F0196D7
:10D470000E94165781113BC01093730EFACC0E9484
:10D48000EDC56C197D098E099F09613472448F4086
:10D49000910508F4B8CF85E58093A90F8CE48093BB
:10D4A000AA0F87E38093AB0F8091710F9091720F59
:10D4B0000597A9F488E48093AC0F80E28093AD0FC8
:10D4C00095E49093AE0F9EE49093AF0F94E4909305
:10D4D000B00F8093B10F89E00E9499C37FCD8CE497
:10D4E000EACF80E00E94401F811191CF77CDF0906C
:10D4F000730E1093730E09811A81C8010297039766
:10D5000008F459C08091780E9091790E009739F007
:10D510002091760E3091770E82179307C8F084E041
:10D520008093570F8091570F843009F4A2CC80E08C
:10D530000E9494480E94814981119BCC8091570F91
:10D54000823009F096CC67E070E08AE59CE062CC1E
:10D550006091450E7091460E8091470E9091480E55
:10D560008090410E9090420EA090430EB090440ED9
:10D57000680D791D8A1D9B1D0E94D832811105C03E
:10D5800066E070E085E09CE045CC8091780E90915B
:10D59000790E01969093790E8093780E0E948438CC
:10D5A000882309F466CCF092730EC8010E94613A98
:10D5B0008111B8CF5ECC84E08093570F81E00E9448
:10D5C000944857CC20915803222309F44AC002976B
:10D5D00009F047C080912C0E882309F44AC09FB7F8
:10D5E000F89480912C0E811110922C0E9FBF8823ED
:10D5F000C1F160914D0E70914E0E80914F0E909141
:10D60000500E0E94D832811110C066E070E08CEF9D
:10D610009BE00E94D31F8091570F823009F029CCE4
:10D6200066E070E08FE49CE0F5CB1092490E10921A
:10D630004A0E10924B0E10924C0E0E94F5278091CC
:10D64000550E9091560EA091570EB091580E892B01
:10D650008A2B8B2B89F58FB7F89491E090932B0E42
:10D660008FBF80913E0E90913F0E0297029708F077
:10D6700000CC80913D0E8111FCCB0E942C0F8115B6
:10D68000964008F0F6CB4091490E50914A0E6091B9
:10D690004B0E70914C0E8091550E9091560EA091AC
:10D6A000570EB091580E481759076A077B0708F0C4
:10D6B000E0CB0E940F39DDCB0E940F398111CBCF17
:10D6C000AACF079709F06EC00E947CAF8230910507
:10D6D00059F52FB7F8949091C0038091BF032FBFE5
:10D6E000992379F081110DC08091B3039091B40317
:10D6F000892B09F441C066E070E080EE9BE00E9457
:10D70000894E0E947CAF029769F48091B303909197
:10D71000B403892B39F00E94B11F8115964010F493
:10D720000E94C0AF0E947CAF9C012450310924307C
:10D73000310590F428E53FE04091580F41110AC0AF
:10D740008530910511F547ED5BE061E170E0C901BD
:10D75000232B29F50E94562F0E947CAF843091051F
:10D7600009F419CB08F4A0CA089708F09DCA88E507
:10D770009FE00E94D34E98CA0E94B11F892B09F0E6
:10D78000BACF80E00E943CB0BCCF079719F7232B9B
:10D7900009F34EEC5BE061E170E088E59FE00E94F8
:10D7A0000796D8CF8091260E823079F4809141027D
:10D7B00081110BC00E9440128115964030F4809177
:10D7C0004102811102C00E940C428091260E8430D9
:10D7D00061F08091260E853041F08091260E8630D2
:10D7E00021F08091260E873011F40E94562F9FB7AA
:10D7F000F8948091260E4ACB82E090E09093FF0E41
:10D800008093FE0E7ECA83E090E09093FF0E80939B
:10D81000FE0E1092FD0E1092FC0E1092FB0E0E9456
:10D82000E0246FCA8091FE0E9091FF0E019702973F
:10D8300008F067CA1092FF0E1092FE0E1092FD0EB5
:10D840001092FC0E1092FB0E0E94E0248091000FBB
:10D850009091010F029709F054CA81E08093FA0E6B
:10D860000E9494484ECA019789F08091FE0E9091D3
:10D87000FF0E029709F0BBC98091A40E8111B7C9B0
:10D880000E948F4881111BC081E016C00E948F4802
:10D890008111EBCF1092FB0E0E948064882309F463
:10D8A000A6C91092A40E81E02091FE0E3091FF0EC9
:10D8B0002230310509F080E08093A30E98C9809151
:10D8C000A30E882309F493C91092A30E0E94084F57
:10D8D0008EC990E0EBCA2F923F924F925F926F9267
:10D8E0007F928F929F92AF92BF92CF92DF92EF92F0
:10D8F000FF920F931F93CF93DF93CDB7DEB7CC5238
:10D90000D1400FB6F894DEBF0FBECDBF6C01C55D30
:10D91000DE4F79836883CB52D140CE018F5B9F4F1E
:10D920000E94E42ECE018F579F4F0E94E42ECE011D
:10D9300001965C010E94E42EC114D10439F0F60175
:10D9400080818F3219F48181811120C080E794E0B9
:10D950000E94C22E10E0812FC45DDE4F0FB6F894F6
:10D96000DEBF0FBECDBFDF91CF911F910F91FF9012
:10D97000EF90DF90CF90BF90AF909F908F907F906F
:10D980006F905F904F903F902F9008950E947A2F54
:10D99000882301F3C6010E94F5BF182F811122C010
:10D9A0006091891770918A176115710561F1CF53E4
:10D9B000DF4F1882C15CD040CE53DF4F1882C25C6B
:10D9C000D040CD53DF4F1882C35CD040605D7D4FA7
:10D9D00021E0A601CE018F539F4F0E94268388230A
:10D9E00009F466C040E0B601CE010D960E94F82E03
:10D9F000182F8111CDC00E947A2F882309F4AACF55
:10DA00008CE594E05CC0E0908B17F0908C17E114EB
:10DA1000F10409F44DC0C45EDE4F1882CC51D140F0
:10DA2000C35EDE4F1882CD51D140C25EDE4F1882F8
:10DA3000CE51D140C75DDE4FD982C882C952D14094
:10DA4000C351DF4F1882CD5ED040C251DF4F1882E4
:10DA5000CE5ED040C151DF4F1882CF5ED040F7017B
:10DA6000E45AFD4F8081807519F1F60180818F3273
:10DA700049F5C75DDE4FE881F981C952D140808107
:10DA80008F3241F43196C75DDE4FF983E883C95286
:10DA9000D140EFCFF0EDEF1AFDEFFF0AF70160A1E3
:10DAA00071A1CE018F539F4F0E94F58A811155C0FD
:10DAB0000E947A2F882309F44DCF85E694E00E94D6
:10DAC000C22E49CFF0EDEF1AFDEFFF0AC75DDE4F22
:10DAD00068817981C952D1409E01275D3E4FAE01D8
:10DAE000415E5E4FCE0180519F4F0E94A1928823DC
:10DAF000F9F2C75DDE4FE881F981C952D1408081DA
:10DB00008823E1F120E0AE01415E5E4FB701CE0116
:10DB100080519F4F0E94A28F882321F18FE2FE0146
:10DB2000E051FF4FDE01AF53BF4F01900D928A9538
:10DB3000E1F7CE0180519F4F0E94908BC45EDE4F73
:10DB40001882CC51D140C25EDE4F1882CE51D140F6
:10DB5000FE01EF53FF4F7F01B9CFCE018F539F4F8F
:10DB60007C01B4CFAE01415E5E4FB701CE01805162
:10DB70009F4F0E9452928111D1CF9ACFAE01415E48
:10DB80005E4FB701CE0180519F4F0E94529227CF26
:10DB9000CE010D960E94F842182FCE010D9611115C
:10DBA00005C00E94CDCF84E594E089CF0E94CDCFFF
:10DBB00081E594E00E94C22E01E410E00C0F1D1FCD
:10DBC000045F1F4F40E0B601C8010E94F82E81118A
:10DBD00011C001E410E00C0F1D1F045F1F4FC801AE
:10DBE0000E94482F882319F0C8010E94CDCF80E9F8
:10DBF00094E0AECEC8010E94F842882351F3F12C84
:10DC0000E12C280101E810E00C0F1D1F045F1F4FDD
:10DC10003E01F8E06F0E711C8AE0282EB201C801A7
:10DC20000E940ED1882309F48BC0F50180E4119283
:10DC30008A95E9F7B501C8010E942DC021961FAE53
:10DC40002197C8010E94F842811169C0F501019035
:10DC50000020E9F7CF010C978A159B0509F05FC0FA
:10DC600089810E943D86823509F059C08A810E94CF
:10DC70003D86853409F053C08B810E943D868334F4
:10DC800009F04DC088858E3209F049C0FE013496F6
:10DC9000912C812C819190ED980F9A3008F03FC023
:10DCA000289C6001299CD00C1124C80ED11C87FD32
:10DCB000DA94460180E3881A9108E615F70551F7D2
:10DCC00089850E943D868735B9F48A850E943D8604
:10DCD000813429F58B850E943D86863501F5E1E387
:10DCE000CE1AD108FFE0CF16F7E2DF06C0F4E81441
:10DCF000F904A8F4740113C08C34A9F43A84832D78
:10DD00000E943D86853429F48B850E943D868035AE
:10DD100031F391E3391203C08B85863301F3C801D7
:10DD20000E94CDCF7BCF8D34D1F78A850E943D866E
:10DD30008A35A9F78B850E943D86863481F7CFCF3F
:10DD4000C2010E94CDCF0E947A2F182F882309F498
:10DD500002CE8FE0E81687E2F80618F081E894E03A
:10DD6000F7CD9FEFE91AF90AC55DDE4FE881F98129
:10DD7000CB52D140F182E0828EE794E0A0CEAF9208
:10DD8000BF92CF92DF92EF92FF920F931F93CF93A8
:10DD9000DF93FB01E05CFF4F2081FC01E05CFF4F63
:10DDA0003081332321F0211104C08FEF2FC02111C6
:10DDB00018C08B01EC016C015B01F60181916F01D0
:10DDC000F501F1905F01882371F0FF2051F00E946E
:10DDD0003D86E82E8F2D0E943D86E81630F38E1585
:10DDE00060F781E013C0F110E0CFCA5BDF4F4881DC
:10DDF0005981F801EA5BFF4F2081318142175307B7
:10DE0000A0F281E02417350708F080E0DF91CF9180
:10DE10001F910F91FF90EF90DF90CF90BF90AF9048
:10DE200008950F931F93CF93DF93FC01E05CFF4FA6
:10DE3000C081C11131C03196C081C1112DC0DC013A
:10DE40000D900020E9F71197A81BB90BA430B1057C
:10DE500048F18C010A0F1B1FF801349780818E3224
:10DE600009F5319680810E943D868D34D9F4F80100
:10DE7000329780810E943D86D82FF80131978081AA
:10DE80000E943D86893471F4D63431F0D43521F0C6
:10DE9000C1E0DA3509F4C0E08C2FDF91CF911F91FA
:10DEA0000F910895C1E0F8CFFC01662399F0DC01E1
:10DEB00090E08D91811109C0DF01A90FB11D80E2B1
:10DEC0009F5F8D939031E1F703C09F5F903189F799
:10DED0006787108A0895DC011E96ED91FC911F97CB
:10DEE000E130F10521F490968C9181110BC0E43062
:10DEF00008F0E0E0F0E0EE0FFF1FE252FC4E8591EB
:10DF00009491089586EE93E10895CF92DF92EF9277
:10DF1000FF920F931F93CF93DF9300D01F921F9216
:10DF2000CDB7DEB78C01362FCA01AE014F5F5F4F10
:10DF30007A01FA0120E04AE0C42ED12C2F5FB6010D
:10DF40000E94B4E9805D8193CB01009711F02530E8
:10DF5000A9F7EFEFE20FF0E03196EE0DFF1D832FF2
:10DF6000D801A80FB11D92919C938F5FEE15FF050C
:10DF7000B9F7832F820F0F900F900F900F900F9093
:10DF8000DF91CF911F910F91FF90EF90DF90CF9095
:10DF9000089510929E0D10929D0D10929C0D089563
:10DFA0004FB7F8942091DF043091E0048091FE0C8B
:10DFB0009091FF0C4FBF821B930B08954FB7F894BD
:10DFC0002091DD043091DE048091DB049091DC042B
:10DFD0004FBF821B930B089510923F0F1092890D33
:10DFE0001092400F10923E0F8FEF809354021092C8
:10DFF0003D0F08951092A50E1092A60E089510924E
:10E000003D0D10923C0D10923B0D10923A0D109266
:10E01000390D1092380D1092370D1092360D109266
:10E02000350D08956817790760F0681B790B6C5FF0
:10E030007F4F53E0769567955A95E1F7860F971FC6
:10E0400008959C012D5F3F4F261B370B43E036950B
:10E0500027954A95E1F7821B930B08956115710589
:10E06000B9F034E1389FF001399FF00D1124469F3B
:10E07000C001479F900D1124E817F90748F0269F2B
:10E08000A001279F500D112481E04E175F0708F46F
:10E0900080E008959C016091430D7091440D6630BD
:10E0A0007105F1F4E091410DF091420D3097B1F01E
:10E0B000A4E2B4EF0E94F2E99F0136952795620F22
:10E0C000731F811D911D9F0150E040E00E94C8E92F
:10E0D0002115310581E048075105B8F4C9010895BB
:10E0E00064307105D9F7A2E3B0E00E94F2E99B0128
:10E0F000AC01285F3F4F4F4F5F4F84E056954795E7
:10E10000379527958A95D1F7E3CF8FEF9FEF089545
:10E110008091C70D882351F08091B50D882331F08F
:10E1200081E09091AC0D911101C080E008951092B2
:10E13000880D1092870D1092450FEFEBFDE01382D2
:10E14000128211821082EBE7FDE0118210821092A0
:10E150007A0D1092790D1092750D1092760D109225
:10E16000770D1092780D1092B60D1092B70D109297
:10E17000B80D1092B90D1092BA0D1092BB0D1092FD
:10E18000BC0D1092BD0D10926C0D10926D0D109281
:10E190006E0D10926F0D1092860D1092730D1092ED
:10E1A000BE0D10927D0D1092740D1092340D1092D0
:10E1B000330D1092320D1092AB0D1092AA0D1092E9
:10E1C000720D1092710D1092700D10926B0D0895DA
:10E1D0008091790DE82FF0E0DF01AA0FBB1FA15459
:10E1E000B24F2D913C91232B51F0E558F24F908185
:10E1F000911105C091E0908389278093790D08954E
:10E20000CF93DF939091790DE92FF0E0DF01A558CE
:10E21000B24F2C91211133C02AEB31E1992311F037
:10E220002AEB3FE0EE0FFF1FE154F24F4081518196
:10E23000EA012196D183C083240F351FF901808321
:10E240004091B60D5091B70D6091B80D7091B90D18
:10E250004F5F5F4F6F4F7F4F4093B60D5093B70D99
:10E260006093B80D7093B90D81E0C115D24021F4CF
:10E270008C9398279093790DDF91CF91089580E04A
:10E28000FBCF0F931F93CF938C01C0E0F8018191D6
:10E290008F010E940071882319F0CF5FC038B1F759
:10E2A000CF911F910F91089580915A0D91E0892788
:10E2B00080935A0D10925B0D1092260D1092250D31
:10E2C0001092210D1092220D1092230D1092240D08
:10E2D0001092200D10921F0D10921E0D10921D0D08
:10E2E00010921C0D08958091200D811106C080911F
:10E2F0001F0D811102C080911E0D08958F929F9273
:10E30000AF92BF92CF92DF92EF92FF92CF93DF93C3
:10E310009091600D292F30E0F901E759F24F4081CB
:10E32000411165C0A901440F551FDA01AD53B24F29
:10E33000CD91DC9111978090650D9090660DA09025
:10E34000670DB090680D750164016FEFC61AD60AAB
:10E35000E60AF60ABE016F5F7F4F2097F9F4220F9D
:10E36000331F220F331FF901E75DF24F8082918244
:10E37000A282B38291113DC021E030E03093C40D00
:10E380002093C30D8093BA11C092650DD092660D93
:10E39000E092670DF092680D81E01EC02AEB31E13A
:10E3A000992311F02AEB3FE04D53524FDA016D9360
:10E3B0007C93C20FD31F8883C092650DD092660DE7
:10E3C000E092670DF092680D81E06115724021F4D2
:10E3D000808398279093600DDF91CF91FF90EF900D
:10E3E000DF90CF90BF90AF909F908F90089580E086
:10E3F000F3CF21E030E02D933C938093BA0FC4CF4C
:10E40000DC019FB7F8942091150D3091160D4091C5
:10E41000130D5091140D80E04217530769F0F90174
:10E42000F770E350FB4F80818C932F5F3F4F309309
:10E43000160D2093150D81E09FBF08954FB7F894F6
:10E440002091150D3091160D8091130D9091140DA2
:10E450004FBF821B930B08952091290230912A020D
:10E460008217930710F090E080E010922001109244
:10E4700021012091290230912A0221503109309343
:10E48000290120932801909325018093240182E0A3
:10E490008ABB809173008260809373008091280210
:10E4A00088608093210108952091130D3091140DFF
:10E4B0004091130D5091140D6091150D7091160D32
:10E4C000461B570B4F3F574069F0F901F770E35077
:10E4D000FB4F80832F5F3F4F3093140D2093130D1C
:10E4E00081E0089580E008958091180D882349F017
:10E4F0008295807F0E945472882321F01092180D1B
:10E50000089581E0089582E08ABB0E9474728111AF
:10E5100002C080E0089582E00E9454728823C9F30B
:10E5200091E09093190D08958F929F92AF92BF92B0
:10E53000CF92DF92EF92FF920F931F9342305105DB
:10E540006105710560F480E01F910F91FF90EF90DD
:10E55000DF90CF90BF90AF909F908F900895FC0177
:10E56000E45EFD4FC080D180E280F380EFEFCE1AF1
:10E57000DE0AEE0AFE0AC416D506E606F70618F30A
:10E58000480159016A01FC01E05FFD4F37E07695D3
:10E590006795579547953A95D1F70081118122816A
:10E5A0003381400F511F621F731F21E00E9485CAF3
:10E5B000009749F2CC0CDD1CCC0CDD1CF1E0DF2215
:10E5C000C80ED91EF60180829182A282B38281E0B8
:10E5D000BBCF0F931F93CF93DF93EB01E42FDC01AD
:10E5E000AC5DBD4F4D915D916D917C9113970C8108
:10E5F0001D812E813F81402351236223732329E013
:10E6000076956795579547952A95D1F70881198191
:10E610002A813B8102501109210931091B96FC9185
:10E6200004C0000F111F221F331FFA95D2F7400FAD
:10E63000511F621F731F57970D911D912D913C9192
:10E64000400F511F621F731F2E2F0E9485CA009713
:10E6500029F02C813D813170820F931FDF91CF9182
:10E660001F910F9108956091460D20914B0D3091AF
:10E670004C0D6623F9F0862F8695820F932F911DFE
:10E6800070E00E94B4E9E8E4FDE08CE0DF011D9257
:10E690008A95E9F785E08093450D660F771FCB01DA
:10E6A000019663E070E00E94B4E97093470D6093B7
:10E6B000460D089570E060E0E6CF8091460D4091F0
:10E6C0004B0D50914C0D282F30E070E060E0882316
:10E6D00039F08695840F952F911DB9010E94B4E9F8
:10E6E000EAE4FDE08AE0DF011D928A95E9F782E025
:10E6F0008093450D7093470D6093460D3093490DFF
:10E700002093480D8FEF80934A0D089581E0809308
:10E71000450DE6E4FDE08EE0DF011D928A95E9F704
:10E720008091C70D811102C01092C90D0895CF9339
:10E73000DF93EC010E944FC9882341F0C45DDD4F97
:10E7400088819981DF91CF910C94A7C980E0DF91F6
:10E75000CF910895AF92BF92CF92DF92EF92FF9246
:10E760000F931F93CF93DF93EC016A017B01590153
:10E770008B819C81AD81BE818C159D05AE05BF0549
:10E7800090F49501B701A60189819A810E940DCA72
:10E79000DF91CF911F910F91FF90EF90DF90CF907D
:10E7A000BF90AF900895400F511F611D711D8417D8
:10E7B0009507A607B70728F7CE010E944FC9811118
:10E7C000E0CFE6CF4F925F926F927F928F929F92AF
:10E7D000AF92BF92CF92DF92EF92FF920F931F936F
:10E7E000CF93DF936C014B01D42F5901F801211510
:10E7F000310521F0D9018C9181113AC0F4019C2D91
:10E80000D60184918D9331968A2F891B8D17C8F379
:10E81000F601ED0FF11D82E58083E1E0ED0FEC0DD7
:10E82000FD2DF11D85E4808383E08D0FE2E0ED0F87
:10E83000EC0DFD2DF11D93E49083F601E80FF11D21
:10E8400090E291938F5F8031E1F7F601108ADF91BA
:10E85000CF911F910F91FF90EF90DF90CF90BF90DD
:10E86000AF909F908F907F906F905F904F900895A2
:10E8700010E1141B00E08D91882309F460C00F5F44
:10E880000F33C9F7808181110AC081E080830E9423
:10E890006AC6D7016D937D938D939C931397C02F78
:10E8A000C11B2C2F30E0ACE2B1E00E94F2E92B0159
:10E8B0003C010E946AC6F701208131814281538167
:10E8C000621B730B840B950BA30192012053384FED
:10E8D0004F4F5F4F0E94C8E9603BF4E07F0781051E
:10E8E000910580F1605B744081099109641575059B
:10E8F0008605970550F42CE231E040E050E00E949C
:10E90000C8E92F5F2C1708F4C22FF4019C2DD60103
:10E9100084918D9331968A2F891B8D17C8F3F60148
:10E92000ED0FF11D1C0F80E2C01720F4D501AC0FD4
:10E93000B11D8C918193CF5F1C13F5CF86CF10173B
:10E9400008F4A0CFC0E0E1CF4F925F926F927F9228
:10E950008F929F92AF92BF92CF92DF92EF92FF92EF
:10E960001F93CF93DF93FC016115710521F0DB014B
:10E970008C9181111BC080E580838CE4818381E4CC
:10E98000828389E5838314821092A80DDF91CF9151
:10E990001F91FF90EF90DF90CF90BF90AF909F902E
:10E9A0008F907F906F905F904F900895D42F41315A
:10E9B00008F0D0E1DB0185E095E110E031E22D9136
:10E9C000222351F0389FA001399F500D1124CA0114
:10E9D00082271F5F1F3999F76B017F012091A60DD8
:10E9E0003091A70D2817390721F42091A50D211783
:10E9F000E1F09093A70D8093A60D1093A50D1092B2
:10EA0000A80DD11708F46AC0C0E0F7019C2F9D0F34
:10EA1000C91709F45EC080E2C11720F4D601AC0F1B
:10EA2000B11D8C918193CF5FF3CFD11768F7C12FC0
:10EA3000CD1B2C2F30E0ACE2B1E00E94F2E92B01BB
:10EA40003C015C014B01B0ED8B0EB7E09B1EA11C9D
:10EA5000B11C8091A80D81110DC081E08093A80D9B
:10EA60000E946AC66093A10D7093A20D8093A30DBE
:10EA70009093A40D0E946AC62091A10D3091A20D21
:10EA80004091A30D5091A40D621B730B840B950B49
:10EA9000A50194010E94C8E9603B24E0720781054A
:10EAA000910508F4B1CF605B744081099109641548
:10EAB00075058605970508F0A8CF2CE231E040E007
:10EAC00050E00E94C8E92F5F2C1708F09ECFC22F9C
:10EAD0009CCFF701ED0FF11D108258CFC12FCD1B38
:10EAE0002C2F30E0ACE2B1E00E94F2E92B013C01B6
:10EAF0005C014B0180ED880E87E0981EA11CB11CC3
:10EB0000ACCFCF93C82F0E946AC620919E0D2C17C0
:10EB100051F0C0939E0D66577D4F70939D0D60938D
:10EB20009C0D80E00BC020919C0D30919D0D621BCF
:10EB3000730B77FDF6CF0E94C96F81E0CF910895E6
:10EB40001092120F0E946AC66C577C4F7093EE0EA3
:10EB50006093ED0E1092A00D10929F0D0895CF932B
:10EB6000DF931F921F92CDB7DEB7809152028823A8
:10EB7000B9F080914A0290914B02019739F580914A
:10EB8000BE0D882369F08091AA0D9091AB0D8A305B
:10EB900038F4BE016F5F7F4F0E940B28811120C0A7
:10EBA00080915202882301F180914A0290914B0298
:10EBB0000197D1F0E091AC0D8FEF8E0F8830A0F46B
:10EBC000F0E0EE0FFF1FEE5FFA4E1AC08091A90D24
:10EBD000882331F38091410F9091420F9A8389836A
:10EBE000E981FA81E03138F080E090E00F900F90F9
:10EBF000DF91CF910895FF27EE0FFF1FEE51FB4EDF
:10EC000085919491F3CF9F92AF92BF92CF92DF9272
:10EC1000EF92FF920F931F93CF93DF93EC01A62EF9
:10EC2000942E0E94AF758C01892B09F4CBC0B09053
:10EC30005202BB2009F48BC080914A0290914B0292
:10EC4000019709F091C08091BE0D882309F4BAC0E4
:10EC5000C090BA0DD090BB0DE090BC0DF090BD0DF2
:10EC6000C114D104E104F10409F48FC08091B60D00
:10EC70009091B70DA091B80DB091B90D8038910564
:10EC8000A105B10520F480E890E0A0E0B0E0805854
:10EC90009109A109B1099601A7018C159D05AE0541
:10ECA000BF0510F49C01AD01A4E6B0E00E9401EAAA
:10ECB000A70196010E94C8E9FE01CE01409630E20C
:10ECC00031938E179F07E1F782E5A11080E58883D5
:10ECD00085E4A11081E4898383E4A11085E58A831A
:10ECE000DE01149690E080E0F801E80FF91FE4914E
:10ECF000EE2329F0ED93019687309105A9F780E284
:10ED0000243608F081E38B8790E22A3040F03AE025
:10ED1000822F632F0E94A8E90E94A8E9905D9C873A
:10ED2000822F6AE00E94A8E9905D9D8785E28E8728
:10ED3000A1104AC0243650F00E946AC6662772703D
:10ED4000672B21F080E2888389838A83188A8B2D40
:10ED5000DF91CF911F910F91FF90EF90DF90CF90B7
:10ED6000BF90AF909F9008958091B50D882351F189
:10ED7000C090B10DD090B20DE090B30DF090B40DF5
:10ED8000C114D104E104F10411F424E695CF2091DB
:10ED9000AD0D3091AE0D4091AF0D5091B00DA4E688
:10EDA000B0E00E9401EAA70196010E94C8E9253659
:10EDB00031054105510508F47FCF24E630E040E0FD
:10EDC00050E07ACFB12CC3CF911002C08FE3982EC0
:10EDD0009F86BCCF0E94BF50E4E0F1E080818E7F2F
:10EDE0008083E5E0F1E080818E7F80831092DA04F9
:10EDF0001092D9041092D8041092D7041092D6041D
:10EE00001092D5041092D4041092D3041092D2041C
:10EE10001092D1041092D0041092CF041092CE041C
:10EE20001092CD0410929B0D10929A0D1092BA136D
:10EE30001092450F1092960D1092970D1092980D0A
:10EE40001092990D1092920D1092930D1092940DB4
:10EE50001092950D1092910D1092900D10928F0DB1
:10EE60000E94EC6F10928E0D10928D0D10928C0DF1
:10EE700010928B0D10928A0D0895CF93C82F809316
:10EE8000C80D1092C70D1092570D1092560D10928A
:10EE9000550D1092540D1092C90D7093440D60934E
:10EEA000430D2115310581E04807510518F020E098
:10EEB00030E0A901C9013093420D2093410D109219
:10EEC000400D10923F0D6630710509F040C000976B
:10EED000A1F096958795B0E0A0E0BC01CD01875FD9
:10EEE000924C0E94C8E92115310581E0480751057F
:10EEF00020F43093400D20933F0DC0933C0F1092AF
:10EF0000A90D1092B50D1092B10D1092B20D109284
:10EF1000B30D1092B40D1092AD0D1092AE0D109273
:10EF2000AF0D1092B00D10923E0D1092AC0D0E94DC
:10EF300086730E94FF6F80913C0F882319F0CF9158
:10EF40000C94402C1092450DCF910C94BF28CC23EB
:10EF5000A1F264507109C1E06230710570F2C0E045
:10EF6000CCCF6093B10D7093B20D8093B30D90939D
:10EF7000B40D1092AD0D1092AE0D1092AF0D109217
:10EF8000B00D21E02093B50D0C9466C12091C80D01
:10EF90002223F1F02091C70D21111AC00097C1F072
:10EFA000FC01319681E1A9ECBDE001900D928A95BA
:10EFB000E1F71092DA0D40E061E189EC9DE00E94FA
:10EFC00041288093C70D882319F087E08093450D71
:10EFD00008954F925F927F928F929F92AF92BF92CD
:10EFE000CF92DF92EF92FF920F931F93CF93DF9315
:10EFF0001F921F92CDB7DEB7772473948AEF482E05
:10F00000512C98E8C92ED12C21E7A22EB12C30E644
:10F01000832E912C8091881490918914009709F483
:10F0200048C120918A1440918B1450918C146091A6
:10F030008D1470918E14E0909314F09094141092AB
:10F040008914109288148130910509F098C00091BC
:10F05000CA041091CB04C8010E94C6771092A90D72
:10F060001092B50D10923E0D1092AC0D01151105C8
:10F07000D1F0F801808D8130B1F4BE016F5F7F4F18
:10F08000C8010E94B02C882371F089819A810E9466
:10F090000DC38093A90DF801628D738D90E080E01F
:10F0A0000E94B177B7CFC8010E94D42C882349F0C1
:10F0B00070923E0D6AE570E080E090E00E9466C1CB
:10F0C000A9CF8091C8039091C9030E944A70AC01F6
:10F0D0004A5F51098A3F910530F4A201481B590B40
:10F0E0008838910520F1BC01685871099C012157AD
:10F0F000310980569109F0E4EF1AFFE1FF0AE9E8CF
:10F10000EE16E3E1FE0648F48217930730F4861703
:10F11000970718F48417950730F164177507C0F442
:10F120002617370708F4BEC08BE090E01EC0B6017A
:10F13000681B790B81379105C8F69501281B390B9F
:10F1400080369105B0F6F401E81BF90BCF01D3CF5F
:10F150002417350708F0AAC02617370708F0A6C0FD
:10F160008CE090E002C08EE090E09093420F80939C
:10F17000410F7092A90DF801628973898FCF823097
:10F18000910509F03FC080913E0D8823D1F0809118
:10F190009D14882309F441C0809199148230E8F5C8
:10F1A0004A3551056105710508F034CF872590E88F
:10F1B000899FF0011124E40FF51FE653FC4F2083D3
:10F1C00029CF8091B50D882309F424CF4F5F5F4F7D
:10F1D0006F4F7F4F8091B10D9091B20DA091B30D03
:10F1E000B091B40D481759076A077B0710F4DB018B
:10F1F000CA018093AD0D9093AE0DA093AF0DB09367
:10F20000B00D08CF83309105C1F580913E0D882364
:10F21000D9F180919D14811107C010923E0D10927A
:10F22000A90D1092B50DF6CE009199140230A8F7F1
:10F230008091CA049091CB0410923E0D0E94D42C70
:10F24000882369F30725E0E80E9F80011124065307
:10F250001C4FBE016F5F7F4FC8010E94802C882326
:10F26000F1F289819A810E940DC38093A90DF80162
:10F27000E35BFF4F6081718111CF049709F0CACE23
:10F2800080913E0D8111C9CF8091B50D882309F47D
:10F29000C1CE8091B10D9091B20DA091B30DB091FE
:10F2A000B40DA7CF2417350708F45ACF90E080E0BB
:10F2B0005CCF0F900F90DF91CF911F910F91FF9036
:10F2C000EF90DF90CF90BF90AF909F908F907F9006
:10F2D0005F904F9008951F93CF93DF93182FEB010A
:10F2E00061E1442379F01092D30D1092D40D109265
:10F2F000D50D1092D60D1092D70D1092D80D1092F8
:10F30000D90D6AE01092DA0D40E089EC9DE00E9490
:10F310004128811105C0DF91CF911F910C94867314
:10F3200021E02093C70D1092A90D10923E0D10936D
:10F33000AC0DCE01B0E0A0E08093B10D9093B20D82
:10F34000A093B30DB093B40D1092AD0D1092AE0D0D
:10F350001092AF0D1092B00D2093B50D0E94BF28F2
:10F36000DACFEF92FF920F931F93CF93DF93EC01CD
:10F37000062F80913C0F882309F4C6C1CE010E945C
:10F38000402981110E94E9771091450D112309F45C
:10F39000BBC1173009F4B8C18091C70D811108C0F5
:10F3A000CE0101978115944008F441C00E94FF6F7F
:10F3B0001091450D173009F4A7C180913C0F8823A7
:10F3C00009F4A2C1112309F49FC1209711F1C130A2
:10F3D00084E0D80708F0EEC08091430D9091440D71
:10F3E0008630910509F0D6C0A0913F0DB091400D37
:10F3F000109709F4DFC09E010E94F2E97C5F8F4FF5
:10F400009F4FEBE09695879577956795EA95D1F7AD
:10F41000EB01CE0101978038924008F4CEC0DF9115
:10F42000CF911F910F91FF90EF900C94867381E024
:10F43000011101C080E090913D0D91110AC091E051
:10F4400090933D0DD0933C0DC0933B0D80933A0DAE
:10F45000AFCF90913A0D98130FC0D0933C0DC0934D
:10F460003B0D1092390D1092380D1092370D1092FD
:10F47000360D1092350D9CCF80913B0D90913C0D37
:10F480008C0F9D1F10923D0D811530E2930748F7B8
:10F4900003E0880F991F0A95E1F72091380D30910C
:10F4A000390D2115310559F49093390D8093380D9C
:10F4B00081E090E09093370D8093360DDACFBC0158
:10F4C000621B730B8217930718F4B901681B790B41
:10F4D000A90156954795569547954830510510F422
:10F4E00048E050E046175707F8F28217930708F4F0
:10F4F0003EC0821B930B0496A3E096958795AA9530
:10F50000E1F7820F931F9093390D8093380D80910E
:10F51000360D9091370D8F3F980729F00196909303
:10F52000370D8093360D8091360D9091370D8F3FBA
:10F53000910509F008F43CCF8091350D811138CF49
:10F540008091380D9091390D0E944A7021E02093EE
:10F55000350D1550123008F42BCF805491098F3798
:10F56000910508F025CF87E08093450D21CFA901B3
:10F570004C5F5F4FBA01681B790BCB01F3E09695A6
:10F580008795FA95E1F7281B390B3093390D2093B5
:10F59000380DBDCF049741F489E1DE018A9FE00177
:10F5A0008B9FD00D112435CF73E0CC0FDD1F7A95E2
:10F5B000E1F72FCFCFEFDFEF2CCF113009F081C073
:10F5C0006091460D611109C0D093480DC093470D5D
:10F5D000D0934A0DC093490D12C08091470D909170
:10F5E000480DC817D90720F4D093480DC093470D94
:10F5F0008091490D90914A0D8C179D0748F3809199
:10F600004B0D90914C0DC80FD91FD0934C0DC0934A
:10F610004B0D6F5F6093460D603208F475C0862F06
:10F6200086958C0F9D2F911D70E00E94B4E98B018F
:10F63000E090470DF090480D26E14FE0C7010E9491
:10F640002E70C82F882351F02AE142E1B801809141
:10F65000490D90914A0D0E942E70C82F21E149E07A
:10F66000B801C7010E942E70882349F024E248E1C6
:10F67000B8018091490D90914A0D0E942E70909191
:10F68000AC0D2FEF290F243058F4CC2309F4C7CE4A
:10F69000DF91CF911F910F91FF90EF900C945D73CC
:10F6A0009550943058F4882309F4B9CEDF91CF9166
:10F6B0001F910F91FF90EF900C943373CC2399F32B
:10F6C000E7CF1230D1F5E090460DF090470D29E1DB
:10F6D0004FE0B701CE010E942E700091480D1091AD
:10F6E000490D8823C1F0BE01C7010E94127090939A
:10F6F000470D8093460D0F3F100731F00F5F1F4FEE
:10F700001093490D0093480DDF91CF911F910F91F8
:10F71000FF90EF9008950F3F110509F008F47FCE98
:10F720002CE042E0B701CE010E942E70882309F43C
:10F7300076CE83E08093450DE7CF1330E9F46091F6
:10F74000460D7091470D2DE042E0CE010E942E70D3
:10F75000882309F464CE8FEF80934A0D10924B0DED
:10F7600010924C0D10924D0D10924E0D1092490DAD
:10F770001092480D84E0DECF143009F0F6C00091FD
:10F78000460D1091470D26E144E0B801CE010E94DC
:10F790002E70882309F443CE85E08C9FA0018D9FB5
:10F7A000500D11249801220F331F200F311F81E0CB
:10F7B0004217530708F480E090914A0D9F3F19F4D7
:10F7C00080934A0DA1CF89132ACE9FEF90934A0DC3
:10F7D000C0914C0DCC0FC82BC0934C0D80914B0D9C
:10F7E0008F5F80934B0D883009F08ECF10924C0DB7
:10F7F00010924B0D0E94887090914D0D882399F1C5
:10F80000911109C0CF3F09F00ACEC0934E0D81E09F
:10F8100080934D0D79CF8091AD0D9091AE0DA0915B
:10F82000AF0DB091B00D4091B10D5091B20D6091FE
:10F83000B30D7091B40D84179507A607B70788F428
:10F8400020914E0DC227C0934E0D0196A11DB11DF2
:10F850008093AD0D9093AE0DA093AF0DB093B00D0E
:10F8600053CF87E067CF911115C0C111D8CD8EEF6E
:10F87000890F8A30A0F4E92FF0E0E953F24FC083FA
:10F8800080914E0D9D30E1F42091480D3091490D4D
:10F890003C2B09C0913059F7C43048F3C0CD2C2F10
:10F8A00030E09C3069F73093490D2093480D8091EA
:10F8B0004E0DC827C0934E0D9F5F90934D0D24CFE2
:10F8C0009231A8F3C813ABCD6091480D7091490DEA
:10F8D000C80182539140023331E0130738F482E3C8
:10F8E00091E0801B910B093E110520F19801295EE2
:10F8F0003109A801485C5109085A11090417150774
:10F9000030F40217130718F40817190740F14217CB
:10F91000530718F44817590720F12817390718F525
:10F9200082E041E0DF91CF911F910F91FF90EF9026
:10F930000C946B7929EE30E0201B310B083C11054B
:10F94000C0F648EC50E0401B510B083A1105A0F6F8
:10F95000E8EAF0E0DF01A01BB10B8D01CFCF84E01E
:10F96000E0CF83E0DECF81E0DCCF8BEF810F823010
:10F9700008F055CDE090460DF090470D2DE14CE09C
:10F98000B701CE010E942E70882389F1BE01C70104
:10F990000E9412709093470D8093460D80914E0DFA
:10F9A000811104C081E080934E0DAECE10924E0DB9
:10F9B00050E0153009F060C040914D0D80914C0D24
:10F9C00090E09C01220F331F252B277020934C0DB4
:10F9D000433030F54F5F40934D0D433009F094CEE6
:10F9E00083E090E09093490D8093480D8DCE26E3FF
:10F9F0004DE1B701CE010E942E70882309F40FCD8E
:10FA0000BE016F5F7F4F76956795C7010E941270A8
:10FA10009093470D8093460D10924E0D51E0C9CF43
:10FA20002091480D3091490D82FB882780F985137C
:10FA30000BC02F3F320709F467CE2F5F3F4F309343
:10FA4000490D2093480D60CE2F3F310549F240F219
:10FA500010924F0D1092500D1092510D1092520DA8
:10FA60001092490D1092480D10924B0D10924A0DB4
:10FA70001092530D86E05ECE552331F080914F0DEC
:10FA800091E0892780934F0D8091500D90914F0DFB
:10FA9000913061F021E030E0082E01C0220F0A947D
:10FAA000EAF79091510D922B9093510D8F5F8093B7
:10FAB000500D883009F028CEC091510D1092510D93
:10FAC0001092500D0E9488709091520D8823E9F198
:10FAD000911106C0C13009F0A2CCC093520D14CED2
:10FAE0004091AD0D5091AE0D6091AF0D7091B00D84
:10FAF0000091B10D1091B20D2091B30D3091B40D64
:10FB00004017510762077307B8F480914A0D90912E
:10FB10004B0D8C0F911D90934B0D80934A0D4F5FB1
:10FB20005F4F6F4F7F4F4093AD0D5093AE0D60937D
:10FB3000AF0D7093B00DE8CD913009F092CEC09327
:10FB4000530D82E08093520DDFCD911115C0C1118C
:10FB500066CC8FEF890F87FD37C020914A0D309119
:10FB60004B0DC20FD32FD11DD0934B0DC0934A0D17
:10FB70009F5F9093520DC8CD913041F4C23018F080
:10FB8000C63709F04CCCC0934C0DE3CF80914C0D9F
:10FB9000811112C09C3090F02C2F30E0933139F05D
:10FBA0009431B9F62091480D3091490D3C2B30939A
:10FBB000490D2093480DCDCF933170F7E92FF0E038
:10FBC000E953F24FC083E8CF913819F4C093530D35
:10FBD000CFCF923869F68091530D9C2F20914A0D1A
:10FBE00030914B0D8217930709F019CC41E08091B9
:10FBF0004C0D811140E06091480D7091490D80914C
:10FC0000460D9091470D9C01285631098836910583
:10FC100038F428E630E0281B390B8A35910500F1CD
:10FC2000FC01EA55F109DC01AF54B1098654910990
:10FC30008A179B0730F48E179F0718F482179307D3
:10FC400020F1AE17BF0728F487E0A217B30708F426
:10FC500069CE86E0E217F30708F464CE85E062CE51
:10FC6000EAE5F0E0E81BF90B8F349105E0F6AFE42C
:10FC7000B0E0A81BB90B86349105C0F6C6E4D0E00D
:10FC80008E01081B190BC801D3CF88E04BCECF9350
:10FC9000CFB7F894E4E0F1E080818E7F8083E5E0E7
:10FCA000F1E080818E7F8083809103018170809359
:10FCB000C7038091C7038093590D10921B0D1092BA
:10FCC0001A0D1092190D1092180D1092170D90E048
:10FCD00080E00E942C7282E08093CC040E94E32D8D
:10FCE00081E00E94C948CFBF81E0CF9108952F9253
:10FCF0003F925F926F927F928F929F92AF92BF924C
:10FD0000CF92DF92EF92FF920F931F93CF93DF93E7
:10FD1000EC014B017A0139018A8180FFD2C08881D0
:10FD200083FF16C0888D998DAA8DBB8D488959890E
:10FD30006A897B89841B950BA60BB70BA70170E022
:10FD400060E0481759076A077B07A0F07C0112C0E2
:10FD500086FF10C0EE81FF818781908545E0880F86
:10FD6000991F4A95E1F728893989821B930B8E15D3
:10FD70009F0560F36701512C1E018CE0280E311C99
:10FD8000C114D10409F4ECC088899989AA89BB8976
:10FD9000EE81FF818C0111702881AC01BD0139E039
:10FDA00076956795579547953A95D1F726FF30C0D8
:10FDB000858D968DA78DB0A1480F591F6A1F7B1F97
:10FDC000EE81FF810115110509F081C0C11482E0A7
:10FDD000D80608F47CC087A190A5A1A5B2A54817B4
:10FDE00059076A077B0709F472C0C11484E0D8067A
:10FDF00008F09CC001E010E0940185A196A10E944A
:10FE00000DCA882309F45DC0A12C82E0B82E78C009
:10FE1000538054220115110581F451100EC0892B15
:10FE20008A2B8B2B81F527FF29C0858D968DA78D79
:10FE3000B0A18C879D87AE87BF87EE81FF814C85FF
:10FE40005D856E857F854250510961097109848104
:10FE500004C0440F551F661F771F8A95D2F781890A
:10FE60009289A389B489840F951FA61FB71FAC017F
:10FE7000BD01450D511D611D711DA2CF8C8D9D8D44
:10FE8000AE8DBF8DD6CF4C855D856E857F8523FF7A
:10FE90000CC08A8186FF09C04F5F5F4F6F4F7F4F55
:10FEA0004C875D876E877F87C8CF9101CF010E9405
:10FEB00044CB87FD06C08111C0CF8881807D09F0C9
:10FEC0004FC08981826089838FEF9FEF4CC080E0B3
:10FED00092E0801B910B56018C159D0508F45C0186
:10FEE00020E0CF0184960E9485CA009751F3BC019F
:10FEF000600F711F61147104A1F0F30171836083BD
:10FF00008A0C9B1C88899989AA89BB898A0D9B1DAB
:10FF1000A11DB11D888B998BAA8BBB8BCA18DB08DE
:10FF20002FCFA501C4010E9449EBEACF8601012F22
:10FF300011270695888186FD07C082818519990B56
:10FF40008017910708F48C015801BA2CAA24BB0C25
:10FF50009401CF0184960E94AA738111D1CFB1CFB1
:10FF6000C7018C199D09DF91CF911F910F91FF90CF
:10FF7000EF90DF90CF90BF90AF909F908F907F9049
:10FF80006F905F903F902F900895FC0180818111C8
:10FF90000EC080E2DF011D928A95E9F777836683C0
:10FFA000DB0115968C91803121F0803239F080E0B0
:10FFB000089580E4808381E08283089580E8FACF09
:10FFC000CF92DF92EF92FF920F93CF93DF93EC01EA
:10FFD00080E2DE011D928A95E9F7FB018681978117
:10FFE0009F838E835D834C83C48CD58CE68CF78C89
:10FFF000C886D986EA86FB86FC01F0964F705527A5
:020000021000EC
:1000000065E0440F551F6A95E1F7E40FF51F33854E
:1000100033FD11C0377338834385487111F438605C
:1000200038830B83322F3370313009F444C038F0F9
:10003000323009F43EC018821A8280E032C031E0CA
:1000400025FDF9CF3A833A8131FF06C03881432F2D
:10005000417189F730623883DC0197964D915D914B
:100060006D917C919A974C8B5D8B6E8B7F8B4489C5
:10007000558970E060E0BA0155274427C28CD38CC3
:10008000F12CE12C4C295D296E297F2925FF1AC00E
:10009000411551056105710581F48A8180688A8363
:1000A00081E0DF91CF910F91FF90EF90DF90CF90A3
:1000B000089533E0C7CF32E0C5CF0E94C5CB811190
:1000C000ECCFB9CF4C8F5D8F6E8F7F8F848D958DE8
:1000D000A68DB78D888F998FAA8FBB8FE1CFDF92C6
:1000E000EF92FF920F931F93CF93DF93CDB7DEB7BD
:1000F000E7970FB6F894DEBF0FBECDBF7C018B0132
:100100005FAB4EABD22E19821A821B82FC0180811A
:10011000882379F080E0E7960FB6F894DEBF0FBE33
:10012000CDBFDF91CF911F910F91FF90EF90DF90A6
:100130000895FB018081807D69F3EEA9FFA980818C
:100140008F32D9F4EEA9FFA980818F3221F4319644
:10015000FFABEEABF7CFF80166817781811104C068
:10016000C7010E94C57FD7CFCE0101960E94C57FEF
:10017000882381F28E010F5F1F4FAE014A5C5F4FF3
:10018000BE016F5D7F4F8EA99FA90E9410BF88237B
:1001900009F4C0CFEEA9FFA980818823D1F020E027
:1001A000AE014F5D5F4FB801C7010E94AFD18823F8
:1001B00009F4B0CF80E2F701DE01119601900D92B3
:1001C0008A95E1F7C7010E94D0CCF7011082128214
:1001D000D1CF2D2DAE014F5D5F4FB801C7010E94F9
:1001E000AFD199CFCF93DF93EC01262F4C895D8956
:1001F0006E897F898E819F8184960E9485CA00972F
:1002000059F02C813D812F70332745E0220F331F99
:100210004A95E1F7820F931FDF91CF9108953F92A6
:100220004F925F926F927F928F929F92AF92BF9206
:10023000CF92DF92EF92FF920F931F93CF93DF93B2
:1002400000D01F92CDB7DEB75C01FC014484558419
:100250006684778486809780F401C184D284E384A5
:10026000F484C414D504E604F704C0F473016201F5
:1002700010E0FFEFCF1ADF0AEF0AFF0AF401818DC9
:10028000928DA38DB48D8C159D05AE05BF0540F4F0
:10029000111132C0C184D284E384F48411E0E9CF27
:1002A0004C145D046E047F0439F19E012F5F3F4FB3
:1002B000B701A601C4010E9444CB87FD1DC088235D
:1002C000C1F289819A81AB81BC81892B8A2B8B2BCE
:1002D00081F6112329F0F401C186D286E386F486E3
:1002E0000FEF1FEF2FEF3FE0B701A601C4010E94FF
:1002F000CFCA382E811118C0312C832D0F900F904A
:100300000F900F90DF91CF911F910F91FF90EF9081
:10031000DF90CF90BF90AF909F908F907F906F9025
:100320005F904F903F90089541145104610471040F
:10033000B9F4F501C486D586E686F7868281411434
:10034000510461047104B1F0FFEF4F1A5F0A6F0AA4
:100350007F0A4C145D046E047F0479F08F7B0BC020
:1003600097018601B301A201C4010E94CFCA811185
:10037000E0CFC2CF8064F5018283F501828180687D
:100380008283BBCFAF92BF92CF92DF92EF92FF9268
:100390000F931F93CF93DF93EC01888186FF0DC0ED
:1003A00010E0812FDF91CF911F910F91FF90EF907F
:1003B000DF90CF90BF90AF90089588899989AA89DE
:1003C000BB8981159E4FAF41B10550F7CE010E9408
:1003D0000F81182F882321F3EE81FF81CC84DD84E7
:1003E000EE84FF8432E0C31AD108E108F108848169
:1003F00004C0CC0CDD1CEE1CFF1C8A95D2F7818951
:100400009289A389B489C80ED91EEA1EFB1E00E09A
:10041000A12C82E0B82EEE81FF8182810817B0F412
:1004200025E0B701A601400F511D611D711DCF01CF
:1004300084960E9485CA009709F4B2CFFC01950109
:10044000119221503040E1F70F5FE5CF848120E029
:1004500032E002C0220F331F8A95E2F7888999891A
:10046000AA89BB89820F931FA11DB11D888B998B0F
:10047000AA8BBB8B96CFCF93DF93EC01AB0170E0DF
:1004800060E085E0440F551F661F771F8A95D1F7FE
:10049000CE010E9421D0882329F0CE01DF91CF9197
:1004A0000C94F1D090E080E0DF91CF910895CF934C
:1004B000DF93EC0184960E944FC9882331F0888134
:1004C0009981DF91CF910C94A7C980E0DF91CF9102
:1004D0000895DF92EF92FF920F931F93CF93DF93D4
:1004E000CDB7DEB7A0970FB6F894DEBF0FBECDBF75
:1004F0008C01DB019C91907D09F499C07B0122E580
:10050000C8010E94AFD1882309F491C081E0F801AD
:10051000828380E1D82ED082C8010E94C2818823C4
:1005200009F485C0F80184859585A685B785848FF3
:10053000958FA68FB78F40E050E0BA01C8010E94A6
:1005400021D0C8010E94D0CC882309F470C061E09A
:10055000C8010E94F280FC01892B09F468C0D3868F
:1005600080E2DE01119601900D928A95E1F78EE20C
:100570008983FE013296CE010C9620E22193E81782
:10058000F907E1F7D8011696ED91FC9117975C9663
:100590004D915D916D917C915F9742505109610938
:1005A0007109848104C0440F551F661F771F8A9507
:1005B000D2F781899289A389B489480F591F6A1F8C
:1005C0007B1F21E0CF0184960E9485CA009779F1B4
:1005D00020E2FE013196DC0101900D922A95E1F7AF
:1005E0002EE22A83F701448D558D668D778D7E8BA3
:1005F0006D8B5C8F4B8F20E2FE013196DC01909673
:1006000001900D922A95E1F7D80116968D919C9153
:10061000A0960FB6F894DEBF0FBECDBFDF91CF918D
:100620001F910F91FF90EF90DF900C94578280E024
:10063000A0960FB6F894DEBF0FBECDBFDF91CF916D
:100640001F910F91FF90EF90DF900895DF92EF924E
:10065000FF920F931F93CF93DF93CDB7DEB7E7974A
:100660000FB6F894DEBF0FBECDBF7C018B015FAB30
:100670004EABD22E19821A821B82FC018081882304
:1006800079F080E0E7960FB6F894DEBF0FBECDBFDD
:10069000DF91CF911F910F91FF90EF90DF90089520
:1006A000FB018081807D69F3EEA9FFA980818F32F3
:1006B000A9F4EEA9FFA980818F3221F43196FFAB16
:1006C000EEABF7CFF80166817781CE0101960E94EB
:1006D000C57F8823B1F28E010F5F1F4FAE014A5CC8
:1006E0005F4FBE016F5D7F4F8EA99FA90E9410BF13
:1006F000882339F2EEA9FFA98081882331F120E017
:10070000AE014F5D5F4FB801C7010E94AFD1882392
:1007100079F080E2F701DE01119601900D928A9541
:10072000E1F7C7010E94D0CCF70110821282D3CF2B
:10073000DD2009F4A6CFAE014F5D5F4FB801C701C0
:100740000E9469828111E5CF9CCFAE014F5D5F4F62
:10075000B801C7010E94698295CFCF92DF92EF92D4
:10076000FF920F931F93CF93DF93E901FC01E45EA7
:10077000FD4F00811181228133810F5F1F4F2F4F69
:100780003F4F041715072607370750F48FEFDF9107
:10079000CF911F910F91FF90EF90DF90CF90089530
:1007A0006A01FC01E05FFD4F37E07695679557954C
:1007B00047953A95D1F70081118122813381400F0D
:1007C000511F621F731F20E00E9485CA0097F1F23B
:1007D000CC0CDD1CCC0CDD1C21E0D222C80ED91EB5
:1007E000F60180819181A281B3818F3FFFEF9F0746
:1007F000AF07BF0731F088839983AA83BB8381E069
:10080000C6CF80E0C4CF4F925F926F927F928F925B
:100810009F92AF92BF92CF92DF92EF920F931F936E
:10082000CF93DF936C0148015901DB01CA010297A4
:10083000A109B109AC01BD01480D591D6A1D7B1DFF
:10084000F601E45EFD4F008111812281338104179E
:1008500015072607370708F47FC07097408051803E
:1008600062807380EE2009F46CC0481659066A064F
:100870007B0688F0441655066606770660F4401736
:1008800051076207730718F040E050E0BA01408357
:100890005183628373839C012770332711E001C069
:1008A000110F2A95EAF72C013D012CE0769467940C
:1008B000579447942A95D1F7F601E85EFD4F4081A1
:1008C000518162817381440D551D661D771D33E092
:1008D000B695A795979587953A95D1F7EC01D17084
:1008E0002A013B012FEF421A520A620A720A21E0E2
:1008F000C6010E9485CA009779F1FC01EC0FFD1F2B
:10090000A12F2081422F4A2331E009F430E03E1527
:1009100019F12A272083B1E08B1A9108A108B108A8
:1009200061F1AA0F71F73196B301A201D0E0C0E0E6
:1009300011E0A1E09F01281B390B2115324009F776
:10094000CFCF84159505A605B70508F0A4CF808301
:100950009183A283B3839FCF80E0DF91CF911F91DA
:100960000F91EF90DF90CF90BF90AF909F908F90BE
:100970007F906F905F904F90089581E0EECF4F92FF
:100980005F926F927F928F929F92AF92BF92CF921F
:10099000DF92EF92FF920F931F93CF93DF9300D0DC
:1009A0001F92CDB7DEB74C016A017B012A013B01E2
:1009B0009E012F5F3F4FB701A601C4010E94AD8386
:1009C000A82E87FD49C000E010E09801B701A601FC
:1009D000C4010E949472B82E8823F1F18FEFC81AD7
:1009E000D80AE80AF80AAA2049F089819A81AB81DD
:1009F000BC818C159D05AE05BF0591F09701860160
:100A00000419150926093709E12CB301A201C40113
:100A10000E940384882301F149805A806B807C8086
:100A2000C980DA80EB80FC80A110C2CF8B2D0F90A3
:100A30000F900F900F90DF91CF911F910F91FF902A
:100A4000EF90DF90CF90BF90AF909F908F907F906E
:100A50006F905F904F900895B12CE8CF2F923F9206
:100A60004F925F926F927F928F929F92AF92BF92BE
:100A7000CF92DF92EF92FF920F931F93CF93DF936A
:100A8000CDB7DEB72E970FB6F894DEBF0FBECDBF41
:100A90009E878D8749835A836B837C830F83188756
:100AA00029873A872A013B0122E0421A510861084E
:100AB0007108452B462B472B41F4ED85FE85E45FFD
:100AC000FD4F4080518062807380ED85FE85E45E3D
:100AD000FD4F80819181A281B381481659066A0633
:100AE0007B0618F0412C512C3201D301C20133E0B6
:100AF000B695A795979587953A95D1F71C0141E052
:100B0000342211E0C2018770992701C0110F8A9524
:100B1000EAF753014201730162018D859E85885E6B
:100B20009D4F9E838D83AD85BE85A45EBD4FBC87E2
:100B3000AB87ED81FE8180819181A281B381B70174
:100B4000A6012CE076956795579547952A95D1F79C
:100B5000480F591F6A1F7B1F20E08D859E850E94CC
:100B600085CA9C01892B09F47FC0F901E20DF31DB0
:100B70000081FFEFCF1ADF0AEF0AFF0A902F9123BF
:100B800009F047C0B701A601481959096A097B094C
:100B90008F819885A985BA85481759076A077B0709
:100BA000D1F589819A81AB81BC81892B8A2B8B2BD2
:100BB00089F48F819885A985BA850197A105B1052A
:100BC00049F4AD85BE85A45FBD4FFD018082918251
:100BD000A282B382C501B4016E5F7F4F8F4F9F4FDA
:100BE0002E960FB6F894DEBF0FBECDBFDF91CF912A
:100BF0001F910F91FF90EF90DF90CF90BF90AF903B
:100C00009F908F907F906F905F904F903F902F902C
:100C10000895460157014C145D046E047F0441F1B0
:100C2000AB85BC854D915D916D917C91C416D506C7
:100C3000E606F70678F4110F09F09BCFC101019683
:100C4000312C212C11E08115B2E09B0708F071CF07
:100C50001C018BCF212C82E0382E812C912C540149
:100C6000C12CD12C7601EACF60E070E0CB01B8CF87
:100C700061E070E080E090E0B3CF9FE9980F9A3197
:100C800008F4805208954F925F926F927F928F92F4
:100C90009F92AF92BF92EF92FF920F931F93CF93C9
:100CA000DF93EC0188A199A1488D598D6A8D7B8DC8
:100CB000411551056105710519F14F5F5F4F6F4F88
:100CC0007F4F01E010E020E030E00E942E854B01D4
:100CD0005C0122E082169104A104B104A8F4F12C75
:100CE0008F2DDF91CF911F910F91FF90EF90BF90CB
:100CF000AF909F908F907F906F905F904F900895EE
:100D000040E050E0BA01DDCFEE24E39401E010E0D2
:100D100020E030E0BC01A40188A199A10E940384D5
:100D2000F82E8823E1F2488D598D6A8D7B8D8EA532
:100D3000411551056105710539F480648EA7888ECF
:100D4000998EAA8EBB8ECCCF86FF2AC04F5F5F4F95
:100D50006F4F7F4F481559056A057B0581F38F7BDF
:100D60008EA74C8D5D8D6E8D7F8D88A199A1488C4D
:100D7000598C6A8C7B8C441555056605770580F483
:100D80002A013B012FEF421A520A620A720A9301AA
:100D900082010E949472B301A2018111E6CF9FCF1C
:100DA0000FEF1FEF9801B501A40188A199A10E943E
:100DB0009472882309F493CF488D598D6A8D7B8D69
:100DC000411551056105710509F4B9CF95018401FB
:100DD00088A199A10E9494728111B1CF80CF2F92E6
:100DE0003F924F925F926F927F928F929F92AF92BB
:100DF000BF92CF92DF92EF92FF920F931F93CF9308
:100E0000DF93CDB7DEB762970FB6F894DEBF0FBEA3
:100E1000CDBF988B8F874801222E3D834E83352E80
:100E20002B01DC0158962D913D914D915C915B9782
:100E30002B873C874D875E879C96BC91BF83BB23E5
:100E400009F4E3C0FC01F081F887DC011196BC9144
:100E5000B987FC01F281FA87DC0113966C90139735
:100E600014967C9014971596BC91FC01F681F98B31
:100E7000FC01F781FA8B288539854A85562D672D27
:100E80007B2F89899F2F5801C22CDD80EE80F32CA7
:100E900082010E941FEBF1F09401422D5D2D6E2D19
:100EA000732DC201A0E00E9428EBB1F4AF85B88990
:100EB00058961D921D921D921C925B97EF85F889A2
:100EC0008082918222822D8123833E8134833582E8
:100ED0004682578281E0A4C0EF81E3FF10C0EF8516
:100EE000F889208531854285538564857585868599
:100EF0009785DD80EE800E941FEB08F486C0EF85A9
:100F0000F889A0A0B1A0C501815D9D4FFC011081B1
:100F1000175F9401422D5D816E81732DC201AFEF89
:100F20000E940AEB012F0E94E6EA942F852FA90167
:100F3000692F782F69017B01EF85F88986A586FFE7
:100F40000DC0848D958DA68DB78D840F951FA61F1E
:100F5000B71F808F918FA28FB38FB0CF288539852F
:100F60004A85562D672D7B2F89899A89AFEF0E947C
:100F70000AEB0E94E6EA29833A834B835C8329814A
:100F80003A814B815C81C216D306E406F50668F00F
:100F9000288539854A85562D672D7B2F89899A8921
:100FA000A0E00E9428EB09F05BC0BF81B6FF51C0F2
:100FB000F501E05EFD4F80819181A281B381EF85D3
:100FC000F889808F918FA28FB38F6F84788838E1F2
:100FD000630E711CC114D104E104F10409F46ECF55
:100FE000AF85B88958964D915D916D917C915B97D5
:100FF000930190968D919C910E94AD83B1E0CB1AA4
:10100000D108E108F10818162CF38B859C85AD8575
:10101000BE85EF85F889808F918FA28FB38F80E096
:1010200062960FB6F894DEBF0FBECDBFDF91CF91B1
:101030001F910F91FF90EF90DF90CF90BF90AF90F6
:101040009F908F907F906F905F904F903F902F90E8
:101050000895EF85F889848D958DA68DB78DAFCFD6
:1010600029813A814B815C81C21AD30AE40AF50ACC
:10107000ACCF2F923F924F925F926F927F928F925E
:101080009F92AF92BF92CF92DF92EF92FF920F9317
:101090001F93CF93DF93CDB7DEB764970FB6F89465
:1010A000DEBF0FBECDBF9C8B8B8B7A8B698B1A01F9
:1010B000DC019E968C919E9780FFC9C186FD04C07D
:1010C0009C968C9183FF92C1EB89FC89F085F9870E
:1010D000AB89BC891996BC91BA87EB89FC89F285EA
:1010E000FB87AB89BC891B96BC91BC87EB89FC89CB
:1010F000F485FD87AB89BC891D96BC91BE87EB89C1
:10110000FC89F685FF87AB89BC891F96BC91B88B9B
:10111000EB89FC89F081F983AB89BC891196BC917C
:10112000BA83EB89FC89F281FB83AB89BC89139676
:10113000BC91BC83EB89FC89F481FD83AB89BC89BC
:101140001596BC91BE83EB89FC89F681FF83AB8940
:10115000BC891796BC91B88729853A854B855C85F3
:101160006D857E858F859889A980BA80CB80DC804B
:10117000ED80FE800F2F1B2F0E9416EB59016A0194
:101180007B018C01910140E050E060E070E080E084
:1011900090E031010E941FEB39F030F069847A84CD
:1011A000E981FA816E1A7F0AAB89BC8950964C900E
:1011B000509751965C90519752968C9052975396B7
:1011C0009C9053975496BC91EB89FC89A5893688ED
:1011D000278829813A814B815C816D817E818F8155
:1011E000988552016401EB2EFA2E032D122D0E94D8
:1011F0001FEB08F0F2C09201A4016B2F7A2F832D10
:10120000922DA980BA80CB80DC80ED80FE800F819A
:1012100018850E9416EBF22FE32F6A017B018C01E7
:101220004301930140E050E060E070E080E090E036
:10123000AF2EBE2E0E941FEB19F010F08F2E9E2EA7
:10124000282C392C2614370408F0D0C062187308F3
:10125000512C412C8B899C8948969A878987211427
:10126000310409F482C1AB89BC89BC91B983EB8993
:10127000FC89F181FA83AB89BC891296BC91BB834E
:10128000EB89FC89F381FC83AB89BC891496BC9102
:10129000BD83EB89FC89F581FE83AB89BC891696F9
:1012A000BC91BF83EB89FC89F781F887AB89BC8946
:1012B0009096ED91FC91DF01AC5DBD4FCD90DD903E
:1012C000ED90FC9089819A81AB81BC81C822D922A2
:1012D000EA22FB2286011170C114D104E104F10459
:1012E000F9F429813A814B815C816D817E818F8106
:1012F0009885A0E00E9428EB09F082C0AB89BC89E8
:101300009C968C9186FF75C0E05EFD4F8081918137
:10131000A281B381EB89FC89808F918FA28FB38FDB
:10132000EB89FC8980A191A1FC01E15DFD4FE08189
:1013300049E0F694E794D794C7944A95D1F7AB89DE
:10134000BC8958964D915D916D917C915B9742500F
:101350005109610971090E2E04C0440F551F661F03
:10136000771F0A94D2F74C0D5D1D6E1D7F1DDC01A9
:10137000A85EBD4F8D909D90AD90BC90480D591DBD
:101380006A1D7B1D0115110509F06CC02114B2E026
:101390003B0608F467C0DC0113968D909D90AD90DC
:1013A000BC901697481559056A057B0509F45AC083
:1013B0002114B4E03B0608F0ACC001E010E029893C
:1013C0003A89FC01818192810E940DCA882309F427
:1013D0003EC0812C82E0982E5BC0F0E0E0E0C12CA2
:1013E000D12CE12CF12C00E010E01ACF712C612CF3
:1013F0002FCFEB89FC89848D958DA68DB78D8ACFF3
:10140000AB89BC8958964D915D916D917C915B97AC
:101410009E968C919E9786FF0AC04F5F5F4F6F4FDD
:101420007F4FFD01408F518F628F738F79CF298558
:101430003A85CF010E94AD8387FD09C0811170CF2D
:10144000AB89BC899C968C91807509F08EC0AB8964
:10145000BC899D968C919D9782609D968C938FEF11
:101460009FEFAAC020E032E0201B310B4101221582
:10147000330508F4490120E00E9485CA009739F33A
:10148000BC01600F711FA40189899A890E9449EBF0
:1014900089899A89880D991D9A8B898B480C591CCA
:1014A000940140E050E060E070E080E090E0AB89C3
:1014B000BC89AC901196BC9011971296CC90129763
:1014C0001396DC9013971496EC9014971596FC9055
:1014D000159716960C91169717961C9117970E94C0
:1014E00001EB2C9311963C93119712964C93129703
:1014F00013965C93139714966C93149715967C939C
:10150000159716968C93169717969C93281839085A
:10151000A6CE4101892C99248694B12CA12C01E0FE
:1015200010E020E030E004C0000F111F221F331F25
:10153000EA95D2F70C191D092E093F09801691066C
:10154000A206B30610F4950184014801590129E06F
:10155000880C991CAA1CBB1C2A95D1F729893A89A9
:101560000E94AA73811194CF72CF6114710419F192
:10157000A30170E060E089899A890E9452EB93018F
:1015800040E050E060E070E080E090E0EB89FC89B2
:10159000A080B180C280D380E480F580068117816D
:1015A0000E9401EB89019A01AB01BC01CF010E94AD
:1015B000EF86460C571CC20164960FB6F894DEBF46
:1015C0000FBECDBFDF91CF911F910F91FF90EF9094
:1015D000DF90CF90BF90AF909F908F907F906F9053
:1015E0005F904F903F902F900895FC0184A581114A
:1015F0000CC08FE2DF011D928A95E9F780E484A791
:1016000071A360A381E086A7089580E008959F926A
:10161000AF92BF92CF92DF92EF92FF920F931F9300
:10162000CF93DF9300D000D000D0CDB7DEB78C01D0
:10163000942E89E0F801B296DE01119601900D9288
:101640008A95E1F7F801A0A0B1A0F0E26F9FC00178
:101650001124B0E0A0E04D815E816F817885F501B5
:10166000EC5DFD4FC080D180E280F380C422D522A2
:10167000E622F722C80ED91EEA1EFB1E840F951F14
:10168000A61FB71F8D839E83AF83B8873B9680814B
:10169000875F04C0F694E794D794C7948A95D2F7ED
:1016A000C114D104E104F10489F149815A816B81AB
:1016B0007C818985882371F04F5F5F4F6F4F7F4F2B
:1016C00049835A836B837C8321E0C21AD108E108E5
:1016D000F108E6CF9E012F5F3F4FC5010E94AD8309
:1016E000813091F390E080E029960FB6F894DEBF48
:1016F0000FBECDBFDF91CF911F910F91FF90EF9063
:10170000DF90CF90BF90AF909F900895492DBE017C
:101710006F5F7F4FF80180A191A10E94E972E4CF31
:10172000FF920F931F93CF93DF93FC0124A5211108
:1017300007C081E0DF91CF911F910F91FF90089535
:10174000EC0186A587FF8AC08F7786A7F12C10E071
:1017500000E08BA58F1508F469C040E06F2DCE0125
:101760000E94078BFC01892B09F473C08081803CA7
:1017700061F1813C69F0853809F06BC08CA58773F5
:1017800090E095838483A8A1B9A18C9181608C930A
:10179000408190E080E000FB1795079517F9DF0185
:1017A000A80FB91F2C91020F111D8130910521F452
:1017B00023E030E0453811F021E030E0820F931F44
:1017C0008032910540F3F394C4CF81819EA596FFAA
:1017D0002BC082608183788969895A894B893C89C9
:1017E0002D899E898F8970876187528743873487C7
:1017F0002587968787878C8D9D8DAE8DBF8D848B39
:10180000958BA68BB78B788569855A854B853C85EA
:101810002D859E858F85708F618F528F438F348F7A
:10182000258F968F878FAFCF8D7FD4CF41E0BE01BC
:101830006E5D7F4F88A199A10E94E972009749F0DF
:10184000FC011383028388A199A10E9497738111DF
:1018500070CF8DA581608DA780E06CCF80A191A114
:101860000E949773811165CF9DA591609DA762CF5E
:101870002F923F924F925F926F927F928F929F92A0
:10188000AF92BF92CF92DF92EF92FF920F931F938E
:10189000CF93DF93CDB7DEB763970FB6F894DEBF73
:1018A0000FBECDBFDC019E962C9121FD1AC080E0B9
:1018B00063960FB6F894DEBF0FBECDBFDF91CF9118
:1018C0001F910F91FF90EF90DF90CF90BF90AF905E
:1018D0009F908F907F906F905F904F903F902F9050
:1018E0000895FC01448C558C668C778C411451040E
:1018F0006104710409F433C14C01C08CD18CE28CB9
:10190000F38C26FFEEC020853185428553856485A2
:10191000758586859785AFEF0E940AEB00A0F1A13F
:10192000E02DDF01A15DBD4F0C91075F0E94E6EA4B
:101930002D833E834F83588769877A878B879C875F
:101940000D811E812F8138850F5F1F4F2F4F3F4F15
:10195000C114D104E104F10409F4ACC0D701C601FB
:101960000196A11DB11D89839A83AB83BC83B1E02D
:101970004B1A5108610871084C185D086E087F0801
:10198000040D151D261D371D0115110521053105F5
:1019900009F09CC0D401FC911196EC91119712961C
:1019A000BC91BD83D4011396BC91BD87D40114961C
:1019B000BC91BE87D4011596BC91BF87D401169601
:1019C000BC91B88BD4011796BC91B98BD4015096B9
:1019D0002C90509751963C90519752964C9052971C
:1019E00053965C90539754966C90549755967C9070
:1019F00055975696BC91BA8BD4015796BC91BB8B28
:101A00009101A201B3018A899B2FAF2EBE2ECD80FA
:101A1000DD84EE84FF84088919890E941FEB39F068
:101A200030F02F2E3E2E260137010A8B1B8BD4015E
:101A300050962C92509751963C92519752964C92B8
:101A4000529753965C92539754966C92549755962E
:101A50007C9255978A8956968C9356978B89579680
:101A60008C9357971896FC9318971996EC9319979F
:101A7000ED811A96EC931A97FD851B96FC931B97A4
:101A8000EE851C96EC931C97FF851D96FC931D9785
:101A9000E8891E96EC931E97F9891F96FC931F9771
:101AA0009E968C919E9780689E968C93C4010E940E
:101AB000908BFECE49825A826B827C82D4015C96E6
:101AC0001D921D921D921C925F975ECF49815A8193
:101AD0006B817C81E12CCF010E94038481115ACF5C
:101AE000E6CEC114D104E104F10481F119821A8215
:101AF0001B821C829E012F5F3F4FB701A60180A170
:101B000091A10E94AD8387FDD2CE882379F0F401A4
:101B1000408D518D628D738D0FEF1FEF980180A165
:101B200091A10E949472882309F4C1CE49815A81FF
:101B30006B817C81411551056105710509F42ACF3E
:101B4000F40180A191A10E94BF84C8CF49825A822A
:101B50006B827C82148E158E168E178EE7CF81E0F5
:101B6000A7CE4F925F926F927F928F929F92AF9289
:101B7000BF92CF92DF92EF92FF920F931F93CF937A
:101B8000DF9300D01F92CDB7DEB74C01DC019C96ED
:101B90008C919C9786FF5CC090960D911C91F801EA
:101BA000E05EFD4F80819181A281B38189839A8318
:101BB000AB83BC83C12CD12C760149815A816B81C6
:101BC0007C819E012F5F3F4FC8010E94AD8387FD3E
:101BD0003BC0BFEFCB1ADB0AEB0AFB0A8111EDCF4A
:101BE000F801E15DFD4F8081875F04C0CC0CDD1CF6
:101BF000EE1CFF1C8A95D2F7D4019096ED91FC91D2
:101C0000E85DFD4F80819181A281B3818C0D9D1D86
:101C1000AE1DBF1D0097A105B44000F180E00F90FC
:101C20000F900F900F90DF91CF911F910F91FF9028
:101C3000EF90DF90CF90BF90AF909F908F907F906C
:101C40006F905F904F900895C12CD12C7601C8CF32
:101C5000F401C084D184E284F384CECFC4010E9415
:101C600043868823D9F2D40190968D919C919197C7
:101C70005896CD90DD90ED90FC905B97B2E0CB1A3A
:101C8000D108E108F108FC01E15DFD4F208104C0AD
:101C9000CC0CDD1CEE1CFF1C2A95D2F7885E9D4FF4
:101CA000FC0180819181A281B381C80ED91EEA1EF8
:101CB000FB1E412C512C320100E012E0D401909621
:101CC0008D919C919197FC01E15DFD4F208141E058
:101CD00050E060E070E004C0440F551F661F771F9E
:101CE0002A95D2F74416550666067706C0F425E015
:101CF000B701A601440D551D661D771D0E9485CABA
:101D0000009709F48BCFFC019801119221503040CB
:101D1000E1F73FEF431A530A630A730ACFCF9C9649
:101D20002C919C9726FD62C09E962C919E972068D0
:101D30009E962C93FC01E85DFD4F80819181A281EC
:101D4000B3819C01AD0160E070E080E090E0D401DF
:101D50001896AC9018971996BC9019971A96CC9033
:101D60001A971B96DC901B971C96EC901C971D965F
:101D7000FC901D971E960C911E971F961C911F9705
:101D80000E9401EB18962C93189719963C9319977B
:101D90001A964C931A971B965C931B971C966C9300
:101DA0001C971D967C931D971E968C931E971F96CD
:101DB0009C9380819181A281B3819C01AD0160E0FF
:101DC00070E080E090E0F401A088B188C288D388F8
:101DD000E488F588068917890E9401EB208B318BF6
:101DE000428B538B648B758B868B978BC4010E94BF
:101DF000908B15CF8F929F92AF92BF92EF920F93DD
:101E00001F93CF93DF9300D000D000D01F92CDB7A7
:101E1000DEB79A838983DC019E969C919E9791FF01
:101E200063C0BA87A9875C968D909D90AD90BC9059
:101E30005F9781149104A104B104A9F410E0E9852D
:101E4000FA8583A5811708F466C041E0612FCF01B0
:101E50000E94078B009709F447C0DC012C912F7773
:101E60002C931F5FECCFA985BA859096ED91FC91DC
:101E7000919796FF4AC018962C91189719963C9105
:101E800019971A964C911A971B965C911B971C9662
:101E90006C911C971D967C911D971E968C911E9798
:101EA0001F969C91AFEF0E940AEBDF01A15DBD4F31
:101EB0000C91075F0E94E6EA29833A834B835C8397
:101EC0006D837E838F83988709811A812B813C8162
:101ED0000F5F1F4F2F4F3F4FE12CB501A401CF01E2
:101EE0000E9403848111AACF80E02A960FB6F8944D
:101EF000DEBF0FBECDBFDF91CF911F910F91EF904D
:101F0000BF90AF909F908F900895B501A401CF012D
:101F10000E94BF84E7CFE985FA8514A616A680A1A2
:101F200091A12A960FB6F894DEBF0FBECDBFDF9108
:101F3000CF911F910F91EF90BF90AF909F908F9096
:101F40000C9497732F923F924F925F926F927F9271
:101F50008F929F92AF92BF92CF92DF92EF92FF92B9
:101F60000F931F93CF93DF93CDB7DEB7AE970FB626
:101F7000F894DEBF0FBECDBF3C017B012A01C22E0B
:101F8000DC019C968C9181110DC0FB0184A58075AC
:101F900049F0822F8370813009F492C040F0823082
:101FA00009F48BC0F30114A616A6D12C2EC1F1E0C2
:101FB000FBA363E0862E41145104B9F0D2011696BA
:101FC0008D919C910E966FE070E00E94B4E972E0F2
:101FD000872E860E00E010E020E030E040E050E088
:101FE00060E070E0C7010E94EF86D12C10E0FE0196
:101FF000B196FAA3E9A3FBA1F064FEA75FE2952ED8
:1020000040E250E0BE016F5F7F4FC7010E943988F8
:10201000009741F1809731F6898187FD54C01111F5
:1020200018C0D7012D913D914D915C91139720528D
:102030003109410951092AA73BA74CA75DA758962A
:102040002D913D914D915C915B972EA33FA348A7A5
:1020500059A7181508F41F5F81110CC141145104D0
:1020600009F4A0CFC4FE9ECF8BA1827009F49ACF51
:102070004114510409F496CF181508F077C140E2D5
:1020800050E0BE016F5F7F4FC7010E943988009703
:1020900009F04EC1D7015896AD90BD90CD90DC901F
:1020A0005B97C7010E94B18D882309F47BCFF701AC
:1020B000A08EB18EC28ED38EDFCF23E02BA379CF3B
:1020C00032E03BA376CFD11044C0181508F410E0DD
:1020D000853809F095CFF301292D11922A95E9F75A
:1020E0008A81D3019B968C939B979D81892F8773BF
:1020F00094FF2BC09C968C93D70190968D919C91C8
:102100009197F30191A380A358968D919D910D9085
:10211000BC91A02D82A393A3A4A3B5A3F7018081B2
:102120009181A281B3818097A109B109F30186A3AE
:1021300097A3A0A7B1A7D7019E968C9186FB88276D
:1021400080F982A7DD24D3945BCF8860F30184A754
:10215000D3CF803C09F090C02BA1F30126A78A8140
:1021600081FF02C03EA536A78985D30150968C9386
:1021700050978A8551968C9351978B8552968C9364
:1021800052978C8553968C9353978D8554968C9348
:1021900054978E8555968C9355978F8556968C932C
:1021A0005697888957968C938D899E89AF89B88D6B
:1021B000F301848F958FA68FB78F898D80878A8D45
:1021C00081878B8D82878C8D83878D8D84878E8D83
:1021D00085878F8D868788A187874114510479F57B
:1021E000C6FCE0CE8C2D847221F4F30186A581FF1C
:1021F00006C0D3019C968C91817109F0D3CEC5FCA9
:1022000079C0F30186A581FD8FC08D2DAE960FB6E6
:10221000F894DEBF0FBECDBFDF91CF911F910F911C
:10222000FF90EF90DF90CF90BF90AF909F908F90F6
:102230007F906F905F904F903F902F900895D201C4
:102240008D919C91119713969C938E9312972C814C
:1022500016968D919C9117972817190659F4DD242D
:10226000D39418962D913C918D819E812817390722
:1022700009F4C6CED12CC4CE813CE1F7F201248012
:1022800035809E012D5F3F4F3DA32CA3ACA1BDA186
:10229000AD90BD90BDA3ACA3D2011296ED91FC917F
:1022A0001397E215F30559F4AB2821F7D2011296E2
:1022B0008D919C918215930509F0A2CE91CFCF010B
:1022C000019613969C938E9312978081BFE7AB166D
:1022D000B10480F60E943D86082F8A2D0E943D861B
:1022E0000813C8CFECA1FDA129A13AA1E217F30779
:1022F00069F6DCCFD3019E968C9181FF53CE00E02E
:1023000010E020E030E040E050E060E070E0C30129
:102310000E94EF86882309F445CEC3010E94388CC1
:10232000882309F43FCE6DCF84A5806284A76DCF4A
:10233000809709F037CE111117C0F7018081918184
:10234000A281B3819C01AD0120523109410951099B
:102350002AA73BA74CA75DA7808D918DA28DB38D39
:102360008EA39FA3A8A7B9A71F5F86CEF70186A556
:1023700086FB882780F99FE2D3011D929A95E9F7A1
:1023800020A131A1F30131A320A398E294A72EA1AB
:102390003FA148A559A522A333A344A355A32AA529
:1023A0003BA54CA55DA526A337A340A751A782A7AF
:1023B000F201808191819383828310E080E2982EE4
:1023C00091ECA92E20ECD22E2BA0689427F835E8AA
:1023D000B32E0FEF080D41E2E42E4CE5F42E181554
:1023E00009F45BC041E0612FC3010E94078BDC014F
:1023F000892B09F4D7CD8C9187FDD4CDFD01292DF2
:1024000011922A95E9F7111114C0BC92F30103A7A8
:1024100011960C9311971B96FC92EE921A971F96A9
:10242000FC92EE921E975396FC92EE9252971F5F8B
:10243000D6CF113091F4DC9211961C931197F301D1
:1024400026A6F201868113968C9313978085918539
:1024500015969C938E931497EACFAC92F201448127
:102460005581BD016E5F7F4FCD018096F201A28143
:10247000B381A417B507D9F29D012F5F3F4F338376
:1024800022832C91022E000C330BDB012D933D9304
:10249000BD018A179B0751F7CACFC3010E94908BD9
:1024A000D82EB3CE0F931F93CF93DF93EC01FB0194
:1024B00094A5907549F122E5CE010E94A28F882350
:1024C00019F180E38CA7CE010E94B18D8823E1F041
:1024D000888D998DAA8DBB8D8C8F9D8FAE8FBF8F70
:1024E00000E010E020E030E040E050E060E070E02C
:1024F000CE010E94EF8681EC8EA7CE01DF91CF91B5
:102500001F910F910C94908B80E0DF91CF911F91E0
:102510000F910895982F803290F0877F823279F062
:102520009A3369F0892F8F7B8C3349F082EC890FC5
:10253000823028F081E09C3519F080E0089581E038
:102540000895CF92DF92EF92FF920F931F93CF9354
:10255000DF93EA016901FB019F012F5F3F4F8081FB
:102560008032E9F0F983E883FD83EC839E2F8F2F7F
:102570007F01D7011D917D011123D1F01F3289F018
:10258000812F0E948A92811141C017FD40C01E32E6
:1025900021F0103211F0FD82EC82F701E7CFF90152
:1025A000DBCF9E2F8F2F21912032D9F32F32C9F309
:1025B000F60190838183C880D980DB82CA820C8136
:1025C0001D81F12CE12CEA81FB81E017F10791F0EC
:1025D000CF0101969B838A8380810E943D86E0FA29
:1025E000F794E794F7F8E80EF11CE0FAF794E79413
:1025F000F7F8E9CF0C191D091F830E83F986E886C9
:102600000150110981E00F3F110508F080E0DF91D2
:10261000CF911F910F91FF90EF90DF90CF90089591
:10262000DF92EF92FF920F931F93CF93DF93CDB77B
:10263000DEB7EB970FB6F894DEBF0FBECDBF8C01AF
:102640007B015BAF4AAFD22E1DA61EA61FA6FC01C2
:1026500084A5882379F080E0EB960FB6F894DEBF6E
:102660000FBECDBFDF91CF911F910F91FF90EF90E3
:10267000DF900895FB0184A5807569F3EAADFBAD99
:1026800080818F32D9F4EAADFBAD80818F3221F4A5
:102690003196FBAFEAAFF7CFF70160A171A18111CD
:1026A00004C0C8010E94F58AD7CFCE0101960E94CE
:1026B000F58A882381F2CE0101967C016AAD7BAD5B
:1026C0009E01265C3F4FAE01405D5F4FC8010E94F6
:1026D000A192882309F4BFCFEAADFBAD80818823A6
:1026E000D1F020E0AE01405D5F4FB701C8010E940C
:1026F000A28F882309F4AFCF8FE2F801DE01119693
:1027000001900D928A95E1F7C8010E94908BF80123
:1027100014A616A6D0CF2D2DAE01405D5F4FB70198
:10272000C8010E94A28F98CFCF93CFB7F894809121
:10273000040E811127C0E3E4FAE18491E9E8FAE1AB
:102740009491E82FF0E0EE0FFF1FEC57F74EA591A4
:10275000B491EC91E92321F461E085E30E94D5C3B3
:1027600061E085E30E9410C58CB580618CBD8CB59D
:1027700080648CBD61E084E30E9410C561E083E366
:102780000E9410C58091040E8F5F8093040ECFBF0E
:10279000CF910895CF93DF9300D01F92CDB7DEB7CE
:1027A000CE0101960E946754882369F089818230A6
:1027B00050F49A819A509B3530F490E00E94405436
:1027C0008A810E94F2551092100F10920F0F809183
:1027D000370F80930D0F8091530280930E0F10924C
:1027E000110F1092390F81E080930C0F0F900F9012
:1027F0000F900F90DF91CF9108950F931F93CF9378
:10280000DF93CDB7DEB761970FB6F894DEBF0FBE8A
:10281000CDBFFE01319690E08F01DB012D91BD010E
:10282000211109C0F801E90FF11D20E29F5F2193FA
:102830009031E1F704C021939F5F903171F7198ABD
:102840000E94C5C4C8010E94DFBE61960FB6F8940D
:10285000DEBF0FBECDBFDF91CF911F910F910895C5
:10286000CF93DF93CDB7DEB79E01245F3F4F4A85FC
:102870005B85688579858E819F810E94B3E6DF91B3
:10288000CF9108952F923F924F925F926F927F92D5
:102890009F92AF92BF92CF92DF92EF92FF920F93EF
:1028A0001F93CF93DF938091080F9091090F0597A5
:1028B00009F49BC180915202882309F472C080916F
:1028C000C80D882309F46DC08091C70D882309F4D1
:1028D00068C0C0910A0FD0910B0F209709F461C016
:1028E000A0904A02B0904B02C5010497039728F0CC
:1028F00021E0A216B10409F054C085EF94E10E94D2
:10290000482F81114EC0D12CC12C09EC1DE080EA6A
:10291000982E9AEBE92E91E1F92E2AE2222E22E15D
:10292000322E34E3432E32E1532E4EE3642E42E145
:10293000742EC1109EC036E0A316B10409F04FC03A
:102940001F930F93DF93CF9328E432E13F932F93AC
:102950001F929F92FF92EF920E9430942DB73EB744
:10296000265F3F4F0FB6F8943EBF0FBE2DBF0197B5
:102970008F399105B0F46AEB73E18AEB91E10E9423
:1029800059EB892B71F08AEB91E10E94512E88233B
:1029900009F4E3C03FEFC31AD30A84E6C816D10492
:1029A00041F685E090E09093090F8093080F0E9414
:1029B000FA6F0E94BD2D81E0DF91CF911F910F91A1
:1029C000FF90EF90DF90CF90BF90AF909F907F905F
:1029D0006F905F904F903F902F900C94944835E00B
:1029E000A316B104B1F41F930F93DF93CF937F929B
:1029F0006F921F929F92FF92EF920E9430942DB798
:102A00003EB7265F3F4F0FB6F8943EBF0FBE2DBFB7
:102A1000AECF31E0A316B104B1F41F930F93DF934F
:102A2000CF935F924F921F929F92FF92EF920E94DC
:102A300030942DB73EB7265F3F4F0FB6F8943EBF98
:102A40000FBE2DBF94CF1F930F93DF93CF933F9271
:102A50002F921F929F92FF92EF920E9430942DB777
:102A60003EB7265F3F4F0FB6F8943EBF0FBE2DBF57
:102A70007ECF36E0A316B104D1F4DF92CF921F933C
:102A80000F93DF93CF932BE132E13F932F931F926C
:102A90009F92FF92EF920E9430942DB73EB7245F31
:102AA0003F4F0FB6F8943EBF0FBE2DBF60CF35E04D
:102AB000A316B104D1F4DF92CF921F930F93DF934B
:102AC000CF932CE032E13F932F931F929F92FF927E
:102AD000EF920E9430942DB73EB7245F3F4F0FB660
:102AE000F8943EBF0FBE2DBF42CF31E0A316B10414
:102AF000D1F4DF92CF921F930F93DF93CF932DEFFB
:102B000031E13F932F931F929F92FF92EF920E9489
:102B100030942DB73EB7245F3F4F0FB6F8943EBFB9
:102B20000FBE2DBF24CFDF92CF921F930F93DF9361
:102B3000CF932EEE31E13F932F931F929F92FF92FE
:102B4000EF920E9430942DB73EB7245F3F4F0FB6EF
:102B5000F8943EBF0FBE2DBF0ACF6AEB71E18AEB3E
:102B600093E10E94C02F882309F41BCFAA94AB28BD
:102B700051F56AEB73E18AEB9FE00E944DD5882303
:102B800011F16AEB71E18AE590E10E944DD588234D
:102B9000D1F06AE570E18AEB9FE00E9459EB892B46
:102BA00091F08AEB9FE00E94512E882361F08AE524
:102BB00090E10E94512E811111C06AE570E18AEB0B
:102BC0009FE00E94C02F4FE950E06AEB71E18AEB71
:102BD00093E10E9470EB10925914E3CE8AE590E1E4
:102BE0000E94FA318111E9CFEECFDF91CF911F9191
:102BF0000F91FF90EF90DF90CF90BF90AF909F909C
:102C00007F906F905F904F903F902F9008950F931B
:102C10001F93CF93DF93EC018B01BA01015011098F
:102C2000A8010E94A4E6C00FD11F1882DF91CF91A6
:102C30001F910F910895009741F04115510519F426
:102C4000FC01108208950C9407960895CF92DF92AC
:102C5000EF92FF920F931F93CF93DF9300D01F92B9
:102C6000CDB7DEB78C016B01BA01452B09F0A2C0CC
:102C700080914A0290914B02069709F097C080918B
:102C80004C0290914D02A0914E02B0914F0244E14E
:102C900055E180349C49A105B10510F048E155E1AA
:102CA00064E070E0CE0101960E941B968981E12CC0
:102CB000882361F08A81EE24E394882339F08B81A4
:102CC00093E0E92E811102C082E0E82E8FE0F82E19
:102CD000FE18C114D10421F0F6018081811110C0C9
:102CE0004CE155E161E170E0C8010E941B96F801DA
:102CF00080E091919923D9F0F81661F08F5FF9CFB8
:102D0000D601F80180E09D91992389F091938F5F1E
:102D1000F812F9CFFE0131968F2D8E0DF81691F035
:102D20009191D801AF0DB11D9C93F394F7CFF801A9
:102D3000E80FF11D90E28F1518F48F5F9193FBCF90
:102D4000F82EE8CFF80117868091E70D882309F463
:102D500096C080914A0290914B0286309105B1F560
:102D60000E94DE6F9C01A4E6B0E00E94F2E92FEF22
:102D700037E040E050E00E94C8E9253631054105C2
:102D8000510520F024E630E040E050E084E6821B6C
:102D9000F80190E02191211174C0F801E90FF11DB3
:102DA00020E29F5F21939F30E1F76FC0C114D104EF
:102DB00029F0B601C8010E9476C6C6CF4CE155E1A4
:102DC00061E170E0C8010E941B96BECF019749F5F2
:102DD0000E941E726091BF0D7091C00D2091C10DB7
:102DE0003091C20D50E040E0260F371F411D511DAC
:102DF000280F391F411D511D2115FCE03F074105DA
:102E0000510520F02FEF3BE040E050E0A4E6B0E0B9
:102E10000E9401EA2FEF3BE040E050E00E94C8E949
:102E2000B5CF0E941E726091C30D7091C40D2091A8
:102E3000C50D3091C60D50E040E0260F371F411DF3
:102E4000511D280F391F411D511D21158CE03807D8
:102E50004105510520F02FEF3BE040E050E0ACE9A8
:102E6000BFEF0E940FEA645670458B4F9F4F2FEFC4
:102E70003BE040E050E00E94C8E9822F89CF84E621
:102E800087CF9F5F9F3009F085CF91E0F80197874A
:102E9000108A0E946C510F900F900F900F90DF914D
:102EA000CF911F910F91FF90EF90DF90CF900895F9
:102EB000CF93DF9361157105B9F0FB0120812223C7
:102EC00099F0DC019B01205F3F4F41914D93EF0151
:102ED00021974881442329F0E217F307B1F7FC0159
:102EE000108ADF91CF9108954CE155E161E170E0E6
:102EF000DF91CF910C941B96FC0184E0DF011D92C1
:102F00008A95E9F78091320F9091330F21E0843058
:102F1000910549F024E08330910529F026E08230C4
:102F2000910509F425E0208321E0892B09F020E0B8
:102F300021838091340F82838091360F838308959B
:102F40000F931F93CF93DF93CDB7DEB761970FB683
:102F5000F894DEBF0FBECDBF20E22983AC0160E153
:102F600070E0CE0102960E941B96FE01319680E031
:102F70008F01219191E0980F21111AC0F801E80FFB
:102F8000F11D90E291938F5F8031E1F7198A81E022
:102F90000E94C5C4C8010E94DFBE61960FB6F894B6
:102FA000DEBF0FBECDBFDF91CF911F910F9108956E
:102FB000892F9031F1F6EACF1F93CF93DF93CDB7EE
:102FC000DEB761970FB6F894DEBF0FBECDBF182FE6
:102FD000AB0161E170E0CE0101960E941B96BE013B
:102FE0006F5F7F4F812F0E94FD9361960FB6F8941B
:102FF000DEBF0FBECDBFDF91CF911F9108954F92DD
:103000005F926F927F928F929F92AF92BF92CF9278
:10301000DF92EF92FF920F931F93CF93DF93CDB781
:10302000DEB7C054D1090FB6F894DEBF0FBECDBFD6
:103030008C0140E150E060E270E0CE0142960E94D7
:1030400052EB1AA2D80114968D919C91159782305B
:10305000910509F072C094969C91949795962C9145
:1030600095975F968C91882309F465C089E42F9326
:103070009F931F928F93F80183A18F9382A18F93C7
:1030800085E393E09F938F931F928DE08F935E0172
:10309000F3E2AF0EB11CBF92AF920E948AEB0FB663
:1030A000F894DEBF0FBECDBF97FD80E0F82E3CE068
:1030B000381710F43CE0F32ECF2CD12CA601B5012B
:1030C000CE0142960E9449EBD80196966D917C9173
:1030D0006115710521F0FB018081811103C0D801C8
:1030E0006D917C914FE04F19F42ECE0101960E9414
:1030F000A4744F2D50E0BE016F5F7F4F82E190E0DE
:103100008C0F9D1F8C0D9D1D0E9449EBD8015E9672
:103110008C91FE01729690E02191211133C0E2E181
:10312000F0E0EC0FFD1FE90FF11D20E29F5F2193FE
:103130009F30E1F72AC08FE29ACFF8016081718158
:1031400020A12223C9F00197B9F48DE48A8B86E48B
:103150008B8B89E48C8B80E28D8B4BE0CE010196CA
:103160000E94A4748BE0FE013196DE015696019018
:103170000D928A95E1F7CACF4FE0CE0142960E94A8
:10318000A474C4CF9F5F9F3039F691E099A31AA22F
:103190000E946C51BE016E5E7F4F80E00E94FD93E5
:1031A000F801868597859E012F5F3F4F7901833017
:1031B000910509F580899189009751F44AED54E110
:1031C00061E170E0CE0183960E940796CE0183965E
:1031D0009F938F9380ED94E19F938F931F9281E152
:1031E0008F93FF92EF920E9430940FB6F894DEBF57
:1031F0000FBECDBFBDC02481358144EC54E1211503
:10320000310509F4B0C02230310509F073C021A1A5
:10321000222309F46FC080A591A502974AEE53E1DD
:103220008E30910538F4880F991FFC01EB5FFC4F3D
:10323000408151816E01F4E3CF0ED11C65E070E056
:10324000C6010E941B96D80156966D917D918D9175
:103250009C9159979096BC90909761157105810546
:10326000910589F485EB94E1B11007C017968D9113
:103270009C91019729F087E994E1DF92CF92ACCF3E
:1032800086EA94E1FACF28EE33E040E050E00E9475
:10329000C8E92037F7E13F074105510520F02FE647
:1032A00037E140E050E0CA01B9012CE330E040E0F2
:1032B00050E00E94C8E984E894E1B11008C0D80148
:1032C00017968D919C91019791F08EE594E17F93F3
:1032D0006F933F932F93DF92CF929F938F931F9281
:1032E00081E18F93FF92EF920E9430947ECF81E72D
:1032F00094E1EDCFD8015A962C915A97222309F4E4
:10330000DCC05B96ED91FC913197D12CC12CEC3057
:10331000F105E8F48827E057F6468F4F0C94EAE968
:103320009C99CF9AF099269A039A089A0D9A129A24
:10333000129A179A1C9A219A97E1C92E94E1D92ED4
:10334000A60164E070E0CE01CD960E941B96F801C4
:103350008385882309F484C086859785029709F4BC
:103360007FC047E554E161E170E0C7010E94079624
:10337000D8011B968C911B97811112C01E968D91BE
:103380009C911F97029709F008C11D968C911D977B
:1033900065E5811106C01C968C91882309F4FDC057
:1033A0006DE4C7010E94546FB70181E00E94FD9354
:1033B000C05CDF4F0FB6F894DEBF0FBECDBFDF910C
:1033C000CF911F910F91FF90EF90DF90CF90BF9022
:1033D000AF909F908F907F906F905F904F900895E7
:1033E00080916A0F8823B9F18091710F9091720FCB
:1033F000039789F580916E0F882369F18EEEC82EB0
:1034000083E1D82E9DCFB7E0CB2EB4E1DB2E98CF51
:10341000A3E0CA2EA4E1DA2E93CFF0E0CF2EF4E1A0
:10342000DF2E8ECFEDEFCE2EE3E1DE2E89CF79EFCA
:10343000C72E73E1D72E84CF65EFC62E63E1D62E5B
:103440007FCF52EFC52E53E1D52E7ACF4BE0C42E5D
:1034500044E1D42E75CF3FE0C32E34E1D32E70CF9C
:10346000C8010E946B6F5E01F9E3AF0EB11CAC01A5
:1034700064E070E0C5010E941B96D8015D968C91B6
:10348000CD2859F01F928F93CE01CD969F938F93A5
:10349000BF92AF9284E494E120CF1F928F93BF92AA
:1034A000AF9282E394E19F938F931F9281E18F9378
:1034B000FF92EF920E94309498CE1B962C9122237B
:1034C00019F0029709F04DCFF80162897389848958
:1034D000958928EE33E040E050E00E94C8E94901B8
:1034E0005A01F0E78F16F7E19F06A104B10430F00E
:1034F0002FE6822E27E1922EA12CB12CD8015696D0
:103500006D917D918D919C91599728EE33E040E02B
:1035100050E00E94C8E929013A01B0E74B16B7E133
:103520005B066104710430F09FE6492E97E1592E45
:10353000612C712CC8010E946B6F6E01E9E3CE0E05
:10354000D11CAC0164E070E0C6010E941B96C3016F
:10355000B2012CE330E040E050E00E94C8E97F93E4
:103560006F933F932F93C501B4012CE330E040E00B
:1035700050E00E94C8E97F936F933F932F93DF92AF
:10358000CF928BE194E19F938F931F9281E18F9370
:10359000FF92EF920E94309428CE60E002CF83E148
:1035A000C82E84E1D82ECCCEE091290FF0912A0FBD
:1035B000E830F105E8F48827EF51F5468F4F0C9479
:1035C000EAE9EC9A229BE99AFB9AFE9A019B0A9BF4
:1035D000169B82E090E0089580912B0F90912C0F24
:1035E0008130910591F18230910591F1039799F124
:1035F00090E080E0089583E090E0089584E090E01A
:10360000089580912B0F90912C0F029739F18DE046
:1036100090E0089580912B0F90912C0F81309105AF
:1036200001F1029709F186E090E0089580912B0F57
:1036300090912C0F81309105D1F00397D9F089E05A
:1036400090E0089581E090E008958BE090E0089587
:103650008CE090E008958EE090E0089585E090E0A1
:10366000089588E090E0089587E090E008958AE06A
:1036700090E008958FE090E00895CF93DF93EC0100
:1036800086E0FE0111928A95E9F78091310F8883D7
:103690000E94D49A898380912F0F8A8380912D0F65
:1036A0008B8385EA8C838091150E8D83DF91CF917A
:1036B0000895880F23E030E0082E01C0220F0A94FD
:1036C000EAF720959091150E2923772701C0660F00
:1036D0008A95EAF7262B2093150E08956430E0F4BE
:1036E0008530910541F46115710519F0623071055D
:1036F000D9F4CB0108958630910531F46115710537
:10370000C1F763E070E0F5CF079799F76115710590
:1037100081F762E070E0EDCF8530910529F08630C9
:10372000910579F30797A9F370E060E0E2CF80910B
:10373000290F90912A0F8530910529F148F430E046
:1037400020E0009769F010922C0F10922B0F089533
:1037500086309105D9F023E030E08730910599F764
:103760006091150E70E0220F331F02C075956795AA
:103770002A95E2F7637077270E946E9B90932C0F37
:1037800080932B0F089521E030E0EACF22E030E073
:10379000E7CFCF93DF938091290F90912A0F853047
:1037A000910501F138F4D0E0C0E0009759F0DF91C5
:1037B000CF91089586309105C1F0C3E0D0E0873005
:1037C0009105A9F760912B0F70912C0F0E946E9BB1
:1037D00090932C0F80932B0FBC01CE01DF91CF91E2
:1037E0000C94599BC1E0D0E0EDCFC2E0D0E0EACF2D
:1037F0001F93CF93DF93CDB7DEB761970FB6F894E1
:10380000DEBF0FBECDBF182FAB0161E170E0CE016E
:1038100001960E94FAD6FE01319680E091919111B5
:103820000CC0E1E0F0E0EC0FFD1FE80FF11D90E2AD
:103830008F5F91938031E1F703C08F5F803171F723
:10384000198A812F0E94C5C4CE0101960E94DFBE55
:1038500061960FB6F894DEBF0FBECDBFDF91CF915A
:103860001F910895AC0161E170E085E49FE00C9444
:10387000FAD6EF92FF920F931F93CF93DF93C82F47
:103880000E94DE6F8C01009719F4FF24F394E2C0CC
:10389000C11103C080349105C0F38091400F88307E
:1038A000A0F70E948D33F82E8111EFCF8AEB91E1C2
:1038B000892B09F4CFC02FB7F8948091DD04909143
:1038C000DE04C091DB04D091DC042FBFC81BD90BF0
:1038D000C11528E0D20708F0BDC0C134D10510F0F1
:1038E000C0E4D0E00C171D0708F4E8012AEB31E131
:1038F000D901BC016A5B7141AD014A5B51414C1772
:103900005D0748F4FB01EA0FFB1FF770E350FB4F24
:1039100040814D93F1CF209709F49CC04FB7F894A4
:103920008C0F9D1F9093DE048093DD044FBF909118
:103930008E0D1C2F992389F160918B0D80918A0D3A
:1039400040E0F90151919F01882321F0752F71709A
:1039500076130EC08FEF850F8E3F08F483C0652F5E
:10396000661F6627661F4F5F892F411750F380E05F
:10397000EFEFE10FF0E0E654FE4E9081991F99279A
:10398000991F90938B0D91E090938A0D882309F4F1
:103990006BC010928D0D10928C0DE090400FF7E0EF
:1039A00089E593E1FE1508F453C00091890D20E4E8
:1039B000029FC0011124AE016AEB71E18654904F61
:1039C0000E9449EB103421F00093540210933D0FF4
:1039D0000F5F07700093890DE394E092400FDE01C2
:1039E000A654BE4E83E0CC0FDD1F8A95E1F7FE01A1
:1039F000E654FE4E8E9138979BEE80FF94E19083C3
:103A00009BEE81FF94E191839BEE82FF94E1928390
:103A10009BEE83FF94E193839BEE84FF94E1948378
:103A20009BEE85FF94E195839BEE86FF94E1968360
:103A300087FF2DC08BEE87831150E1F6BE018AEB24
:103A400091E10E9422368C179D0719F18BE493E1D6
:103A50000E94329C8F2DDF91CF911F910F91FF908B
:103A6000EF900895892F84CF80918C0D90918D0DCA
:103A70009C01209530958C0F9D1F2C173D0710F44D
:103A80008FEF9FEF90938D0D80938C0D86CF84E107
:103A9000D2CF8091920D9091930DA091940DB09101
:103AA000950D8C0F9D1FA11DB11D8093920D9093BC
:103AB000930DA093940DB093950DE7CE4F925F9226
:103AC0006F927F928F929F92AF92BF92CF92DF922E
:103AD000EF92FF920F931F93CF93DF93AB01BC0143
:103AE000DC01CA010196A11DB11D8E7F81150EEF6B
:103AF00090070FEFA007B007B8F08FE393E10E94A3
:103B0000329CC0E08C2FDF91CF911F910F91FF90DD
:103B1000EF90DF90CF90BF90AF909F908F907F906D
:103B20006F905F904F900895EAEBF1E120E032E072
:103B3000EF018901199201501040E1F722E520932D
:103B4000BA1129E42093BB1126E42093BC112093E1
:103B5000BD1188509E4FAF4FBF4F8093BE119093C1
:103B6000BF11A093C011B093C11187E58093C2111A
:103B700081E48093C31186E58093C41185E480932A
:103B8000C51186E68093C6118DE68093C71134E790
:103B90003093C81180E28093C91180E18093CA11EB
:103BA00021E02093CE112093D0118091960D909119
:103BB000970DA091980DB091990D8093D211492E37
:103BC0005A2E6B2E77244092D3114D01AA24BB2488
:103BD0008092D411CB2EDD24EE24FF24C092D51187
:103BE0008093D6114092D7118092D811C092D911EA
:103BF0002093DA1188E08093DC118AE48093DE114F
:103C000085E58093DF118EE48093E0118BE480934F
:103C1000E1118CEC8093E2112093E31184E6809310
:103C2000B21381E68093B3133093B4138093B5132A
:103C30004093B6135093B7136093B8137093B913AE
:103C400060E070E0CB010E94D832C82F811103C020
:103C500080E393E154CF60E072E08AEB91E10E944F
:103C6000223681159240A1F74DCFBF92CF92DF92BD
:103C7000EF92FF920F931F93CF93DF93B0907A0D43
:103C8000CB2DD0E0CE018558924F6C01FC01008114
:103C900001110CC011E0812FDF91CF911F910F9185
:103CA000FF90EF90DF90CF90BF9008950E948D33EA
:103CB000182F8111EFCFCC0FDD1FFE01E154F24F21
:103CC000E080F180C70101978115924070F58AEB81
:103CD00091E1BB2011F08AEB9FE0B7010E942236F0
:103CE0008E159F0511F58091750D9091760DA0911F
:103CF000770DB091780D8E0D9F1DA11DB11D809384
:103D0000750D9093760DA093770DB093780DC154F7
:103D1000D24F19821882F601108280917A0D91E0BB
:103D2000892780937A0D102FB6CF80EE90E10E9404
:103D3000329CB1CFDF92EF92FF920F931F93CF93FC
:103D4000DF93FC0101900020E9F731978F01081BF8
:103D5000190B6017110650F0FA011082DF91CF9114
:103D60001F910F91FF90EF90DF900895E9017A0184
:103D7000D62E0E946AC628813981AB01421B530BA3
:103D800057FDECCF0D19F7012081201760F42F5F4C
:103D90002083201718F06C577C4F02C06C5F7E4F59
:103DA00079836883DBCF1082F6CF4FE350E060EA7F
:103DB00074E187EA9EE00E9470EB1092E60E80911B
:103DC000E0148093E70E81E08093F00E0895CF9386
:103DD000DF932091130F3091140FE1E041E02115A2
:103DE000310569F16091F10E7091F20E6F5F7F4FB6
:103DF000683E83E0780710F067EE73E0283E83E0CA
:103E0000380710F027EE33E041E0CAE0D0E0E1E00F
:103E1000E40F6A30710530F0CB01BE010E94B4E9B5
:103E20004E2FF5CFE1E0CAE0D0E02A30310538F07E
:103E3000C901BE010E94B4E99B01EF5FF6CF81E0AA
:103E4000840F8E0FDF91CF9108951092EC0E0E9497
:103E50006AC66C577C4F7093EB0E6093EA0E089520
:103E6000E5E5F2E08FE2808311821092140F109248
:103E7000130F1092F20E1092F10EE0EAF4E188E4D2
:103E8000DF011D928A95E9F71092F00E1092A70EAD
:103E90001092E70E0E94A0750E94259F0C94C96F96
:103EA000809155028F3221F481E090915602911158
:103EB00080E008950E94509F81110EC06FE270E073
:103EC00085E592E00E947FEB009741F0FC012181A3
:103ED000222311F00196089590E080E008956F92FA
:103EE0007F928F929F92AF92BF92CF92DF92EF928A
:103EF000FF920F931F93CF93DF9300D000D01F92B8
:103F00001F92CDB7DEB76C01A090130FB090140FC5
:103F100010E000E0A114B104A9F00091F10E10919D
:103F2000F20E0F5F1F4F083E43E0140710F007EE3C
:103F300013E088EEA81683E0B80620F087EEA82EDE
:103F400083E0B82E40E150E060E270E0C6010E94DC
:103F500052EBD60150961C92A80160E0CE0101966A
:103F60000E94856F782E8091A00D882309F446C0A9
:103F700080919F0D8111B9C08FE261E0670DE1E092
:103F8000F0E0EC0FFD1FE70DF11D8083A501CE01D0
:103F900001960E94856F682E882E912CE1E0F0E05A
:103FA000EC0FFD1FE80DF91D108280E1782E7618C8
:103FB0000E94509F882309F49AC08FE2D6018C9307
:103FC000A401BE016F5F7F4FC601870D911D0E9446
:103FD00049EB28960FB6F894DEBF0FBECDBFDF9138
:103FE000CF911F910F91FF90EF90DF90CF90BF90F6
:103FF000AF909F908F907F906F90089581E0809315
:10400000A00D10929F0D8091150F882309F4B4CF55
:104010008091130F9091140F892B09F4ADCF8091EB
:10402000E0148111A9CF8091E1148111A5CF809175
:10403000A014882309F4A0CF80EA94E10E94062D01
:104040004C010197029708F097CF05E512E0F801BF
:1040500001900020E9F78F0106551240E0EAF4E1F3
:1040600001900020E9F7CF01815A94417C010115AC
:10407000110509F481CFF801EC5AFD4F6080C801A9
:104080008E0D9F1D21E030E0AFE26A1202C030E0E9
:1040900020E0820F931F803A910508F06DCFA801B0
:1040A00065E572E08AEB93E10E9449EBBFE26B1693
:1040B00039F0F801E654FC4E8FE280830F5F1F4F0A
:1040C000A7014F5F5F4F60EA74E1C80186549C4EC0
:1040D0000E9449EB8A94892829F40E9458D580933C
:1040E0009F0D48CF0E9468D5FACF89E446CF0E9441
:1040F0005A9F5C01F12CE12C009741F0FC010190EA
:104100000020E9F731977F01E81AF90A0E94E79E3B
:1041100090E1981B943008F494E00CEF090F109193
:10412000EC0EB3E090E0B71540F443E050E06AEDE8
:1041300073E1C6010E947BE693E00E151F0420F494
:104140008E2D801B811708F410E0F601E90FF11D98
:10415000812F911B4FE04619A114B10409F430CF0F
:10416000282F290F241708F02BCF282F30E02E15E9
:104170003F0508F025CF8F5F2A0D3B1DD9012C91FB
:104180002193EACFE0EAF4E128E4DF011D922A95C9
:10419000E9F7AC0160E470E0CF010E941B96109239
:1041A000E0141092E2141092E3141092E4141092AE
:1041B000E5140C94A0758091120D8093150F811158
:1041C0000FC01092140F1092130F0E94AE2E811187
:1041D00004C08DE793E10C94C2A08BE893E1FBCF80
:1041E0008091010D882301F16AE773E181E09DE090
:1041F0000E9484E6892BC1F061E773E181E09DE0D4
:104200000E9484E6892B81F0E0EAF4E188E4DF0192
:104210001D928A95E9F74FE350E061E07DE0CF0120
:104220000E9470EB0C94A07588E693E1D4CFAC01AA
:1042300061E170E088E19FE00E941B96E8E1FFE009
:1042400080E0219191E0980F211114C0E82FF0E057
:10425000E85EF04F90E291938F5F8031E1F710922A
:10426000280F0E946AC660557B4F7093170F6093AA
:10427000160F0895892F903121F7F1CF0E94D06F4A
:10428000B0E0A0E023E0880F991FAA1FBB1F2A956A
:10429000D1F7893F2FE39207A105B10520F088EF00
:1042A0009FE3A0E0B0E008958F929F92AF92BF92FB
:1042B000CF92DF92EF92FF920F931F93CF93DF93F2
:1042C00080913302882379F0C1E08C2FDF91CF9168
:1042D0001F910F91FF90EF90DF90CF90BF90AF9024
:1042E0009F908F900895C091FC04C11109C08091E6
:1042F0002F02909130029093320280933102E5CFE9
:104300000E94D06F811528E0920740F083E090E092
:104310009093320280933102C0E0D7CF6FEF77E005
:10432000681B790B89F293E0660F771F9A95E1F786
:104330008091000D681B710939F28AEB91E1892B9C
:1043400059F481E090E09093300280932F028091A5
:104350002F0290913002DCCF8091F2049091F3040F
:10436000A091F404B091F5040097A105B10509F4FA
:104370009FC0613022E0720710F060E072E08B01B4
:1043800030E020E080179107A207B30708F4BC01D2
:104390008AEB91E10E945436BC01181619062CF0E4
:1043A00083E090E00E94612FD2CFC090F204D090C1
:1043B000F304E090F404F090F504092E000CAA0B2D
:1043C000BB0BC81AD90AEA0AFB0AC092F204D092BF
:1043D000F304E092F404F092F5042091FE0C309185
:1043E000FF0CB0902B024091E104D0912C02A090E0
:1043F0002D029091000D5091FD0CEAEBF1E1882423
:104400008394912C8191411105C041E08D1728F4CE
:1044100040E003C041E0B816D8F7A41639F0840193
:10442000092E01C0000F0A94EAF7502B9F5F9830C5
:1044300051F4C901977083509B4FDC015C932F5F4F
:104440003F4F50E090E08F010A5B114106171707BC
:10445000CCF24093E1049093000D5093FD0C8091B9
:10446000FC04882319F1CD28CE28CF28E1F4992324
:10447000E9F0F901F770E350FB4F50832F5F3F4F96
:104480001092FD0C1092000D4FB7F8943093FF0C72
:104490002093FE0C882329F090932E0281E08093D4
:1044A00033024FBF12CF98E080E0EECF98E0ECCF20
:1044B0002091FE0C3091FF0C8FB7F8943093FF0CD5
:1044C0002093FE0C98E090932E0291E0909333029B
:1044D0008FBFE8CFCF93DF938091330281110CC05F
:1044E0000E94D06FEC010E9454A1882331F00E94F9
:1044F000D06F8C179D0781F781E0DF91CF910895F0
:10450000FF920F931F93CF93DF931F921F92CDB70C
:10451000DEB7082FF92EBE016F5F7F4F0E946B6CD4
:10452000182F811113C040E150E061E07DE085E487
:104530009FE00E9470EB1092550F812F0F900F900B
:10454000DF91CF911F910F91FF9008958A818F93F2
:1045500089818F93FF920F9381E293E19F938F93D1
:104560001F9280EA8F938AEB93E19F938F930E942F
:10457000309401970FB6F894DEBF0FBECDBF8F39D0
:104580009105D8F283E193E10E94329C10E0D5CFEF
:104590006FE270E08AEB93E10E947FEB009711F0ED
:1045A000019608958AEB93E108954F925F926F927E
:1045B0007F928F929F92AF92BF92CF92DF92EF92B3
:1045C000FF920F931F93CF93DF93CDB7DEB7E3979F
:1045D0000FB6F894DEBF0FBECDBF0091080F10914B
:1045E000090F0E94C8A24C01009731F0FC018081A4
:1045F000811102C0912C812C80915202882361F09C
:104600008091C80D882341F08091C70D59ECA52EEB
:104610005DE0B52E811102C0B12CA12C8091E70D77
:10462000811141C0412C512C32018091080F909191
:10463000090F039761F48091A60E35E5F32E8111E1
:1046400007C08091A50E4DE4F42E811101C0F12C1C
:10465000B401CE0101960E945897B401CE01839611
:104660000E945897A114B10411F41092560FCE0174
:1046700042966C010430110509F054C01092020EEC
:10468000F8013197E730F10508F067C18827E45B4E
:10469000FC458F4F0C94EAE9B2A3E8A31EA45CA4E6
:1046A00098A39FA4AFA40330110569F46091E30DB2
:1046B0007091E40D8091E50D9091E60D6115710505
:1046C0008105910511F40E946AC6C090DF0DD0905B
:1046D000E00DE090E10DF090E20D4090DB0D509088
:1046E000DC0D6090DD0D7090DE0DA7019601240DAC
:1046F000351D461D571D621773078407950708F47B
:1047000091CF6C197D098E099F0964197509860975
:10471000970928EE33E040E050E00E94C8E9290103
:104720003A0183CF1092030E0530110509F0A6CF90
:1047300088EEE82E8DE0F82E02E01EE0940144E0C1
:1047400060E275E1CE0101960E94E2730E94AF75AE
:10475000009709F402C1AC0161E170E0C6010E945A
:104760001B9615C0A501B401CE0101960E942696A4
:10477000809150029091510244E955E1019711F066
:1047800043E855E161E170E0C6010E940796BE0171
:104790006F5F7F4F80E00E94FD93B60181E00E9431
:1047A000FD93E3960FB6F894DEBF0FBECDBFDF9149
:1047B000CF911F910F91FF90EF90DF90CF90BF901E
:1047C000AF909F908F907F906F905F904F900895E3
:1047D000A501B401CE0101960E94269640E060E05A
:1047E000C6010E9403768111D2CFC301B2012CE32E
:1047F00030E040E050E00E94C8E99F938F937F93A0
:104800006F93CA01B90124E630E040E050E00E9415
:10481000C8E99F938F937F936F9383E795E19F936D
:104820008F931F9281E18F93DF92CF920E943094F9
:104830000FB6F894DEBF0FBECDBFA9CFA501B4015E
:10484000CE0101960E9426964F2D61E0C6010E947E
:10485000037681119CCFC301B2012CE330E040E02C
:1048600050E00E94C8E99F938F937F936F93CA0192
:10487000B90124E630E040E050E00E94C8E99F938F
:104880008F937F936F9383E695E19F938F931F920E
:1048900081E18F93DF92CF920E9430940FB6F8940B
:1048A000DEBF0FBECDBFF11002C02FE3F22E6F2D81
:1048B000C6010E94546F6BCFA114B10419F4FE011C
:1048C000B3965F019EEFE92E9DE0F92E03E01EE016
:1048D000950147E06BE575E1CE0101960E94E27318
:1048E0000E94AF75009741F1FC01D60190E08491E0
:1048F00021E0290F811109C0F601E90FF11D80E2C5
:104900009F5F9D3039F08193FBCF8D933196922F2D
:104910002C3069F7E6E5F5E1E491EE8FE7E5F5E1A6
:10492000E491EF8FE8E5F5E1E491E8A3E9E5F5E14D
:10493000E491E9A31AA22BCF4AE455E123CF809159
:10494000EC0D4DE355E1811102C04FE255E161E10B
:1049500070E0CE0101960E941B961A8A18CF45E29C
:1049600055E161E170E0CE0101960E9407966DEE7F
:104970007DE0C6010E9458970ACFAC0161E170E06A
:104980008DEE9DE00E941B9687E090E09093090FCA
:104990008093080F0E94864E0E94FA6F0E94BD2DE0
:1049A00081E00C9494480097B9F44AE151E161E147
:1049B00070E08DEE9DE00E94079687E090E0909376
:1049C000090F8093080F0E94864E0E94FA6F0E9482
:1049D000BD2D81E00C94944840E150E0BC018DEE87
:1049E0009DE00E9470EB1092FD0DE7CFEF92FF92D9
:1049F0000F931F93CF93DF93C82F162F693048F47E
:104A0000611108C0DF91CF911F910F91FF90EF903E
:104A1000089518E0DC2FD1708091570D811164C08A
:104A200081E08093570DD093560D1092550D109242
:104A3000540D80E0113009F479C0812F8150990B19
:104A40009C0181E090E001C0880F2A95EAF781502F
:104A5000DC2FD695DC27D82380E0EE24EA94FE2CC8
:104A600001E0DD2309F462C09D2F9F702D2FC0E06F
:104A700019F422952F70C4E0322F337019F4269563
:104A80002695CE5F20FFCF5FCF5F2091540D3091F0
:104A9000550D9C2F981B892F90E0A90140955095AA
:104AA00048175907C8F5F092550DE092540D6091E2
:104AB000560D8091540D9091550D2091450D273044
:104AC00091F50E94402981110E94E9778091560D4D
:104AD00080278093560D1092550D1092540D8FEF34
:104AE0008D0FD8238C2FBDCF6091560DD61709F4AA
:104AF000A0CF8091540D9091550D2091450D2730F8
:104B000041F40E944029882309F48DCF0E94E9775F
:104B10008ACF0E94B17987CF280F391F3093550D66
:104B20002093540DC4CF0E94B179D0CF2091540D61
:104B30003091550D181B612F70E0C901809590953B
:104B40008617970738F48FEF9FEF9093550D80935A
:104B5000540D58CF620F731F7093550D6093540D11
:104B600051CFFF920F931F93CF93DF931F921F920A
:104B7000CDB7DEB7082FF92EBE016F5F7F4F0E94C1
:104B80006B6C182F811113C040E150E061E07DE0B3
:104B900085E49FE00E9470EB1092550F812F0F90DB
:104BA0000F90DF91CF911F910F91FF9008958A810F
:104BB0008F9389818F93FF920F9381ED90E19F9363
:104BC0008F931F9280EA8F938AEB93E19F938F9349
:104BD0000E94309401970FB6F894DEBF0FBECDBF90
:104BE0008F399105D8F283EC90E10E94329C10E05D
:104BF000D5CFAC0161E170E085E49FE00C941B9699
:104C0000CF9318163CF084E890E10E94F9A580E06B
:104C1000CF9108958093280DC0915A0DC093270D10
:104C20006C2F90E00E94B17981E0C827C0935A0DA3
:104C300080935C0DEDCF2F923F924F925F927F92C7
:104C40008F929F92AF92BF92CF92DF92EF92FF929C
:104C50000F931F93CF93DF931F921F92CDB7DEB7B1
:104C600022E0E22EF12C77247394CC24C394D12C2F
:104C7000E091600DF0E0E759F24F00810111CBC0E7
:104C800080915C0D882391F08091280D9091270DE3
:104C9000911101C081950E947E71811110925C0D6D
:104CA00080915C0D882321F301E0B5C00E947371EF
:104CB000082F882309F400C180915B0D8823A1F39C
:104CC0008091200D882321F18090650D9090660DD4
:104CD000A090670DB090680D8091260D8823B1F0EB
:104CE00081E00E947E71882371F08092210D909264
:104CF000220DA092230DB092240D7092250D1092DA
:104D0000200D70921F0D0E947371CCCF8FEFE9CFF1
:104D100000911F0D002371F080E00E947E718823B6
:104D200091F310921F0D80911C0D882361F30E9456
:104D30005471E9CF80911E0D882309F4B5CF1091ED
:104D40001D0D812F111614F08FE7810F9091260D04
:104D5000911101C081959091250D992309F4A7C067
:104D60008090210D9090220DA090230DB090240DE5
:104D700089834091290D50912A0D60912B0D7091DE
:104D80002C0D2091C30D3091C40D2115310589F0F2
:104D900084169506A606B70660F01A012B01220EAE
:104DA000331E411C511C82149304A404B50408F45E
:104DB00047C040912D0D50912E0D60912F0D709197
:104DC000300D2091C50D3091C60D2115310591F0A2
:104DD00084169506A606B70668F01A012B01220E66
:104DE000331E411C511C2AEB3FE082149304A4049F
:104DF000B50440F18091610D9091620DA091630D19
:104E0000B091640D88169906AA06BB0668F18AE976
:104E100090E10E94F9A5802F0F900F90DF91CF9124
:104E20001F910F91FF90EF90DF90CF90BF90AF90C8
:104E30009F908F907F905F904F903F902F9008951C
:104E40002AEB31E1841A950AA60AB70A820E931E4C
:104E5000F401808310921E0D11160CF068CF709231
:104E60001F0D70921C0D4FCF0E948D33082F8111A2
:104E70004ACFC501B4010E94D832811103C08EE827
:104E800090E1C7CF61E070E0CE0101960E9422362A
:104E90000197A9F76091610D7091620D8091630D8A
:104EA0009091640D0E94D8328111D4CFE8CF0E9436
:104EB0007E718111CFCF27CF80915D0D882341F086
:104EC00010925D0D0E9400A6882309F4A4CFD0CED5
:104ED000CE0102960E940072882309F4E5CE20914B
:104EE0005E0D30915F0D8A812130310581F4109281
:104EF0005F0D10925E0D90EF980F903718F089EBD0
:104F000090E187CF0E9400A68823C9F3B1CE22305A
:104F1000310591F410925F0D10925E0D90915B0D32
:104F2000992311F08F3F1CF485EA90E172CF8093B2
:104F30001D0D70921E0D9CCE813029F4D0925F0D14
:104F4000C0925E0D95CE823099F580915B0D8111F6
:104F500025C080913C0F882381F01092570D10924C
:104F6000550D1092540D0E94F4288091450D873004
:104F700021F00E9486730E94FF6F70925B0D8091FA
:104F80005A0D8093260D1092250D1092200D10922F
:104F90001F0D10921E0D10921C0D6ACE8091250DD2
:104FA000811103C07092200D63CE70921F0D60CEF0
:104FB000833029F4F0925F0DE0925E0D59CE282FD8
:104FC00030E094E0359527959A95E1F7182F1F70FA
:104FD0002115310519F48FEA90E11BCF822F0E9431
:104FE00000A6882309F417CF112309F441CE1093AA
:104FF0005D0D3ECEBF92CF92DF92EF92FF920F9364
:105000001F93CF93DF93B090310DCB2DD0E0CE0125
:105010008759924F6C01FC01008101110CC011E015
:10502000812FDF91CF911F910F91FF90EF90DF9033
:10503000CF90BF9008950E948D33182F8111EFCF2C
:10504000CC0FDD1FFE01ED53F24FE080F180C70170
:1050500001978115924028F088E790E10E94F9A518
:10506000DFCF8AEB91E1BB2011F08AEB9FE0B70123
:105070000E9422368E159F0519F08DE690E1EECF45
:105080008091610D9091620DA091630DB091640DBE
:105090008E0D9F1DA11DB11D8093610D9093620D1A
:1050A000A093630DB093640DCD53D24F1982188233
:1050B000F60110828091310D91E089278093310DA6
:1050C000102FAECFFF920F931F93CF93DF931F92BA
:1050D0001F92CDB7DEB7082FF92EBE016F5F7F4F4D
:1050E0000E946B6C182F811113C040E150E061E009
:1050F0007DE085E49FE00E9470EB1092550F812FB8
:105100000F900F90DF91CF911F910F91FF90089515
:1051100089819A812091020F3091030F253031054A
:1051200001F59F938F93FF920F938EE590E19F93EC
:105130008F931F9280EA8F938AEB93E19F938F93D3
:105140000E9430940FB6F894DEBF0FBECDBF01971A
:105150008F399105A0F281E490E10E94F9A510E059
:10516000CECF9F938F93FF920F938FE490E1DFCF89
:105170000E94BD2DE3E7F0E080818D7F8083109257
:1051800021011092200182E08ABB80E00C94C94882
:10519000CF93DF93DFB7F8940E94BD2DD19B0FC052
:1051A0000E948372C82F81110AC00E94B8A884E0AF
:1051B0008093CC04DFBF8C2FDF91CF910895809135
:1051C0002401909125011092210190931B0D809351
:1051D0001A0D83E08093CC0480E00E94C948C1E0AE
:1051E000E9CF0F931F93CF93DF93C091E70DCC23AB
:1051F00009F440C00091080F1091090F0230110509
:1052000009F06AC080914A0290914B028630910564
:10521000B9F580919A0D90919B0D019709F058C0B6
:105220009091CD04923009F053C0DFB7F89480918B
:105230006F008D7F80936F001092810096BB83E09A
:105240008093CD0480E00E94C948DFBF10939B0D7E
:1052500000939A0D0E946AC66093E30D7093E40D6B
:105260008093E50D9093E60D83E090E09093090F15
:105270008093080F8C2FDF91CF911F910F9108958C
:10528000019799F48091870D9091880D019701F510
:105290008091CC048230E1F40E94C8A88823C1F038
:1052A0001093880D0093870DD5CF8091430F909177
:1052B000440F019769F48091CC04823049F40E9434
:1052C000C8A8882329F01093440F0093430FC2CF3E
:1052D00089ED91E10E94BDA4C0E0CCCF0E94F1A86D
:1052E000882369F01092A60E81E02091080F30917A
:1052F000090F2330310509F080E08093A50E089551
:105300001F920F920FB60F9211240BB60F922F938C
:105310003F934F935F936F937F938F939F93AF933D
:10532000BF93EF93FF938091CC04823061F40E948D
:1053300074728823D9F082E00E9454728823B1F0FD
:1053400081E08093190DFF91EF91BF91AF919F91F3
:105350008F917F916F915F914F913F912F910F901E
:105360000BBE0F900FBE0F901F9018950E94B8A80B
:1053700084E08093CC04E7CFCF93CFB7F8940E941A
:10538000B8A81092190D1092180D1092CC04CFBF2E
:10539000CF910895CF93CFB7F8940E94B8A81092F8
:1053A000160D1092150D1092140D1092130D1092EF
:1053B0001B0D10921A0D8CE991E390932A028093B1
:1053C000290282E0809328021092580D1092C703A0
:1053D0001092590D1092190D1092180D1092170D70
:1053E0001092CC04CFBFCF9108950E94CAA9109209
:1053F000440F1092430F1092030F1092020F10925D
:10540000BA131092450FE3ECFDE011821082138273
:105410001282E9E6FDE0108211821092600D109276
:10542000310DE9E2FDE010821182128213821482B2
:105430001582168217821092610D1092620D1092E1
:10544000630D1092640D1092650D1092660D10920E
:10545000670D1092680D10925F0D10925E0D109204
:105460005D0D10925A0D10925C0D1092280D109245
:10547000270D10925B0D1092260D1092250D1092A3
:10548000210D1092220D1092230D1092240D1092D6
:10549000200D10921F0D10921E0D10921D0D1092D6
:1054A0001C0D08950E94864E0E94EA760E94F5A97E
:1054B0000E9497701092090F1092080FEAE4F2E030
:1054C00086E090E09183808384E49CEAA0E0B0E0F1
:1054D00082839383A483B5831782168210861092E9
:1054E0000B0F10920A0F1092ED0D1092E70D0E9413
:1054F000FA6F1092DF0D1092E00D1092E10D1092F4
:10550000E20D1092E30D1092E40D1092E50D109251
:10551000E60D1092DB0D1092DC0D1092DD0D109255
:10552000DE0D1092EC0D1092850D1092840D1092EC
:10553000800D1092810D1092820D1092830D1092A9
:105540007F0D10927E0D0E94BD2D81E00E94944837
:1055500020E030E0A90170E060E080E00C943D774D
:10556000CF93DF93EC01D19910C0809124019091E9
:10557000250199838883109225011092240182E0ED
:105580008ABB81E0DF91CF9108950E9483728823C6
:10559000C9F3EBCFCF932091190DC091580D3091E5
:1055A000170D830F911D37FD9A95222309F46BC0C7
:1055B000CC2309F44AC09C012E5F3F4F37FD0DC03C
:1055C0003695279536952795A9014F5F5F4F41384E
:1055D000510530F080E0CF9108952FEF3FEFF4CFE9
:1055E0002F3F320779F1A901440F551F440F551F72
:1055F000841B8093170D4091130D5091140D8091D1
:10560000150D9091160D841B950B8150984F0297A4
:1056100008F38091130D9091140DFC01F770E35085
:10562000FB4F33E03083FC013196F770E350FB4FC2
:10563000208302969093140D8093130D1092190DF0
:1056400081E0C9CF4CEF5FEFD3CFAC014E5C5F4F31
:1056500057FD14C030E020E04436510544F0445674
:1056600051092F5F3F4F20383105B1F7B3CF64E6C2
:10567000629FA001639F500D1124BACF2FEF3FEF1F
:105680004CE95FEFB5CF1816190614F081E090E0F1
:105690009C01CC2309F445C02E5F3F4F36952795DA
:1056A0003695279521153105C9F12038310508F0C7
:1056B00091CFC22F220F220F821B8093170DC03172
:1056C00008F445C00E947472882309F483CF409186
:1056D000130D5091140D2091150D3091160D241BB2
:1056E000350B2150384F2230310508F473CF20910B
:1056F000130D3091140DF901F770E350FB4F91E059
:105700009083F9013196F770E350FB4FC0832E5F11
:105710003F4F3093140D2093130D5DCF21E030E007
:10572000C8CF2E5C3F4F2436310530F02456310966
:10573000CF5FC038C1F74ECFC11101C0C1E024E630
:10574000C29F80191124B9CFC093180D79CF8091D1
:10575000180D8823C9F340E1849FC00111248C2BCC
:105760000E945472882309F435CF1092180D33CF5C
:105770001F93CF93DF931FB7F894C0910301C170BB
:105780008091C7038C1731F180911A0D90911B0DF8
:105790000E94CAAAD82F81110BC00E94B8A884E029
:1057A0008093CC041FBF8D2FDF91CF911F9108955F
:1057B000C093C7031092190D90E080E00E942C72F4
:1057C00082E08093CC040E94E32D81E00E94C948CE
:1057D000D1E0E8CF80911A0D90911B0DEFCF0F9380
:1057E0001F93CF93C091E70DCC2309F47AC0809129
:1057F000080F9091090F039709F0A7C000914A0282
:1058000010914B020630110509F070C080919A0D7D
:1058100090919B0D029709F094C08091CD04833044
:1058200009F08FC00E94B34C882309F48AC081E03C
:1058300090E090939B0D80939A0D8091E30D909151
:10584000E40DA091E50DB091E60D892B8A2B8B2BF1
:1058500061F10E946AC6AB01BC018091DB0D9091A1
:10586000DC0DA091DD0DB091DE0D0091E30D1091E6
:10587000E40D2091E50D3091E60D801B910BA20BFC
:10588000B30B840F951FA61FB71F8093DB0D90935A
:10589000DC0DA093DD0DB093DE0D1092E30D1092A0
:1058A000E40D1092E50D1092E60D82E090E09093E9
:1058B000090F8093080F0E94FA6F80915002909117
:1058C0005102019771F480914A0290914B02069720
:1058D000F1F510928D0D10928C0D10928B0D10928F
:1058E0008A0D8C2FCF911F910F91089501301105D2
:1058F00099F48091870D9091880D029711F5809110
:10590000CC048330F1F40E94B8AB8823D1F010931B
:10591000880D0093870D91CF8091430F9091440F94
:10592000029779F48091CC04833059F40E94B8AB8B
:10593000882339F081E090E09093440F8093430FE7
:105940007CCF83EE91E10E94BDA4C0E0CACF2FB707
:10595000F8948091050F9091060F2FBF9093850DBD
:105960008093840D0E946AC66093800D7093810DB0
:105970008093820D9093830DB4CF1F93CF93DF93C9
:105980001F921F92CDB7DEB71A8219821FB7F89403
:105990008091CC04823021F08091CC04833021F5B9
:1059A0000E94BD2D8091CC04823029F5CE01019654
:1059B0000E94B0AA10922101909173009D7F909354
:1059C000730092E09ABB8823F1F089819A810E944A
:1059D000CAAA8823C1F00E9474728823A1F0109291
:1059E000CC0480E00E94C9481FBF0F900F90DF9148
:1059F000CF911F91089580911A0D90911B0D9A835C
:105A0000898381E0D7CF84E08093CC04EACF2F92C2
:105A10003F924F925F926F927F928F929F92AF923E
:105A2000BF92CF92DF92EF92FF920F931F93CF938B
:105A3000DF931F921F92CDB7DEB718160CF05AC035
:105A400060916B0D90E00E944029782E80916B0D43
:105A500091E0892780936B0D711018C0772473949F
:105A6000872D0F900F90DF91CF911F910F91FF9095
:105A7000EF90DF90CF90BF90AF909F908F907F90EE
:105A80006F905F904F903F902F900895662463949D
:105A900098E8292E312C21E7422E512C30E6832E16
:105AA000912C009188141091891401151105C1F2EF
:105AB00080918A1440918B1450918C1460918D14B4
:105AC00070918E14C0909314D090941410928914F5
:105AD000109288140130110509F0F2C0E090CA0458
:105AE000F090CB040091C8031091C9038091BE0DC2
:105AF000882311F0712CB4CF8091340D8111FACF2D
:105B00006AEB71E1672B09F46EC0E114F10409F44A
:105B10006AC0F701B08CF1E0BF1265C0BE016F5FD3
:105B20007F4FC7010E94B02C882309F45CC080E835
:105B3000F701AAEBB1E101900D928A95E1F7B092DD
:105B4000BA11F7017A9686E0ACECB1E101900D92C2
:105B50008A95E1F7E2EDF1E168E611926A95E9F7DD
:105B600089819A819093330D8093320D019786300D
:105B7000910598F190E080E09093AB0D8093AA0D91
:105B80008AEBE82E81E1F82EC7010E94417188233B
:105B900009F4B0CFF701A288B388D12CC12CA09210
:105BA000BA0DB092BB0DC092BC0DD092BD0DD60106
:105BB000C50180589F4FAF4FBF4F80936C0D90939E
:105BC0006D0DA0936E0DB0936F0D6092BE0DC70169
:105BD0000E94C677C601B50114C081509D4FFC01DB
:105BE000808190E0C9CFC7010E94D42C882361F046
:105BF0006092340DC7010E94C6776AE570E080E0CC
:105C000090E00E9466C14DCF0115110509F471C1E4
:105C100098012A5F31090A3F110538F42AEF30E074
:105C2000201B310B0838110520F1A80148585109F3
:105C3000C801815791090056110970E4C71A7FE124
:105C4000D70AE9E8CE16E3E1DE0648F4081719079B
:105C500030F40417150718F40217130730F1421730
:105C60005307C0F48417950708F43FC181E090E022
:105C70001EC0A101401B510B01371105C8F6C2011E
:105C8000801B910B00361105B0F6B401601B710B3F
:105C90008B01D3CF8217930708F02BC18417950788
:105CA00008F027C182E090E002C088E090E0909385
:105CB000AB0D8093AA0DE114F10409F41BCF64CF5E
:105CC0000230110539F59091340D992359F04A3578
:105CD00051056105710508F00DCF46545E4EFA017D
:105CE0008083DFCE9091BE0D992309F403CF0091FC
:105CF000BA0D1091BB0D2091BC0D3091BD0D401718
:105D000051076207730708F0F5CE0E9400718111F8
:105D1000C8CEF0CE0330110509F0C9C08091340D12
:105D2000882309F49DC06AEB7FE0672B09F48DC0DE
:105D30000091CA041091CB04C8010E94D42C88237E
:105D400009F483C08AEB91E1009709F47EC0BE019B
:105D50006F5F7F4F0E94802C882309F476C080E813
:105D6000F801AAEBBFE001900D928A95E1F78091CE
:105D700006128093BA0F8DE0E7E0F2E1ACECBFE0F1
:105D800001900D928A95E1F71092D90F89819A813D
:105D90009093330D8093320D01978630910508F46E
:105DA00059C090E080E09093AB0D8093AA0D1092C3
:105DB000C20D1092C10D1092C00D1092BF0D109225
:105DC0007C0D10927B0D10927A0D1092790D10922D
:105DD000750D1092760D1092770D1092780D10922D
:105DE000B60D1092B70D1092B80D1092B90D8AEB46
:105DF0009FE00E944171882309F47CCEC090CC0FB3
:105E0000D090CD0FF12CE12CC092BA0DD092BB0DE9
:105E1000E092BC0DF092BD0DD701C60180589F4F96
:105E2000AF4FBF4F80936C0D90936D0DA0936E0D8F
:105E3000B0936F0D6092BE0D1092340D8AEB9FE00F
:105E40000E94C677C701B601DCCE80E191E10E94D5
:105E5000329C50CE81509D4FFC01808190E0A3CFB9
:105E60008091BE0D8823A9F04091B60D5091B70DD9
:105E70006091B80D7091B90D80916C0D90916D0D80
:105E8000A0916E0DB0916F0D481759076A077B07F7
:105E900019F01092730D2ECE6092730D0E94BDAC5E
:105EA0000E94E8701093880D0093870DFACD04309E
:105EB000110509F0F6CD8091340D882319F084E0A6
:105EC00091E1C5CF8091740D882319F087EF90E19F
:105ED000BECF8091320D9091330D892B19F46092D1
:105EE0007D0DDFCD8AEE90E1B2CF8217930708F4E3
:105EF000D9CE90E080E0DBCE9FB7F8948091C603C6
:105F00009FBF90E008959093AA038093A9031092F5
:105F1000A8031092A7036093A00340931E0260930E
:105F2000A60380E88093260281E090E090931D0212
:105F300080931C028AE496E0611102C080EC9FE02D
:105F400090939F0380939E030895CF93DF93EB017B
:105F50000E94543697FF0AC066E070E08AEE9FE028
:105F60000E94894E80E0DF91CF9108958C179D07A4
:105F700029F067E070E083EF9FE0F2CF81E0F3CF9C
:105F8000CF93DF938091B3039091B403892B41F4B5
:105F90008FB7F89491E0909327028FBF81E00DC0F6
:105FA0000E94B11F811528E0920750F066E070E072
:105FB00081EE9FE00E94894E80E0DF91CF910895AD
:105FC0002FEF37E0281B390B49F3C091B303D09171
:105FD000B403C13082E0D80710F0C0E0D2E02C1743
:105FE0003D0708F4E901BE018AEB91E10E945436B5
:105FF00097FF05C066E070E088ED9FE0DBCF8C176F
:106000009D0729F067E070E08EEC9FE0D3CF2091F0
:10601000C2033091C303AAEBB1E1B9016A5B7141DC
:10602000FB01EA0FFB1FAD014A5B51414C175D07B5
:1060300030F4F7704D91E350FB4F4083F1CF820F66
:10604000931F2091B3033091B4032C1B3D0B30936D
:10605000B4032093B3032FB7F8949093C3038093B2
:10606000C2038091B3039091B403892B19F481E0AA
:10607000809327022FBF92CF4F925F926F927F92B1
:106080008F929F92AF92BF92CF92DF92EF92FF9248
:106090000F931F93CF93DF9300D0CDB7DEB7082FB8
:1060A0000E94B11F892B39F066E070E088E390E12F
:1060B0000E94894E2DC00E945A32C090AF03D090EA
:1060C000B003E090B103F090B203C616D706E8061D
:1060D000F90628F466E070E08FE290E1E9CFA701CD
:1060E0009601261B370B480B590BDA01C9010297A1
:1060F000A105B10528F467E070E084E290E1D8CF13
:1061000062E070E0CE0101960E94A5AF811116C039
:1061100010E0812F0F900F900F90DF91CF911F9182
:106120000F91FF90EF90DF90CF90BF90AF909F9036
:106130008F907F906F905F904F900895E980FA80E4
:1061400067E070E089E190E132E0E316F10408F4E1
:10615000AFCF0E945A328090AF039090B003A090CE
:10616000B103B090B203861A970AA80AB90A2701A8
:10617000712C612C67E070E08FE090E1841495044D
:10618000A604B70408F494CF61E070E0CE01039652
:106190000E94A5AF182F882309F4BACF8B818150B4
:1061A0008E3F28F467E070E086E090E181CFC70180
:1061B00001979093B4038093B3038FB7F894109230
:1061C00027028FBF8091B3039091B403892BD9F03C
:1061D0000E94B11F6C010E94C0AF81110FC080915D
:1061E000C603863009F494CF8091C603873009F442
:1061F0008FCF66E070E08DEF9FE05ACF0E94B11F15
:10620000C816D906F9F60E94B11F892B41F341E067
:1062100084149504A604B70409F040E06B810023C0
:1062200029F0C7010E9483AF102F73CFF092A30310
:10623000E092A2036093A10340931F028FB7F894EA
:1062400091E09093BF038FBF64CFCF93C82F0E947C
:10625000D34880E00E94AA441092C103C093C603B1
:10626000CF9108958091A60390912602892329F069
:1062700080919A0390919B03089580919C03909143
:106280009D0308955F926F927F928F929F92AF923B
:10629000BF92CF92DF92EF92FF920F931F93CF9313
:1062A000DF93CDB7DEB7C05AD1400FB6F894DEBF4A
:1062B0000FBECDBF682EA090130FB090140FCE016B
:1062C0008F599E4F0E94E42ECE018F5D9E4F0E94FB
:1062D000E42E80EA94E1892B31F480EC93E10E9472
:1062E000C22E712C49C088E4E0EAF4E1DE01AF5629
:1062F000BF4F01900D928A95E1F76E0189EDC80EAE
:10630000D11C88E4F60111928A95E9F7CE018F59E4
:106310009E4F0E94F3CF882321F3F12CE12C712CA6
:1063200081E6882E992493948C0E9D1EFCE08F0E9E
:10633000911C01E211E00C0F1D1F045F1F4FB401FF
:10634000C8010E940ED1882349F0A114B10461F163
:10635000EA14FB0448F1C8010E94CDCFCE018F5949
:106360009E4F0E94E842882309F4BBCF711063C09E
:1063700087EB93E10E94C22E872DC056DE4F0FB6E9
:10638000F894DEBF0FBECDBFDF91CF911F910F916B
:10639000FF90EF90DF90CF90BF90AF909F908F9045
:1063A0007F906F905F900895AE014F5F5F4FB70190
:1063B000CE018F5D9E4F0E940E43CE0101960E943A
:1063C000116F582E811104C0C8010E94CDCFB7CFE4
:1063D0008FEFE81AF80ABE016F567F4FCE01019683
:1063E0000E94BF6E6620C9F087FFEECF772049F08C
:1063F000BE01675B7F4FCE0101960E94BF6E1816EB
:106400001CF788E4FE013196DE01A75BBF4F0190C7
:106410000D928A95E1F7752CD7CF1816ACF6772038
:1064200081F3BE01675B7F4FCE0101960E94BF6E74
:1064300087FDE7CFC9CF88E4FE01E75BFF4FD601B8
:1064400001900D928A95E1F784EB93E10E94C22EB0
:1064500088E4F601A0EAB4E101900D928A95E1F793
:106460008091F10E9091F20E611002C0019601C070
:1064700001979093F20E8093F10E0E94A0750E94F6
:10648000C96F7ACF3F924F925F926F927F928F92B5
:106490009F92AF92BF92CF92DF92EF92FF920F93B3
:1064A0001F93CF93DF93CDB7DEB7C855D1400FB65A
:1064B000F894DEBF0FBECDBF1091150F112309F464
:1064C000CFC0A090130FB090140FA114B10409F421
:1064D00049C0462E6C013E0181E9680E711C88E4BA
:1064E000F30111928A95E9F7CE01875E9E4F0E94D3
:1064F000E42ECE0187529F4F0E94E42ECE01875E8C
:106500009E4F0E94F3CF882359F1512CF12CE12C9E
:1065100099E1892E992493948C0E9D1EFCE08F0E98
:10652000911C09ED10E00C0F1D1F045F1F4FB401FB
:10653000C8010E940ED1882331F0EA14FB04A0F0B8
:10654000C8010E94CDCFCE01875E9E4F0E94E842D7
:10655000882331F0511039C083EA93E10E94C22EA2
:106560000E94DBA010E07CC0AE014F5F5F4FB7011F
:10657000CE0187529F4F0E940E43CE0101960E948A
:10658000116F382E811104C0C8010E94CDCFCFCF2A
:106590008FEFE81AF80A5110F7CF22968FAD2297A5
:1065A0004812F2CFB601CE0101960E9459EB892B19
:1065B00059F788E4FE013196DE01A75BBF4F0190D9
:1065C0000D928A95E1F7532CDFCFCE01875E9E4F67
:1065D0000E94F3CF882321F2D12CC12CF12CE12C85
:1065E00089E1882E992493948C0E9D1EECE08E0EEA
:1065F000911C09ED10E00C0F1D1F045F1F4FB4012B
:10660000C8010E940ED1882339F0EA14FB0408F473
:1066100041C0C8010E94CDCFCE01875E9E4F0E942F
:10662000E842182F882309F49BCF88E4FE01E75B3A
:10663000FF4FD30101900D928A95E1F780EA93E133
:106640000E94C22ED092F20EC092F10E88E4F301A5
:10665000A0EAB4E101900D928A95E1F70E94A0753D
:10666000812FC85ADE4F0FB6F894DEBF0FBECDBFE4
:10667000DF91CF911F910F91FF90EF90DF90CF901E
:10668000BF90AF909F908F907F906F905F904F9052
:106690003F900895AE014F5F5F4FB701CE01875223
:1066A0009F4F0E940E43CE0101960E94116F8111EF
:1066B00004C0C8010E94CDCFA2CFFFEFEF1AFF0A9E
:1066C000BE01675B7F4FCE0101960E94BF6E87FFC0
:1066D000F0CF8FEFC81AD80AECCF8F929F92AF926B
:1066E000BF92CF92DF92EF92FF920F931F93CF93BF
:1066F000DF93CDB7DEB7C855D1400FB6F894DEBFF3
:106700000FBECDBF8091150F811116C082E090E0C1
:10671000C85ADE4F0FB6F894DEBF0FBECDBFDF9173
:10672000CF911F910F91FF90EF90DF90CF90BF908E
:10673000AF909F908F9008957E0181E9E80EF11C43
:1067400018E4F701812F11928A95E9F7CE01875E4F
:106750009E4F0E94E42ECE0187529F4F0E94E42E4E
:10676000F70111921A95E9F7CE01875E9E4F0E94BC
:10677000F3CF81110BC08091120D8093150F811101
:10678000C5CF1092140F1092130FC0CF10E000E08D
:10679000D12C89E1882E992493948C0E9D1EFCE0C7
:1067A0008F0E911C99EDA92EB12CAC0EBD1E8CE064
:1067B000A80EB11C15C0AE014F5F5F4FB801CE01EE
:1067C00087529F4F0E940E43CE0101960E94116F87
:1067D000C82E81113AC0C5010E94CDCFCD2CDC2C32
:1067E000B401C5010E940ED1882339F0073EE3E0D1
:1067F0001E0708F3C5010E94CDCFCE01875E9E4FD4
:106800000E94E842882309F4B6CFDD2049F088E4ED
:10681000FE01E75BFF4FD70101900D928A95E1F7EA
:1068200087E993E10E94C22E1093140F0093130F77
:106830001092F20E1092F10E012B11F58AE993E1FC
:106840000E94C2A081E090E063CF0F5F1F4FDD2068
:1068500049F0BE01675B7F4FCE0101960E94BF6E7B
:1068600087FF0AC088E4FE013196DE01A75BBF4FB7
:1068700001900D928A95E1F7C5010E94CDCFAFCF6F
:1068800088E4F701A0EAB4E101900D928A95E1F75E
:106890000E94A0750E94C96F90E080E039CF80917E
:1068A000150F811104C01092EF0E0C94DBA00E9412
:1068B0006DB39C019091140E9F5F9093140E21155F
:1068C000310519F41092EF0E08952130310571F45D
:1068D0009330C0F781E08093EF0E0E946AC6605B40
:1068E0007F4F7093E90E6093E80E089522303105D2
:1068F00089F7933078F3D7CF8CEA93E10E9417A100
:1069000081E00E947F438093150F1092EF0E10924A
:10691000140E0E94309F0C944FB40E946DB39C01E2
:10692000029721F40E94DBA080E003C081E0232BCA
:10693000D9F708959091150F992339F02091130FED
:106940003091140F2115310511F40C94C96F409149
:10695000F10E5091F20E4F5F5F4F4217530760F0F8
:10696000882341F02130310529F081E00E948175B2
:106970008823B9F00C948DB40E94C96F80E00E9406
:1069800042B181110EC08091120D882341F061ED5A
:1069900073E181E09DE00E9484E6892B59F30C9419
:1069A000DBA00895CF938091150F882331F080915B
:1069B000130F9091140F009719F4CF910C948DB48C
:1069C0000E9412D4C82F811105C00E94DBA08C2F19
:1069D000CF9108958091130F9091140F0197909388
:1069E000F20E8093F10E0E94A0750E94C96FEFCF46
:1069F0009091150F992339F02091130F3091140FB6
:106A00002115310511F40C94C96F4091F10E50918C
:106A1000F20E452B61F4882341F02230310528F035
:106A20008FEF0E9481758823B9F00C94D2B40E9434
:106A3000C96F81E00E9442B181110EC08091120D98
:106A4000882341F068EC73E181E09DE00E9484E6D8
:106A5000892B59F30C94DBA008950E94562F1092B5
:106A6000FC048FB7F8941092E0041092DF041092A7
:106A7000FF0C1092FE0C98E090932E0291E0909300
:106A800033028FBF1092FD0C1092000D1092E104A2
:106A900008958091E70D8093EC0D882359F1809142
:106AA0004A0290914B028630910599F50E947C4DE7
:106AB0000E94562F8091BA13882321F08AEB93E12C
:106AC0000E94FA3110929B0D10929A0D1092920D25
:106AD0001092930D1092940D1092950D10928F0DAF
:106AE0000E94EC6F10928D0D10928C0D10928B0DF8
:106AF00010928A0D86E090E09093090F8093080F22
:106B00001092E70D0E94FA6F0E94BD2D81E00C9457
:106B100094489C01245031092230310588F40E94A8
:106B2000BCA90E94562F8091BA13882321F08AEBCA
:106B300093E10E94FA311092440F1092430FDACF82
:106B40000197C1F60E94BCA90E94BF280E94562F3F
:106B50008091BA13882321F08AEB93E10E94FA31E5
:106B60001092880D1092870DC5CF009711F00E94EA
:106B7000329C0E94BCA90E94BF280E94562F80917F
:106B8000BA13882321F08AEB93E10E94FA3185E061
:106B900090E09093880D8093870D08950E94F9A549
:106BA0000E94BCA90E94562F8091BA13882321F01D
:106BB0008AEB93E10E94FA3185E090E09093440FD4
:106BC0008093430F08958091080F9091090F8130B1
:106BD000910511F40C9449B50297029708F051C041
:106BE00080914A0290914B0286309105C9F48091C0
:106BF0009A0D90919B0D0197029740F40E947C4D55
:106C000083E090E090939B0D80939A0D84E090E058
:106C10009093090F8093080F0E94FA6F0C94BD2D7A
:106C2000019799F48091870D9091880D01970297B3
:106C300068F70E94BDAC81E08093860D83E090E010
:106C40009093880D8093870DE1CF8091430F9091B1
:106C5000440F01970297D0F60E94BDAC9FB7F894FD
:106C60008091CC049FBF843029F485E093E10E9499
:106C7000CEB5CCCF83E090E09093440F8093430F48
:106C8000C5CF08954F925F926F927F928F929F929D
:106C9000AF92BF92CF92DF92EF92FF920F931F932A
:106CA000CF93DF931091E70D111145C280915002EF
:106CB00090915102019741F480914A0290914B02C8
:106CC000069711F40E94BD2D20914C0230914D0287
:106CD00040914E0250914F0260914A0270914B02D6
:106CE000809152020E943D77C0914A02D0914B029E
:106CF000C630D10509F032C101E080915002909177
:106D00005102019709F000E0C0904C02D0904D0272
:106D1000E0904E02F0904F02C0910A0FD0910B0FFD
:106D20000E94EA7600938E0D8091120D81110FC0A2
:106D300080EC91E10E94329C85E090E090939B0D65
:106D400080939A0D85E49FE00E94D3A4F4C10E9431
:106D50002DB522E2C21626E5D206E104F10469F05F
:106D600084E4C8168CEAD806E104F10431F085E029
:106D70008093CD0483EB91E1DDCF60E074E284EF9A
:106D800090E0A70196010E94C8E929014B01DA01B0
:106D9000C9018097A109B109803E9F4FA105B105A6
:106DA00030F70E94BF508FB7F894D092DA04C092A7
:106DB000D9045092D8044092D7049092D60480927D
:106DC000D5041092D4041092D3041092D2041092DD
:106DD000D1041092D0041092CF041092CE0491E00E
:106DE0009093CD048FBF8FB7F8941092DE04109269
:106DF000DD041092DC041092DB048FBFCE010E94F0
:106E000080A2882309F498CFC092960DD092970D56
:106E1000E092980DF092990D8AEB93E10E948642E0
:106E2000811103C084EA91E185CF60E070E080E2E7
:106E300090E00E948234811105C086E991E10E94B0
:106E4000329C07C060E070E0CB010E94D832811113
:106E500005C00E947C4D0E94562F6ECF60E070E00E
:106E6000CB010E945E9D8823A1F360E072E080E088
:106E700090E00E94D832882361F30E946C3388230B
:106E800041F38091CD04813019F088E891E1D7CFAA
:106E90000E94B34C8823C9F381E090E090939B0D4E
:106EA00080939A0D81E08093E70D82E090E09093CB
:106EB000090F8093080F0E94FA6F0E946AC66093C0
:106EC000DF0D7093E00D8093E10D9093E20D109231
:106ED000E30D1092E40D1092E50D1092E60D109264
:106EE000DB0D1092DC0D1092DD0D1092DE0D809105
:106EF000500290915102019761F580914A02909160
:106F00004B02069709F029C120914C0230914D02A5
:106F100040914E0250914F02A5E0B0E00E9401EA7C
:106F2000DC01CB010796A11DB11D23E0B695A79505
:106F3000979587952A95D1F7009721E0A207B1058B
:106F400020F08FEF9FEFA0E0B0E090937F0D809353
:106F50007E0D80E00E94944811E0EDC0CE010497C0
:106F6000029708F07AC0E0900A0FF0900B0F0E9491
:106F7000F5A98091120D811105C08AE791E10E9467
:106F8000F9A51BC0D093030FC093020F2597E1F022
:106F90000E94CAA98CE991E390932A028093290266
:106FA00082E0809328021092580D81E08093CC04F7
:106FB000C7010E9462A8811116C085E090E09093FD
:106FC000440F8093430FBECE0E94CAA98CEF91E07C
:106FD00090932A028093290283E08093280281E023
:106FE0008093580DE2CF8AEB93E10E948642811193
:106FF00003C08EE691E1C3CF60E070E080E290E0F4
:107000000E9482348823B1F060E070E0CB010E94DE
:10701000D832882379F00E946C33882359F080910C
:10702000CC04813021F40E94477E811108C085E59F
:1070300091E102C080E691E10E94CEB583CE9FB778
:10704000F8948091590D9FBF80935A0D81E090E094
:107050009093440F8093430F25CF219709F067C089
:10706000C0910A0FD0910B0F0E9497708091120D62
:10707000811105C087E491E10E94329C15C00E94F5
:10708000CAA98CEF91E090932A028093290283E0B1
:107090008093280281E08093580D8093CC04CE0128
:1070A0000E94B1A5811107C085E090E09093880D02
:1070B0008093870D47CE8AEB93E10E94864281112F
:1070C00003C08CE391E1D8CF6FE770E081E090E0FE
:1070D0000E9482348823C1F060E070E0CB010E94FE
:1070E000D832882389F00E946C33882369F00E948B
:1070F000402C8091CC04813021F40E94477E811184
:1071000008C084E291E102C08EE291E10E94B5B52F
:1071100019CE9FB7F8948091590D9FBF80936B0D46
:1071200081E090E09093880D8093870DBBCE8EEC2C
:1071300091E10E94BDA4812FDF91CF911F910F910A
:10714000FF90EF90DF90CF90BF90AF909F908F9087
:107150007F906F905F904F9008952FB7F894809133
:10716000050F9091060F2FBF9093850D8093840D8E
:107170008091DF0D9091E00DA091E10DB091E20DB5
:107180008093800D9093810DA093820DB093830D19
:10719000E0CECF92DF92EF92FF920F931F93CF93A7
:1071A000DF931F921F92CDB7DEB78091080F9091A9
:1071B000090F20915002309151028130910519F54B
:1071C000232B81F08091500290915102019781F41C
:1071D0009FB7F8948091070F1092070F9FBF8111FE
:1071E00005C006C00E948F48882361F30E9442B602
:1071F0000F900F90DF91CF911F910F91FF90EF9023
:10720000DF90CF900895AC014250510942305105B2
:10721000E0F4232BD1F4029791F08091080F909124
:10722000090F039791F48091A60E81110EC00E9460
:107230008F48811157C081E08093A50E06C00E943F
:107240008F488111EACF0E946EA9809150029091DF
:107250005102019741F58091080F9091090F029713
:1072600011F580914A0290914B02069721F18FB758
:10727000F8940091050F1091060F8FBF0E946AC607
:107280002091840D3091850D20173107A9F11093BD
:10729000850D0093840D6093800D7093810D809314
:1072A000820D9093830D80914A0290914B0286301B
:1072B000910509F055C180919A0D90919B0D9C010B
:1072C000215031092230310508F06BC09FB7F89486
:1072D0008091CD049FBF843019F58BE792E10E9425
:1072E000329C23C08091A50E882309F4AECF109262
:1072F000A50E0E94EFABA9CF0091800D1091810DDA
:107300002091820D3091830D601B710B820B930BCA
:10731000683873418105910530F20E94E3B5C3CF0F
:1073200080E00E94399C81110BC00E947C4D0E941C
:10733000562F85E090E090939B0D80939A0D02C0AC
:107340000E9435C380915002909151020197A9F497
:107350008091080F9091090F029779F480917E0D2A
:1073600090917F0D009749F020918C0D30918D0DFB
:107370002817390710F00E94E3B580919A0D90917B
:107380009B0D8330910509F4D1C008F089C3813089
:10739000910509F4D5C0029709F02ACF83E090E067
:1073A000C7C0039779F60E94DE6F892B11F081E048
:1073B000B8CF8091400F8111C3CF80918F0D811183
:1073C0006DC00E948D338111BDCF80918F0D8111D1
:1073D000B9CF81E080938F0D1092910D1092900D96
:1073E0008FB7F8949091CE04992371F09091D004C6
:1073F0009093910D9091CF049093900D1092D004A2
:107400001092CF041092CE048FBF6091900D66232E
:1074100009F498CF80913C0F882321F08091910D41
:107420000E94F6A46091900D4091910DEAEBF1E17C
:1074300090E080E0A1E0B0E0861770F49D01082E96
:1074400001C0220F0A94EAF7242321F02BEE2193A6
:107450000196F2CF24E1FBCF70E08AEB91E10E942C
:1074600022362091900D2817190619F08CE692E12A
:1074700036CF8091920D9091930DA091940DB09183
:10748000950D820F911DA11DB11D8093920D9093BA
:10749000930DA093940DB093950D54CF0E948D330E
:1074A000811150CFC090920DD090930DE090940D2B
:1074B000F090950DC0FC17C082E0D80EE11CF11CC5
:1074C0006091920D7091930D8091940D9091950D16
:1074D0000E945E9D81111BC08091450F811125CFB7
:1074E00082E592E1FCCE1092BA1161E070E08AEB85
:1074F00091E10E942236019719F080E692E1EFCEE9
:1075000091E0C90E92E0D91EE11CF11CD9CFC70150
:10751000B6010E94BE338823F9F20E946C3388239F
:10752000D9F20E94562F84E090E005CF84E090E0ED
:107530009093090F8093080F5BCE0E94429458CE1F
:107540008091080F9091090F049709F451CE82E0C1
:1075500090E09093090F8093080F0E94FA6F48CE35
:107560009C01245031092230310508F0A8C08FB7A2
:10757000F8942091CC048FBF8091430F9091440FD9
:10758000AC014150510942305105A0F483E992E128
:10759000243009F491C00E94FAA7882321F00E94A8
:1075A0001BA6811102C00E94E7D68091430F9091E3
:1075B000440FE7CE0397C9F70E94FAA7882399F3EF
:1075C0000E941BA6882379F30E941E72892B69F7FB
:1075D00080915E0D90915F0D892B39F780915D0D43
:1075E0008111E3CF80915C0D8111DFCF80915B0D24
:1075F0008111DBCF0E9473718111D7CF8091600D13
:10760000E82FF0E0DF01AA0FBB1FAD53B24F2D9161
:107610003C91232B51F0E759F24F9081911105C015
:1076200091E0908389278093600D0E94FAA78823B8
:1076300009F4B9CF8091690D8111B7CF80916A0D9E
:107640008111B3CF8091C30D9091C40D892B09F0A6
:10765000ACCF8091C50D9091C60D892B09F0A5CFB7
:107660000E948D338111A1CF6091650D7091660DDF
:107670008091670D9091680D0091610D1091620DE0
:107680002091630D3091640D601771078207930795
:1076900089F40E94BE33882369F00E946C338823EA
:1076A00049F00E94562F84E090E09093440F80931D
:1076B000430F7BCF88E892E10E94CEB576CF019749
:1076C00009F096CD8FB7F8942091CC048FBF8091AC
:1076D000870D9091880D0197039708F015C188EFE9
:1076E00092E1243091F180917D0D882309F455C0F9
:1076F0000E948D338111CCC11092C20D1092C10D28
:107700001092C00D1092BF0D10927C0D10927B0D47
:1077100010927A0D1092790D1092750D1092760DCF
:107720001092770D1092780D1092B60D1092B70D41
:107730001092B80D1092B90D60E070E0CB010E947C
:10774000D832811105C08FEE92E10E94B5B5A0C17B
:107750008091CA049091CB040097A9F30E944171D3
:10776000882389F310927D0D81E08093740D9091B0
:107770009D14992371F04091BA0D5091BB0D609109
:10778000BC0D7091BD0D41155105E1E06E0771050D
:10779000B0F110929C1410929B140E94359E882385
:1077A00009F473C08091730D8111AEC022E0E22E06
:1077B000F12CCC24C394D12C01E08091870D9091C1
:1077C000880DE091790DF0E0E558F24F208121110C
:1077D0009BC020917D0D211197C0039721F48091CA
:1077E000730D811198C08091700D8823C1F11092A2
:1077F000700D0E9407AD882309F447C0DECFE091E9
:10780000991422E030E030939C1420939B14109242
:107810009814109297141092961410928914109242
:10782000881427E1E29FF0011124E65AFB4E25E07F
:1078300030E03183208315821482168217821086ED
:107840001186128613861486158646875787608BA5
:10785000718B138A128A158A148A868B9ECFCE0169
:1078600001960E940072882309F44EC08091710D28
:107870009091720D8130910579F41092720D1092F1
:10788000710D8981803108F0B4CF8091450F81114D
:1078900038C084EE92E159CF029761F41092720DD4
:1078A0001092710D0E94F42880916B0D80278093B7
:1078B0006B0D83CF1981113029F4D092720DC092D3
:1078C000710D7BCF123019F40E94F42876CF13305B
:1078D00029F4F092720DE092710D6FCF212F30E0FC
:1078E00094E0359527959A95E1F71F70211531059C
:1078F00061F2822F0E9407AD882339F21093700D38
:107900005CCF90E080E021CF8091870D9091880D31
:10791000039709F0BDC08091730D811118C080914B
:10792000860D882309F402CE0E941E72892B09F06D
:10793000FDCD8091710D9091720D892B09F0F6CDDE
:107940008091700D8111F2CD85ED92E1FECE0E9405
:10795000E8700E94359E811103C08BEC92E1F5CE58
:1079600080917B0D811194C080917C0D811190C01C
:107970008091BF0D9091C00D892B09F089C0809135
:10798000C10D9091C20D892B09F082C00E948D33E8
:1079900081117EC06091B60D7091B70D8091B80DC8
:1079A0009091B90D00916C0D10916D0D20916E0D9F
:1079B00030916F0D601771078207930709F06DC052
:1079C0000091750D1091760D2091770D3091780D05
:1079D000601771078207930709F05FC00E94BE33EA
:1079E000882309F45AC00E946C33882309F455C0D7
:1079F0000E94562F0E94BF288091AA0D9091AB0D36
:107A00008A3008F03FC0BE016F5F7F4F0E940B2895
:107A10008823C1F1E981FA81E031A0F5FF27EE0F5B
:107A2000FF1FEF55FD4E059114910115110551F100
:107A30006AEB73E18AEB91E10E944DD5882311F145
:107A4000A80160E870E08AE592E10E94FAD60AE5B2
:107A500012E1F80101900020E9F78F010B55124166
:107A60008AEB91E10E948642882361F0B8018AE5A1
:107A700092E10E9422368017910711F40E946C3324
:107A80000E94562F84E090E09093880D8093870D9C
:107A90008091870D9091880D74CC81EC92E155CE48
:107AA0008430910509F449CD059709F0A1CB85E40F
:107AB0009FE00E94D3A49CCBCF93CFB7F8940E94B1
:107AC000D348CFBF0E9403C40E94864E0E94562F07
:107AD0008FB7F8941092C5031092C4031092C30399
:107AE0001092C20391E0909327021092C603109265
:107AF000C1031092C0031092BF031092BB031092F7
:107B0000BC031092BD031092BE031092BA031092F0
:107B1000B9031092B8031092B7031092B6031092F3
:107B2000B5038FBF1092B4031092B3031092AF034A
:107B30001092B0031092B1031092B2031092AB03F3
:107B40001092AC031092AD031092AE031092AA03F0
:107B50001092A9031092A8031092A7031092A603F3
:107B600080E8809326021092A5031092A40310923D
:107B7000580F81E0CF910C9494488091B903909173
:107B8000BA03892BB9F08091B9039091BA03019798
:107B90009093BA038093B9038091200290912102BF
:107BA0009093B6038093B50380E69AEE0E94A21FDD
:107BB00081E008958091B7039091B803892BD1F0AB
:107BC0008091B7039091B8031092B8031092B70355
:107BD00080322EE4920749F420912402309125024C
:107BE0003093B6032093B503E1CF20912202309168
:107BF0002302F6CF1092B6031092B50380E00895E9
:107C0000653048F470E0660F771F680F791FFB013D
:107C10008181928108956B3050F46550770B660F27
:107C2000771F680F791FFB018685978508956D3052
:107C300051F06B50770B660F771F680F791FFB01B0
:107C4000848D958D089590E080E008958150823173
:107C500008F05AC0E82FF0E08827EE5CF1448F4F1F
:107C60000C94EAE952BE56BE44BE4ABE4EBE84BE25
:107C700059BE5FBE63BE69BE6DBE71BE77BE7BBEC0
:107C800084BE7FBE85BE89BE809180008F77809341
:107C900080000895809180008F7DF9CF80918000D1
:107CA000877FF5CF84B58F7784BD089584B58F7DA8
:107CB000FBCF8091B0008F778093B00008958091C2
:107CC000B0008F7DF9CF809190008F7780939000E6
:107CD0000895809190008F7DF9CF80919000877FEB
:107CE000F5CF8091A0008F778093A00008958091B8
:107CF000A0008F7DF9CF8091A000877FF5CF809184
:107D000020018F77809320010895809120018F7D3D
:107D1000F9CF80912001877FF5CFAF92BF92CF92AC
:107D2000DF92EF92FF920F931F93CF93DF936C013B
:107D30007B018B01040F151FEB015E01AE18BF081C
:107D4000C017D10759F06991D601ED91FC910190CE
:107D5000F081E02DC6011995892B79F7C501DF91D6
:107D6000CF911F910F91FF90EF90DF90CF90BF9038
:107D7000AF9008950895FC019C01255F3F4F80E07E
:107D800080FB879587F99191890FE217F307C1F777
:107D9000089580917B00877F80937B0080E48093AF
:107DA0007C0080917A00806480937A0080917A00D0
:107DB00086FDFCCF80917800909179000895FC01B8
:107DC00001900020E9F73197AF01481B590BBC0126
:107DD0008FE997E10C948DBECF93DF93EDE9FAE143
:107DE0008491E7E5FAE1D491E1E1FAE1C491CC2391
:107DF000A1F081110E9426BEEC2FF0E0EE0FFF1FD4
:107E0000EC50F64EA591B491EC91ED2381E090E019
:107E100009F480E0DF91CF91089580E090E0FACFFF
:107E2000AF92BF92CF92DF92FF920F931F93CF93A7
:107E3000DF93EB015A018C0198012F5F3F4FD8016E
:107E40008C918032D1F0198308831F821E82F80141
:107E5000DF01FD906D01FF2031F1BFE2FB1619F14A
:107E6000F7FE0DC080E0DF91CF911F910F91FF9041
:107E7000DF90CF90BF90AF9008958901DDCF8F2D17
:107E80000E948A928111EECFC601801B910BEEE217
:107E9000FE1639F0F0E2FF1621F09F838E83DD821B
:107EA000CC82F601D5CF8E819F8101978F3F9105BE
:107EB000C8F62E2F9F2F81918032D9F38F32C9F3CC
:107EC000D5012C9311969C930C811D8128813981B9
:107ED000FE013A96CE01459640E241938E179F07E8
:107EE000E1F781E0F90190819E3209F480E0F90127
:107EF0002F5F3F4F90819E32D1F39801215031097D
:107F0000E217F30720F4D9019C919E32B9F740E0C3
:107F100067E0A0E050E078E0E017F10708F045C026
:107F200090819E3241F42E173F0769F46AE0A8E081
:107F300070E13196F1CF9232A1F09C3791F0B5EA21
:107F4000B90FB33070F0B6EDB90FB63010F49D3202
:107F500041F4B6ECB90FB63020F0BFEDB90FBE3525
:107F600028F0907C9038B9F580E0E3CF6A1740F4B0
:107F70006A30D1F02E173F07B8F0F9013197F4CFEE
:107F8000BFE9B90FBA3158F59052472BFF24F3944B
:107F9000FA0EAC0FBD2FB11D1A969C93B6E0BF151B
:107FA00008F0F886AF2DC5CF80E09A85903209F4AD
:107FB00059CF882329F0542309F042E0498753CF51
:107FC00081E089878885C80FD11D8EE78A8781E384
:107FD0008B8781E048CF80E09FE56A1748F2BFEBCE
:107FE000B90FBA3198F6572BD1CFCF93DF93CDB7D6
:107FF000DEB7AF970FB6F894DEBF0FBECDBFAC01B2
:108000006091891770918A176115710599F019822D
:108010001A821B82605D7D4F20E0CE0101960E9496
:108020006F80AF960FB6F894DEBF0FBECDBFDF9165
:10803000CF91089560918B1770918C1780E0611536
:10804000710579F31DA61EA61FA6605D7D4F20E079
:10805000CE0101960E941093E4CF3F924F925F921F
:108060006F927F928F929F92AF92BF92CF92DF9248
:10807000EF92FF920F931F93CF93DF93CDB7DEB7AD
:10808000A0970FB6F894DEBF0FBECDBF7B01DB011A
:108090001C92FC01C0A8D1A8C114D10409F4D9C014
:1080A00019821A821B82D6018C91882309F4CCC0D4
:1080B00013969C9191115EC0807CF9F08FE2FB01D8
:1080C0008083118201E010E0C801A0960FB6F894F9
:1080D000DEBF0FBECDBFDF91CF911F910F91FF90FB
:1080E000EF90DF90CF90BF90AF909F908F907F9058
:1080F0006F905F904F903F90089560E0C6010E949E
:10810000F280FC01009709F49FC05C0100E068E088
:1081100020E0D5018C912830A9F4803229F160E16A
:108120009EE2402F50E06A013FEFC31AD30A80E479
:10813000C816D10408F088C00F5F4E0D5F1DDA012C
:108140009C930FC0BFEFAB1ABB0A982F3FEB380FC1
:108150003A3128F43485362311F0905EE2CF803234
:1081600001F72F5F2C30A9F610E0F701E00FF11FA7
:108170001082AACFF60180859185A285B3859E01E4
:108180002F5F3F4F2901892B8A2B8B2B09F046C08B
:1081900066817781C9010E94C57F882309F454C094
:1081A00066246394712C10E000E0D60113968C9144
:1081B00013978615D0F214966D917C916619770904
:1081C000C2010E943B825C010097F1F1FC018385B2
:1081D0008F30D1F580818F71681236C04701800ED3
:1081E000911E312C632DC5010E9400BE009709F439
:1081F000BCCF0F5F1F4F0034110530F58F3791054D
:1082000010F08FE390E0D4018D934D013394BDE0E5
:108210003B12E8CFEFEF6E1A7E0AC7CF80E2D9019A
:108220001D928A95E9F780E1898381E08B838681BD
:10823000978198878F8380859185A285B3858D8F5F
:108240009E8FAF8FB8A3ACCFD7011C9210E000E097
:108250003BCFA2A8B3A8A114B104C1F3D5019C9649
:108260008C91882381F182E0D82E10E000E0F501A6
:1082700083A58D1508F479CF40E06D2DC5010E94CE
:10828000078B009701F1DC012C91213CE1F4FC010A
:108290003296D701A00FB11F8096219131912115FF
:1082A000310509F462CF0F5F1F4F0034110558F4F8
:1082B0002F37310510F02FE330E02D938E179F07F5
:1082C00061F7D394D4CFF7011082C0CF20919D14D1
:1082D000222331F06115710521E08207910528F014
:1082E00010929C1410929B14089540919A144093FC
:1082F000991422E030E030939C1420939B14109248
:108300009814109297141092961410928914109247
:10831000881457E1459F90011124F901E65AFB4E5C
:1083200066877787808B918B70E060E0CF010C943B
:10833000CA285F926F927F928F929F92AF92BF9264
:10834000CF92DF92EF92FF920F931F93CF93DF9321
:10835000EC014B013A01590147E050E06FEC79E143
:108360000E9496E6F3015080892B09F05FC05520EA
:10837000B9F081E0F6018083A701B801C501DF9162
:10838000CF911F910F91FF90EF90DF90CF90BF9012
:10839000AF909F908F907F906F905F900C943D5620
:1083A000FE01379699F455245394852DDF91CF9192
:1083B0001F910F91FF90EF90DF90CF90BF90AF9003
:1083C0009F908F907F906F905F9008958F8188230A
:1083D00051F390E080E03AE021912223B1F0205364
:1083E0002A3008F78A3949E19407E8F6893949E1E2
:1083F000940711F42630B8F6389FA001399F500D2C
:108400001124CA01820F911DE7CF009761F221E08C
:108410008816990609F020E0F30120838816990652
:1084200011F6F5011082F8011082BDCF552009F434
:10843000BACF45E050E069EC79E1CE010E9496E6C2
:10844000892B91F4BE016B5F7F4FFB0101900020EF
:10845000E9F73197E61BF70BAF014F5F5F4FC5019F
:108460003C97E8F0512CA1CF46E050E062EC79E176
:10847000CE010E9496E6892B09F095CFBE016A5F76
:108480007F4FFB0101900020E9F73197E61BF70BC6
:10849000E530F10538F7AF014F5F5F4FC8010E942B
:1084A00049EB83CF0F931F93CF93DF93CDB7DEB705
:1084B0006C970FB6F894DEBF0FBECDBF2FEF260F1F
:1084C000283660F080E06C960FB6F894DEBF0FBEE1
:1084D000CDBFDF91CF911F910F910895883021E199
:1084E000920709F048C0FE0171968CE0DF011D92F1
:1084F0008A95E9F783EC8F8788E0888B81E1898B07
:10850000DE0111969E01215F3F4F89015A2F4B2FAB
:108510001097C1F2F90161919F0190E080E08D30E8
:10852000910509F443C0FC01EE53F74EE4916E133C
:108530003DC08D93A017B10759F7EAECFFE080E743
:10854000DF011D928A95E9F781E08093BA0F8EE0F2
:10855000E52FF42FABEBBFE001900D928A95E1F788
:108560008DE08093C90F80E88093D00F80ED8093D9
:10857000D10F81E0A8CF8115904C09F0A3CF81E203
:108580008F8788E0888B81E1898B8A8B1B8A80ECBE
:108590008C8B91E09D8B6E8B1F8A9DEE988F90EB5C
:1085A000998F93EC9A8F1B8E8C8FAACF0196811591
:1085B000F1E09F0709F0B3CF85CFEEE7FFE080E061
:1085C0009191992311F09D3059F4E82FF0E0E25891
:1085D000F04F882349F09291903231F48150F9CFD5
:1085E0008F5F813169F7F1CF0895009761F448EB0F
:1085F00058E161E170E088E59FE00E94079686E01F
:108600008093570F089540E150E0BC0188E59FE05A
:108610000E9470EB1092680FF2CF83309105E1F069
:1086200038F48130910569F0029799F080E008955F
:1086300085309105B9F098F00697C1F78FE090E08A
:1086400002C086E090E09093420F8093410F81E05A
:10865000089587E090E0F7CF88E090E0F4CF89E0DC
:1086600090E0F1CF8AE090E0EECF1F93CF93DF93BD
:10867000D4E01FEF4091400F442329F180913F0F38
:1086800050915402851719F190E4899F90011124AB
:108690002654304FC0E490913E0F9C1718F1109271
:1086A0003E0F851304C01093540210923D0F8F5F4C
:1086B000877080933F0F41504093400FDBCF8093F2
:1086C0003E0FD111D7CFDF91CF911F910895C09167
:1086D0003D0FCC2321F3E0E48E9F9001112426541A
:1086E000304FD9CF80913C0F882339F0290F311DAD
:1086F00068E0F90180810E94F6A480913E0F8F5FAF
:10870000D1508C17E0F210923E0F80913F0F909164
:108710005402891304C01093540210923D0F8F5FCE
:10872000877080933F0F8091400F81508093400F5E
:10873000C8CF4091A00F242F3091A10F532F5295F5
:108740005F7090E0FC01E755F04F5A3030F5505D16
:108750005083FC01E655F04F532F5F705A30F8F408
:10876000505D5083FC01E555F04F54E03695279558
:108770005A95E1F72F702A30A0F4205D2083FC0188
:10878000E455F04F242F2F702A3068F4205D2083A9
:108790008355904FFC0110820895595CD9CF595CE4
:1087A000E0CF295CEBCF295CF2CF1F93CF93DF930F
:1087B000282F30E0F901E656F54E8491F901EC5A84
:1087C000F54ED491F901E25FF54EC491CC23A9F0A6
:1087D000162F81110E9426BEEC2FF0E0EE0FFF1F36
:1087E000E256F74EA591B4918FB7F894EC91111120
:1087F00008C0D095DE23DC938FBFDF91CF911F910E
:108800000895DE2BF8CF1092E81460E082E00C941B
:10881000D5C39FB7F894809171008B7F80937100CE
:10882000109290001092910084E088BB8091690FB3
:10883000813011F41092690F9FBF0E9403C40C9401
:10884000864ECF93DF93EC0160E08E810E94D5C30A
:1088500061E08E810E94D5C360E08E810E94D5C305
:108860008BE891E00197F1F7DF91CF910895CF92D6
:10887000DF92EF92FF920F931F93CF93DF936C01E0
:108880007C0187E0E80EF11CD0E0C0E0062F10E08C
:10889000B8010C2E02C0759567950A94E2F76170D5
:1088A000F70181917F010E94D5C32196C430D10583
:1088B00079F7C601DF91CF911F910F91FF90EF9053
:1088C000DF90CF900C9421C4CF92DF92EF92FF9271
:1088D0000F931F93CF93DF93EC01F62E642F8C81BF
:1088E0000E94D5C38D818F3F19F060E00E94D5C3EF
:1088F0000F2D10E08F8584FF25C06E0187E0C80E24
:10890000D11CF12CE12CB8010E2C02C07595679595
:108910000A94E2F76170F60181916F010E94D5C35C
:10892000FFEFEF1AFF0A88E0E816F10461F7CE01C5
:10893000DF91CF911F910F91FF90EF90DF90CF903B
:108940000C9421C4B80184E0759567958A95E1F788
:10895000CE010E9437C46F2DCE01DF91CF911F91C0
:108960000F91FF90EF90DF90CF900C9437C440E0D0
:10897000682F8FE997E10C9464C481E00E94B7C42A
:108980008BE39FE10197F1F708959091B217891752
:1089900010F08FEF890FE82FF0E0E156F84E848950
:1089A00080680C94B7C4CF93DF93CDB7DEB76197DF
:1089B0000FB6F894DEBF0FBECDBFAC0161E170E031
:1089C000CE0101960E941B96FE01319680E09191A6
:1089D00091110CC0E1E0F0E0EC0FFD1FE80FF11D7C
:1089E00090E28F5F91938031E1F703C08F5F803118
:1089F00071F7198A80E00E94C5C4CE0101960E94D9
:108A0000DFBE61960FB6F894DEBF0FBECDBFDF911B
:108A1000CF91089541E00E9464C481E090E0089500
:108A2000CF93DF9390E0FC01EC5AF54E2491825FE6
:108A3000954EFC0184918823C9F090E0880F991F1E
:108A4000FC01EC57F74EA591B491FC01E256F74EAC
:108A5000C591D49161110DC09FB7F8948C91209568
:108A600082238C938881282328839FBFDF91CF9115
:108A70000895623051F49FB7F8943C91822F80950D
:108A800083238C93E8812E2BEFCF8FB7F894EC9152
:108A90002E2B2C938FBFEACFCF93DF93823029F414
:108AA0009091AE1798609093AE178093B217109282
:108AB000B31780E48093B41780E18093B51780E505
:108AC0008093B61761E08091A3170E9410C5809132
:108AD000A4178F3F19F061E00E9410C561E08091FA
:108AE000A5170E9410C5CFE9D7E19E012F59374144
:108AF0008091AE1784FD0BC084E090E0219628178A
:108B0000390744F461E08E810E9410C5EECF88E001
:108B100090E0F4CF8BE39DE00197F1F760E0809166
:108B2000A3170E94D5C360E08091A5170E94D5C30A
:108B30008091A4178F3F19F060E00E94D5C3809107
:108B4000AE1784FD34C063E08FE997E10E9437C41B
:108B5000CBE4D6E4CE010197F1F763E08FE997E12A
:108B60000E9437C42197F1F763E08FE997E10E94F3
:108B700037C483E592E00197F1F762E08FE997E16E
:108B80000E9437C48091AE1780620E94B7C484E00F
:108B90008093AF178CE00E94B7C40E94BDC482E0EE
:108BA0008093B01786E0DF91CF910C94B7C48062B8
:108BB0000E94B7C48BE496E40197F1F78091AE1759
:108BC00080620E94B7C483E592E00197F1F780913B
:108BD000AE1780620E94B7C4D5CF3FB7F89480919A
:108BE000E4179091E517A091E617B091E71726B525
:108BF000A89B05C02F3F19F00196A11DB11D3FBFD5
:108C0000BA2FA92F982F8827BC01CD01620F711DA3
:108C1000811D911D42E0660F771F881F991F4A959D
:108C2000D1F708958F929F92AF92BF92CF92DF9229
:108C3000EF92FF924B015C010E94EDC56B017C013C
:108C40000E94EDC56C197D098E099F09683E73402D
:108C500081059105A8F321E0821A9108A108B108C5
:108C600088EEC80E83E0D81EE11CF11C811491042B
:108C7000A104B10429F7FF90EF90DF90CF90BF904F
:108C8000AF909F908F900895CF92DF92EF92FF92D6
:108C9000CF93C0E2C12CD12C76010E94C9BEC80E70
:108CA000D91EE11CF11C65E070E080E090E00E94BC
:108CB00012C6C15091F7D701C60125E0B695A79518
:108CC000979587952A95D1F7CF91FF90EF90DF90F8
:108CD000CF9008952FB7F8946091E0177091E11745
:108CE0008091E2179091E3172FBF08954F925F9202
:108CF0006F927F928F929F92AF92BF92EF92FF926C
:108D00000F931F93CF93DF93FB01C0E021912223A8
:108D100009F475C0CF5FCF33C9F77B018C01809117
:108D2000560F81110DC081E08093560F0E946AC6D4
:108D30006093E8177093E9178093EA179093EB1705
:108D4000D1EFDC0F2D2F30E0ACE2B1E00E94F2E970
:108D50004B015C010E946AC64090E8175090E917E9
:108D60006090EA177090EB176419750986099709E6
:108D7000A50194012053384F4F4F5F4F0E94C8E91F
:108D8000603B24E072078105910508F44BC0605BED
:108D9000744081099109681579058A059B0550F48D
:108DA0002CE231E040E050E00E94C8E92F5F2D172F
:108DB00008F4D22FD80190E080E04D2F50E02D2F05
:108DC000280F2C1788F5FA01E80FF91FEE0DFF1D8B
:108DD00020812D9301968F30910589F7F801178630
:108DE000DF91CF911F910F91FF90EF90BF90AF90C7
:108DF0009F908F907F906F905F904F900895C031BB
:108E000008F08BCFDF91CF911F910F91FF90EF90E2
:108E1000BF90AF909F908F907F906F905F904F909A
:108E20000C945897D0E0C6CF20E2D3CF1F920F9278
:108E30000FB60F9211242F933F938F939F93AF936D
:108E4000BF938091E0179091E117A091E217B09144
:108E5000E3173091DF1723E0230F2D3758F50196E4
:108E6000A11DB11D2093DF178093E0179093E117A8
:108E7000A093E217B093E3178091E4179091E51760
:108E8000A091E617B091E7170196A11DB11D80933F
:108E9000E4179093E517A093E617B093E717BF91F7
:108EA000AF919F918F913F912F910F900FBE0F9097
:108EB0001F90189526E8230F0296A11DB11DD2CF51
:108EC0008FEF0C947543CF93DF93FC01248522230D
:108ED00049F0EC0161E082850E94D5C38FEF0E94CA
:108EE00075431C86DF91CF9108950F931F93CF9305
:108EF000DF938C01862FEA010E947543FE01819168
:108F00008EBDDE5FEC17FD0741F08191000000008F
:108F10000DB407FEFDCF8EBDF5CF0DB407FEFDCF1E
:108F20008FEF0E9475438FEF0E9475430E9460C7C8
:108F3000F80186878F71853059F081E28387C801F7
:108F40000E9463C780E0DF91CF911F910F91089538
:108F500081E0F9CFCF93DF93FC012485211110C06C
:108F6000EC01828193810E947C4381E08C8760E0E8
:108F70008A850E94D5C38FEFDF91CF910C94754302
:108F8000DF91CF9108950F931F93CF93DF93EC015F
:108F90000C85011102C00E94AAC70E9460C711E09F
:108FA0008F3F09F410E0011103C0CE010E9463C796
:108FB000812FDF91CF911F910F910895CF93DF9370
:108FC000FC01C081D1810E946AC6C61BD70B8D2FC0
:108FD000881F8827881FDF91CF9108950F931F93D3
:108FE000CF93DF931F921F92CDB7DEB78C010E9403
:108FF0006AC6600F711F7A8369830E9460C78F3FC2
:1090000071F0CE0101960E94DEC78823B1F380E0A3
:109010000F900F90DF91CF911F910F91089581E0F4
:10902000F7CF1F93CF93DF93EC0188E592E00E9486
:10903000EEC7182F882361F08DEF0E947543CE0193
:109040000E9463C71D86812FDF91CF911F910895E4
:109050008FE18B87CE010E9463C7F5CFDF92EF923D
:10906000FF920F931F93CF93DF93EC01162F022FE4
:10907000F32EE42ED52E0E94A7C98823C1F18C853A
:10908000811103C0CE010E94AAC7111128C0812FEF
:1090900080640E9475438D2D0E9475438E2D0E9421
:1090A00075438F2D0E947543802F0E94754387E87A
:1090B000111101C085E90E9475430E9460C71AE042
:1090C0000E9460C78E8787FF02C01150C9F7DF91E9
:1090D000CF911F910F91FF90EF90DF9008951C307A
:1090E000B1F28CE291E00E94EEC78111D0CF8FEFF8
:1090F000EECF8F929F92AF92BF92CF92DF92EF927C
:10910000FF920F931F93CF93DF93EC014A015B0112
:1091100069018D85823049F48C819D81AE81BF814A
:1091200088159905AA05BB0571F18F85A5019401E4
:10913000833039F089E0220F331F441F551F8A9571
:10914000D1F769E1CE010E942EC88823B1F08EE0EC
:109150008B87CE010E9463C7CE010E9463C780E067
:10916000DF91CF911F910F91FF90EF90DF90CF9003
:10917000BF90AF909F908F90089582E08D878C82F2
:109180009D82AE82BF82F12CE12CE016F106A9F09F
:1091900088E592E00E94EEC7811102C085E2D8CF37
:1091A000A6016CEFCE010E9475C7882391F28FEF64
:1091B000E81AF80A8EEFD81AE8CF8C819D81AE812B
:1091C000BF818E0D9F1DA11DB11D8C839D83AE831C
:1091D000BF8388858111C4CFCE01DF91CF911F91CC
:1091E0000F91FF90EF90DF90CF90BF90AF909F9046
:1091F0008F900C9411C8EF92FF920F931F93CF930F
:10920000DF93EC0179018885882371F001E010E09B
:10921000CE010E9479C8182F812FDF91CF911F9125
:109220000F91FF90EF9008958F85833039F089E09A
:10923000440F551F661F771F8A95D1F79A01AB011E
:1092400068E1CE010E942EC8882339F08DE08B871B
:10925000CE010E9463C710E0DFCFA7016EEFCE0101
:109260000E9475C78823A1F388E592E00E94EEC7AB
:10927000182F84E2112359F320E030E0A9016DE0BA
:10928000CE010E942EC8882311F08AE0E0CF0E9410
:1092900060C78111FACFCE010E9463C7BDCFEF92A4
:1092A000FF921F93CF93DF93FC01208111E020FFF9
:1092B00012C0EC017C01FCE0EF0EF11C4B815C81E3
:1092C0006D817E81970189819A810E94FBC8182F48
:1092D000811108C010E0812FDF91CF911F91FF9085
:1092E000EF900895888181FD04C088818E7F8883F6
:1092F000F2CF4B815C816D817E818F819885A985BC
:10930000BA85480F591F6A1F7B1F970189819A816F
:109310000E94FBC88111E9CFDDCFCF93DF93EC0131
:109320001D8620E030E0A9016CE00E942EC8882351
:1093300049F089E08B87CE010E9463C780E0DF910E
:10934000CF910895CE010E9463C781E0F8CFFC0160
:109350002585223011F40C9411C8213011F40C949D
:109360008DC981E00895CF92DF92EF92FF920F9323
:109370001F93CF93DF931F921F92CDB7DEB78C015F
:109380007B016A010E946AC6645D7E4F7A836983AD
:109390000E9460C7F80186878F3FC1F4CE01019615
:1093A0000E94DEC78823A1F38EE1F8018387C801FC
:1093B0000E9463C780E00F900F90DF91CF911F91C3
:1093C0000F91FF90EF90DF90CF9008958E3F11F0B6
:1093D00089E1EBCF8FEF8EBDF701C6013FEF01971B
:1093E00049F0000000000DB407FEFDCF2EB53EBDD4
:1093F0002193F5CFF1E0CF1AD108EC0CFD1C0DB490
:1094000007FEFDCF8EB5F7018083F80116860E9416
:1094100060C70E9460C781E0CECF8F929F92AF92CB
:10942000BF92CF92DF92EF92FF920F931F93CF9351
:10943000DF93EC014A015B0169018D85813049F4BC
:109440008C819D81AE81BF8188159905AA05BB05D8
:1094500059F18F85A5019401833039F089E0220FFD
:10946000331F441F551F8A95D1F762E1CE010E9438
:109470002EC8882399F08CE08B87CE010E9463C7A9
:1094800080E0DF91CF911F910F91FF90EF90DF90DF
:10949000CF90BF90AF909F908F90089581E08D877F
:1094A0008C829D82AE82BF82F12CE12CE016F10607
:1094B00071F040E052E0B601CE010E94B3C98823AA
:1094C00001F38FEFE81AF80A8EEFD81AEFCF8C81EC
:1094D0009D81AE81BF818E0D9F1DA11DB11D8C830D
:1094E0009D83AE83BF8388858111CBCFCE01DF9171
:1094F000CF911F910F91FF90EF90DF90CF90BF9091
:10950000AF909F908F900C948DC98F929F92AF9245
:10951000BF92FF920F931F93CF93DF93DC011196BD
:10952000ED91FC91EF2B61F490E080E0DF91CF9121
:109530001F910F91FF90BF90AF909F908F900895D3
:10954000F22E4A015B01EC018B819C81AD81BE81D1
:1095500088159905AA05BB0561F0CE010E944FC987
:10956000882311F3F2FE0DC018828B829C82AD829B
:10957000BE822F2D2370F880F22AF882CE010C963D
:10958000D5CF01E010E09E01245F3F4FB501A4015B
:1095900089819A810E940DCA8111E6CFC5CF8F9231
:1095A0009F92AF92BF92CF92DF92EF92FF920F9372
:1095B0001F93423051056105710560F480E01F91F1
:1095C0000F91FF90EF90DF90CF90BF90AF909F9062
:1095D0008F900895FC01C18CD28CE38CF48CC4165E
:1095E000D506E606F70650F3480159016A01858160
:1095F000803249F585899689A789B08D17E07695DF
:109600006795579547951A95D1F7480F591F6A1FC7
:109610007B1F868123E0823009F021E0CF01849610
:109620000E9485CA009751F2CC0CDD1CCC0CDD1CCD
:10963000F1E0DF228C0D9D1DFC0180829182A282CF
:10964000B38281E0BCCF803109F0B8CF458956891B
:109650006789708D4D0D511D611D711D868123E03F
:10966000823009F021E0CF0184960E9485CA0097DC
:1096700009F4A4CFCC0CDD1CF1E0DF22C80ED91E0A
:10968000F60191828082DDCFCF92DF92EF92FF923E
:109690000F931F93CF93DF934230510561057105FE
:1096A00050F48FEFDF91CF911F910F91FF90EF90CA
:1096B000DF90CF900895FC01C18CD28CE38CF48CA8
:1096C000C416D506E606F70660F389016A01EC01C7
:1096D00085818032B1F585899689A789B08DE7E0CB
:1096E0007695679557954795EA95D1F7480F591F95
:1096F0006A1F7B1F2E81223009F020E0CE01849664
:109700000E9485CA009769F2CC0CDD1CCC0CDD1CD4
:10971000F1E0DF228C0D9D1DFC0180819181A281F1
:10972000B381498D5A8D6B8D7C8D481759076A0717
:109730007B0748F1F80180839183A283B38381E0A2
:10974000B1CF803109F0ADCF458956896789708DD9
:109750004D0D511D611D711D2681223009F020E043
:10976000CE0184960E9485CA009709F49ACFCC0C4A
:10977000DD1CF1E0DF22C80ED91EF6018081918147
:10978000B0E0A0E0CECF80E08DCF9F92AF92BF92AD
:10979000CF92DF92EF92FF920F931F93CF93DF93BD
:1097A00000D01F92CDB7DEB75C016A017B019E013C
:1097B0002F5F3F4FB701A601C5010E9444CB982EF1
:1097C00087FD34C000E010E09801B701A601C50193
:1097D0000E94CFCA882351F1F501418552856385E6
:1097E0007485C416D506E606F70650F4F1E0CF1AE4
:1097F000D108E108F108F501C186D286E386F48636
:10980000C980DA80EB80FC809110D1CF0F900F904F
:109810000F900F90DF91CF911F910F91FF90EF90DC
:10982000DF90CF90BF90AF909F90089580E0EECFF3
:109830009F92AF92BF92CF92DF92EF92FF920F93DF
:109840001F93CF93DF93CDB7DEB7A0970FB6F894F1
:10985000DEBF0FBECDBF19821A821B82DC011296B9
:109860002C9121FF12C08C01FC01448D558D668D19
:10987000778D411551056105710549F461E0C80115
:109880000E94F2807C01009749F480E067C08681E5
:1098900097810E94C5CB8111F1CFF7CF0E94BBBE4B
:1098A000B82E85EEF7018083D8011C9212961C9287
:1098B000129716968D919C910E945782882329F3C6
:1098C000F8019381992309F449C080859185A28587
:1098D000B385668177819E012F5F3F4F69010097B5
:1098E000A105B10509F04CC0C9010E94C57F8823BC
:1098F00061F2EE24E394F12C95EEA92ED801139693
:109900008C9113978E1508F214966D917C916E19B7
:109910007F09C6010E943B82FC01892B09F4B5CF67
:1099200083858F3009F0B1CF9081892F8F71E81234
:10993000ACCF85858B11A9CFA082D8011696ED9169
:10994000FC9184A1816084A3BFEFEB1AFB0A96FF10
:10995000D5CFF801868197810E945782A0960FB6D5
:10996000F894DEBF0FBECDBFDF91CF911F910F9155
:10997000FF90EF90DF90CF90BF90AF909F900895B1
:109980002CE1F60111922A95E9F720E1298321E0E3
:109990002B8378876F838D8F9E8FAF8FB8A3A9CFCE
:1099A000CF93DF93FC012081211104C081E0DF917E
:1099B000CF910895EC01828187FF28C061E0CF013B
:1099C0000E94F280FC01892B29F4898181608983BE
:1099D00080E0EDCF8081853EC1F3888187738387E6
:1099E000888183FF08C0888D998DAA8DBB8D848F57
:1099F000958FA68FB78F8C8D9D8DAE8DBF8D938FDC
:109A0000828FB58BA48B8A818F778A838E819F8189
:109A10000E9457828823C9F2C9CF4F925F926F92FA
:109A20007F928F929F92AF92BF92CF92DF92EF92EE
:109A3000FF920F931F93CF93DF937C01D62EC9E241
:109A4000D5E110928A17109289171092291588244F
:109A50008A94982C540180922C1590922D15A092E6
:109A60002E15B0922F15109257171092851710923D
:109A7000861710928717D0938C17C0938B179093EB
:109A800056178093551790932B1580932A156623AC
:109A900009F4DFC020E040E050E0BA01CE010E94AE
:109AA00085CA009709F4D9C0FC01E254FE4F248115
:109AB000222309F4D2C020812F7709F03FC28A53B4
:109AC0009E4FFC0180809180A280B38020E0B50190
:109AD000A40189E295E10E9485CAEC01009709F48E
:109AE000BCC045E050E06DE373E003960E9462EB7A
:109AF000892B09F0B2C0FE01E459FF4F8081893003
:109B000009F0ABC07C9780819181A281B381880DDF
:109B1000991DAA1DBB1D8093391790933A17A093E6
:109B20003B17B0933C17349680819181A281B38119
:109B300080933D1790933E17A0933F17B093401723
:109B4000349680819181A281B381880D991DAA1DCF
:109B5000BB1D8093411790934217A0934317B09376
:109B60004417349680819181A281B38180934517F7
:109B700090934617A0934717B09348173496808167
:109B80009181A281B3818093491790934A17A09342
:109B90004B17B0934C17C359DF4F288120935817A8
:109BA000275F81E090E0A0E0B0E004C0880F991F3B
:109BB000AA1FBB1F2A95D2F7809351179093521773
:109BC000A0935317B09354170197A109B10980933B
:109BD0004D1790934E17A0934F17B09350171092B4
:109BE000351710923617109237171092381701E078
:109BF00010E020E030E040E050E0BA0189E295E179
:109C00000E942E8580E48093571789E597E10E9492
:109C1000908B109285171092871769E275E189E59C
:109C200097E10E94F58A8823C1F08091EE17909108
:109C3000EF17892B31F489E295E19093EF17809328
:109C4000EE1789E295E190939F1480939E1481E032
:109C500022C1812C912C540139CF10928C17109273
:109C60008B1710922E1510924D158FEF9FEFDC0180
:109C70008093501590935115A0935215B09353159E
:109C80001092591710925A1710925B1789E295E1BA
:109C900090938A1780938917F0922A15E0922915DC
:109CA00081E090E0A0E0B0E080933215909333150E
:109CB000A0933415B0933515F0924F15E0924E15E0
:109CC000DD2009F447C020E040E050E0BA018DE417
:109CD00095E10E9485CA009709F4D8C0FC01E254BE
:109CE000FE4F2481222309F4D1C020812F7709F06F
:109CF000CDC08A539E4FFC01C080D180E280F380AA
:109D000020E0B701A6018DE495E10E9485CAFC011F
:109D1000892B09F4BBC0838594858115924009F095
:109D2000B5C020898FEF820F823008F0AFC020933A
:109D30002F15958590932B158FEF890F80932C15F8
:109D400010E081E0981751F01F5F193009F4F2C05C
:109D5000880FF8CFC12CD12C7601D2CF10932D15BE
:109D600086899789B0E0A0E08093361590933715E7
:109D7000A0933815B0933915892B8A2B8B2B61F45E
:109D800084A195A1A6A1B7A180933615909337150C
:109D9000A0933815B093391586859785260137012C
:109DA000480E591E611C711C40923E1550923F1581
:109DB0006092401570924115C189D289D0933115B6
:109DC000C09330158090361590903715A0903815B7
:109DD000B0903915A22FB0E0A50194010E9401EACC
:109DE000460E571E681E791E409246155092471522
:109DF000609248157092491585E0CC0FDD1F8A9559
:109E0000E1F7C150DE4FCD2FDD27C6954C0E5D1E0C
:109E1000611C711C40923A1550923B1560923C15A2
:109E200070923D1583899489B0E0A0E00097A10568
:109E3000B10521F480A191A1A2A1B3A1C418D508B4
:109E4000E608F7088C0D9D1DAE1DBF1D6C017D0140
:109E500004C0F694E794D794C7941A95D2F7D70123
:109E6000C6010196A11DB11D809342159093431523
:109E7000A0934415B093451585EFC8168FE0D8061A
:109E8000E104F104C8F48CE080932E1510928A1737
:109E90001092891780E0DF91CF911F910F91FF9071
:109EA000EF90DF90CF90BF90AF909F908F907F907A
:109EB0006F905F904F90089580E125EFC2162FEFCD
:109EC000D206E104F10468F084A595A5A6A5B7A57E
:109ED0008093461590934715A0934815B093491564
:109EE00080E280932E158092541590925515A09281
:109EF0005615B092571589E597E10E94D0CC109283
:109F0000591710925B1769E275E189E597E10E94A4
:109F1000C57F882309F4BACF8091EC179091ED1793
:109F2000892B09F08ECE89E295E19093ED1780930D
:109F3000EC1787CE88E080932D15A8CF10928C1750
:109F400010928B1710922E1510924D15809250156D
:109F500090925115A0925215B09253151092591724
:109F600010925A1710925B17D0938A17C0938917D3
:109F7000F0922A15E092291581E090E0A0E0B0E08F
:109F80008093321590933315A0933415B093351503
:109F9000F0924F15E0924E1596CE0F931F93CF93EC
:109FA000DF93EC0108A919A90115110579F0C80181
:109FB0000E94D0CCF8011082128219AA18AA1BAAFA
:109FC0001AAADF91CF911F910F9108950AA91BA999
:109FD00081E00115110589F3C8010E94908BF801F9
:109FE00014A616A6EACF0F931F93CF938C010E945D
:109FF0007A2F811106C0C0E08C2FCF911F910F9155
:10A000000895045F1F4F40E065E572E0C8010E94BB
:10A01000F82EC82F811109C00E947A2F882359F386
:10A0200083EE99E10E94C22EE7CFC8010E94F84258
:10A03000C82F8111E1CFC8010E94CDCF8CEE99E1EC
:10A04000F1CF4F925F926F927F928F929F92AF92D9
:10A05000BF92CF92DF92EF92FF920F931F93CF9315
:10A06000DF93EC014A015B014C845D846E847F8444
:10A070002881222309F45CC0488959896A897B892F
:10A08000481559056A057B0581F081149104A104E6
:10A09000B10469F41C861D861E861F86888A998AEB
:10A0A000AA8ABB8A8A818F7D8A8381E046C023FF8A
:10A0B0002CC0888D998DAA8DBB8D88159905AA0510
:10A0C000BB05B0F1EE81FF813481375F750164011A
:10A0D00081E0C81AD108E108F108032E04C0F69403
:10A0E000E794D794C7940A94D2F78A8186FF36C042
:10A0F0008C8D9D8DAE8DBF8D8C0D9D1DAE1DBF1D9C
:10A100008C879D87AE87BF87C9CF26FFDBCFEE81C7
:10A11000FF818781908525E0880F991F2A95E1F7B7
:10A12000B0E0A0E088159905AA05BB0508F0B6CFF8
:10A130004C865D866E867F8680E0DF91CF911F9191
:10A140000F91FF90EF90DF90CF90BF90AF909F90D6
:10A150008F907F906F905F904F900895DB01CA01C0
:10A160000197A109B10904C0B695A7959795879560
:10A170003A95D2F7C816D906EA06FB0620F0452B19
:10A18000462B472B49F527FF22C0858D968DA78D3D
:10A19000B0A18C879D87AE87BF878E01045F1F4F5C
:10A1A000C114D104E104F10409F478CF4C855D8534
:10A1B0006E857F8598018E819F810E9444CB91E0BE
:10A1C000C91AD108E108F108181654F3B1CF8C8DE3
:10A1D0009D8DAE8DBF8DDDCFC81AD90AEA0AFB0A64
:10A1E000DCCFCF93DF931F921F92CDB7DEB71A82D9
:10A1F00019829E012F5F3F4F40E250E070E060E027
:10A200000E94777E809739F489819A810F900F9010
:10A21000DF91CF91089590E080E0F8CF8F929F92E8
:10A22000AF92BF92EF92FF920F931F93CF93DF9362
:10A23000EC017B010E94CDCFD701D0968D919C91EE
:10A24000D197892B09F460C0188219821A82D9AB80
:10A25000C8ABD096ED90FC90F7018081807D71F0C5
:10A2600080899189A289B3898F719927AA27BB27F1
:10A2700000E010E0892B8A2B8B2B29F019AA18AA51
:10A2800080E02FC000E0D70150968D909D90AD905A
:10A29000BC905397C7010E94F1D0009779F3FC015D
:10A2A0002081222359F32E3269F3253E59F3338559
:10A2B00033FD22C0002321F00E94BBBE8113DECFFC
:10A2C000B501A40185E076956795579547958A95E0
:10A2D000D1F720E0B701CE010E94E07F882371F220
:10A2E00081E0DF91CF911F910F91FF90EF90BF9090
:10A2F000AF909F908F9008953F3021F626FFC3CFF7
:10A30000022F0F711585BFCFF70182A993A9892B61
:10A3100009F4B6CF1CA61DA61EA6DBABCAAB02A8CD
:10A32000F3A9E02D84A5807519F41BAA1AAAA8CF59
:10A3300020812F7130E040E050E060E070E080E08C
:10A3400090E0A0E00E9428EB81F720E050E040E0A0
:10A35000BF01CE010E94A28F8111C2CFE6CF2F9202
:10A360003F924F925F926F927F928F929F92AF92A5
:10A37000BF92CF92DF92EF92FF920F931F93CF93F2
:10A38000DF93CDB7DEB7AC970FB6F894DEBF0FBE44
:10A39000CDBF8C016B01FA01DB018C91807D11F442
:10A3A00080E019C1D8018C918111FACF8681978103
:10A3B0000C966DE070E00E94B4E96CA38185837017
:10A3C000662463948111660E722E7F011CA70BA771
:10A3D000F6010680F781E02DFAA3E9A340E050E002
:10A3E000BA01C6010E9421D01DA21EA2812C912C6F
:10A3F00010E000E01BA29701265F3F4F3AA729A774
:10A40000D60150962D903D904D905C90539765E00D
:10A4100056944794379427946A95D1F75101C60111
:10A420000E94F1D0FC01892BA9F5F60181818111EF
:10A43000B7CF74FEB5CF872D83708150823008F07E
:10A44000AFCF112311F0ADA0BEA0161550F4C60178
:10A450000E94F1D0892B09F0E9C0F60181818111B8
:10A460009FCF012F10E0862C912C0815190508F0BC
:10A47000DFC0C6010E94C281882309F491CFA9A13F
:10A48000BAA112968C91B0E18B9FC0011124080FE4
:10A49000191FEBCF9081953E11F091110EC0111153
:10A4A00002C02DA23EA2161508F41F5F992309F4DD
:10A4B000C0CF953E29F400E0A3CF161508F44AC09A
:10A4C0009E32C9F383858F3009F070C0011144C0FA
:10A4D000292F2F71922E3CA1321392CF96FF90CF4D
:10A4E0008584032F81E098128BCF80E2F601DE0194
:10A4F000119601900D928A95E1F7D7018D919C916B
:10A50000119713969C938E931297442443940415A9
:10A5100008F476CFB501CE0101960E943B821C0162
:10A52000892B49F2F7010480F581E02DF8A7EFA30C
:10A53000512C652DC1010E9400BED7011296ED91EC
:10A54000FC912FA138A5E217F30771F4892B09F4C8
:10A5500057CFB1CF10E0B4CF9A949911ACCF858585
:10A56000881509F4BFCFA7CF8038910508F0A3CF95
:10A570002FE9280F2A3108F480529F012F5F3F4FA7
:10A58000D70113963C932E93129790812FE9290FB0
:10A590002A3108F4905298138ECF5394BDE05B1289
:10A5A000C8CF4394E1E0AE1AB108B1CF83FD83CFA9
:10A5B000002351F121E09212F3CECF010E94BBBEE5
:10A5C0008811EECE76FCECCE272DA501B6018BA529
:10A5D0009CA50E94E07FAC960FB6F894DEBF0FBE3C
:10A5E000CDBFDF91CF911F910F91FF90EF90DF9042
:10A5F000CF90BF90AF909F908F907F906F905F9023
:10A600004F903F902F9008954BE050E069A57AA5B8
:10A61000CF010E943CEB892B09F0F2CED7011996AD
:10A620008C9180FFCFCF31E03BA3EACE1F5F0DCFEF
:10A63000EBA1EE2309F43FC0D70118965C9042E6E7
:10A64000442E10E000E05EE7352E4701BAE08B0EA5
:10A65000911C0E946AC6060F171FE3E0E51510F46F
:10A6600033E0532E94E0950D802F8F708A3008F0E0
:10A6700080C0805DF701E90FF11D828724E0169507
:10A6800007952A95E1F79150591670F3F701E50DFA
:10A69000F11D328640E050E0BA01C6010E9421D08F
:10A6A000C6010E94F1D0009709F065C0D60111964D
:10A6B0008C91811175CE0FEF060DA00EB11C80E2BA
:10A6C000F601DE01119601900D928A95E1F747019E
:10A6D000FAE08F0E911CC4010E94BBBE582ED70118
:10A6E0008D919C91119713969C938E93129711E0E4
:10A6F000612C402E689446F88FE0382EB501011782
:10A7000008F467C0611B7109CE0101960E943B826B
:10A71000FC01892B09F444CEAF81B88594968C91C5
:10A720009497816094968C93842D0113812F80835C
:10A73000338614865586138E128ED70114964D914A
:10A740005C9160E0D70112962D913C9113972417EC
:10A75000350731F5662081F163942FEF3FEF6530C7
:10A7600080F5328321836F5F32966D3059F71F5F1A
:10A77000C5CF895C7FCFFC012081222309F49BCFC8
:10A78000238523FD8DCF4BE050E0BC01C4010E9426
:10A790003CEB892B09F084CF4A9441105ACF00CE6C
:10A7A000C901019613969C938E931297D9012C910F
:10A7B000022E000C330BD3CF30E020E066246394EC
:10A7C000CECF6B3018F435832483CDCF37832683E7
:10A7D000CACFC6010E943B82009709F4E1CD20E276
:10A7E000FC0111922A95E9F72BE0F401DC010190BC
:10A7F0000D922A95E1F7D70119962C912871FC0149
:10A80000248721E23CE5318B208B318F208F338BE5
:10A81000228BA9A1BAA194968C9194978160949669
:10A820008C93D2CE8F929F92AF92BF92CF92DF92B3
:10A83000EF92FF920F931F93CF93DF93CDB7DEB7C5
:10A84000C151D1400FB6F894DEBF0FBECDBF5C0141
:10A85000E0EAF4E188E4DF011D928A95E9F7B2E0CD
:10A86000CF5EDE4FB883C151D14081ED882E912C4F
:10A870008C0E9D1E8CE0880E911C91E9E92EF12C26
:10A88000EC0EFD1EACE0EA0EF11CCE018F529F4F84
:10A890000E94E42ECE018F569F4F0E94E42ECE01DF
:10A8A0008F529F4F0E94F3CF811116C010E0812F6D
:10A8B000CF5EDE4F0FB6F894DEBF0FBECDBFDF9187
:10A8C000CF911F910F91FF90EF90DF90CF90BF90AD
:10A8D000AF909F908F900895D12CC12C10E015C09F
:10A8E000AE014F5F5F4FB601CE018F569F4F0E9462
:10A8F0000E43CE0101960E94116F082F81112DC0C9
:10A90000C7010E94CDCF012F102FB401C7010E94B3
:10A910000ED1882349F0A114B10411F3CA14DB0449
:10A92000F8F2C7010E94CDCFCE018F529F4F0E94F7
:10A93000E842882309F4BACF112359F188E4FE01D3
:10A94000E75BFF4FA0EAB4E101900D928A95E1F731
:10A9500080EE99E10E94C22EAACFBFEFCB1ADB0A8C
:10A96000112349F0BE01675B7F4FCE0101960E9423
:10A97000BF6E181654F488E4FE013196DE01A75B21
:10A98000BF4F01900D928A95E1F7C7010E94CDCF8C
:10A99000BBCFCF5EDE4F8881C151D140813039F0CD
:10A9A000A1E0CF5EDE4FA883C151D1406ECF87EDCD
:10A9B00099E1D0CF5F926F927F928F929F92AF92E8
:10A9C000BF92CF92DF92EF92FF920F931F93CF939C
:10A9D000DF93EB0109900020E9F72197C61BD70B05
:10A9E000FE013497EC39F10508F055C0E60FF71F6A
:10A9F00030813E3209F04FC0722E542E8B017C0103
:10AA00005E0183E0A81AB108FB01EA0DFB1D8081FD
:10AA10000E943D86682EEDE48E133DC06E01F2E08B
:10AA2000CF1AD108F801EC0DFD1D80810E943D86F2
:10AA30008A3589F54E0181E0881A9108F801E80D00
:10AA4000F91D80810E943D86851125C0AE014F5FB2
:10AA50005F4FB801C7010E9449EBF701EA0DFB1DEA
:10AA60006082F701EC0DFD1D7082E80CF91C89E491
:10AA7000F701808381E0DF91CF911F910F91FF90CB
:10AA8000EF90DF90CF90BF90AF909F908F907F908E
:10AA90006F905F90089580E0EECF009739F06115D8
:10AAA000710521F026E446E40C94DAD480E00895A0
:10AAB00026E446E46AEB73E18AEB91E10E94DAD482
:10AAC000882321F08AEB91E10C94512E80E00895C7
:10AAD00024E544E56AEB73E18AEB91E10E94DAD464
:10AAE000882321F08AEB91E10C94512E80E00895A7
:10AAF0002F923F924F925F926F927F928F929F928E
:10AB0000AF92BF92CF92DF92EF92FF920F931F937B
:10AB1000CF93DF93CDB7DEB76B970FB6F894DEBF58
:10AB20000FBECDBF69877A878B879C8729013A0141
:10AB3000802FC98ADA8AEB8AFC8ABB8EAA8E0E9491
:10AB4000C025082F812F0E94C025E82F49855A85EE
:10AB50006B857C85A3E0440F551F661F771FAA9560
:10AB6000D1F7441555056605770508F4F8C0A3012B
:10AB7000920160E070E0CB0149823A836B825C8392
:10AB80006D837E838F8398870E0F098F49A95AA9F9
:10AB90009A0140E050E060E070E080E090E0A0E1E9
:10ABA0000E940AEB5401C12CD12CE12CF12C00E0C5
:10ABB00010E00E9401EBA988BA88CB88DC880E944B
:10ABC00001EBA980BA80CB80DC800E9416EB3901B2
:10ABD0004A01B62FA72FF82FE92FE984FA840B85B5
:10ABE0001C856701780100E010E09801C986DA86CB
:10ABF000EB86FC860D871E872F87388B9601A70171
:10AC000060E070E080E090E003E00E94CBEA590150
:10AC10006A017B018C019301A4016B2F7A2F8F2F86
:10AC20009E2F0E9401EBA98CB12CC12CD12CE12CC0
:10AC3000F12C00E010E00E9416EB4DA85EA86FA872
:10AC400078AC1201510163010E9414EA322E832E66
:10AC5000942E252E2B013C014BA95CA99A0140E0C2
:10AC600050E060E070E080E090E0A4E00E940AEB39
:10AC7000CA8CDB8C5601D12CC12CE12CF12C870124
:10AC8000A98ABA8ACB8ADC8AED8AFE8A0F8B188F52
:10AC9000C12CD12CE12CF12C00E010E00E9401EB42
:10ACA000A980BA80CB80DC800E9401EBA984BA84A1
:10ACB000CB84DC840E9401EBA98CB12CC12CD12C5B
:10ACC0000E9401EBC9ACDAACEBACFCAC56016701FD
:10ACD000E12CF12C8701A982BA82CB82DC82ED8241
:10ACE000FE820F831887E12CF12C00E010E00E9417
:10ACF00014EA2056304F4F4F5F4F6F4F7F4F8F4FAB
:10AD00009F4F59016A017B018C01232D382D492D5C
:10AD1000522DB201C3010E9401EBE0E4AE2EFFE12F
:10AD2000BF2EC12CD12CE12CF12C00E010E00E94B0
:10AD30006EEAF42FE52F2F3FAFEF3A074A075A0785
:10AD4000610571058105910561F058F08FEF9FEF66
:10AD5000DC01EDADFEAD80839183A283B38380E0FF
:10AD60001DC0C901AF2FBE2FEDADFEAD4081518199
:10AD7000628173818A019B01009510952095309521
:10AD8000081719072A073B0708F3840F951FA61F0A
:10AD9000B71F80839183A283B38381E06B960FB644
:10ADA000F894DEBF0FBECDBFDF91CF911F910F9101
:10ADB000FF90EF90DF90CF90BF90AF909F908F90DB
:10ADC0007F906F905F904F903F902F9008950E94DA
:10ADD000BCA90E94562F8091BA13882321F08AEBD8
:10ADE00093E10E94FA3185E090E09093440F8093C4
:10ADF000430F08950F931F93CF93DF938B01009719
:10AE000029F04115510539F4FC011082DF91CF91F1
:10AE10001F910F910895BA01EC0101501109A80189
:10AE20000E94A4E6C00FD11F1882F0CF10928A179B
:10AE30001092891710928C1710928B1710928E1700
:10AE400010928D171092901710928F1780E58093B3
:10AE500091171092921710929317109294171092C4
:10AE600095171092961710929717109298171092A4
:10AE700099178AE280939A1710929B1710929C1749
:10AE800010929D1710929E1789EE94E10E94E42E75
:10AE9000EFE9F7E1138212828DE293E091838083E0
:10AEA00088E084838FEF858389E0868384E08783CD
:10AEB00085E0808786E0818787E082871386148615
:10AEC00015861686178681E00C944CC5CF93DF93C8
:10AED000CDB7DEB7CF57D1090FB6F894DEBF0FBE9E
:10AEE000CDBF789484B5826084BD84B5816084BD13
:10AEF00085B5826085BD85B5816085BD80916E0018
:10AF0000816080936E001092810080918100826048
:10AF10008093810080918100816080938100809185
:10AF200080008160809380008091B1008460809374
:10AF3000B1008091B00081608093B0008091910059
:10AF40008260809391008091910081608093910054
:10AF5000809190008160809390008091A100826038
:10AF60008093A1008091A10081608093A1008091D5
:10AF7000A00081608093A000809121018260809375
:10AF80002101809121018160809321018091200124
:10AF900081608093200180917A00846080937A00A0
:10AFA00080917A00826080937A0080917A0081603B
:10AFB00080937A0080917A00806880937A00109262
:10AFC000C100E091F017F091F117309711F4E4EF20
:10AFD000F7E18DB79EB7F093D717E093D617F093AC
:10AFE000D517E093D41721E02093D8179F01205F55
:10AFF0003F4F2817390758F440979093D5178093FF
:10B00000D41725EAE817F90710F42193FBCF41ED97
:10B0100056E16CE070E088EB97E10E94079610988B
:10B02000089A1092050E60E087E10E94D5C361E0A6
:10B0300087E10E9410C51092380F1092370F1092BE
:10B04000B0001092B100109270001092B200249AD9
:10B0500083E08093B00081E08093B10080E50E949E
:10B06000F2551092DA171092D91780910C0F8111B6
:10B0700002C00E94CA9382E00E944CC50E94BDC4D7
:10B080008FEF8093340260E086E30E9410C5109237
:10B09000130E1092120E1092110E1092100E0E94AA
:10B0A0006AC670930F0E60930E0E10920D0E1092E2
:10B0B0000C0E10920B0E10920A0E1092090E1092A6
:10B0C000080E1092070E1092060E0E94BA51CE0181
:10B0D0008E589F4F0E947D5581119DC00E94BA518C
:10B0E0006AEC76E180E00E94DC976EEB76E181E02D
:10B0F0000E94DC9760EB74E080E090E00E9412C652
:10B100000E94BA5165E576E180E00E94DC9769E42F
:10B1100076E181E00E94DC9768EE73E080E090E0E9
:10B120000E9412C60E9444C6E4969FAF8EAFE49779
:10B13000BC0189EB96E10E94D051E6969FAF8EAF9D
:10B14000E697E4966EAD7FADE49782EB96E10E94C0
:10B15000D051E8969FAF8EAFE897E4966EAD7FAD85
:10B16000E4978DEA96E10E94D051EA969FAF8EAFA8
:10B17000EA97E4966EAD7FADE49786EA96E10E9489
:10B18000D051EC969FAF8EAFEC97E4966EAD7FAD4D
:10B19000E49781EA96E10E94D051EE969FAF8EAF80
:10B1A000EE97CE018E589F4F0E9486528111D1C0DA
:10B1B00065E976E180E00E94DC9767E876E181E06E
:10B1C0000E94DC9768E077E080E090E00E9412C681
:10B1D00087EF93E0E4969FAF8EAFE49786E890E028
:10B1E000E6969FAF8EAFE69785E391E0E8969FAF36
:10B1F0008EAFE8978FED91E0EA969FAF8EAFEA971A
:10B20000EC961FAE1EAEEC978FEC92E0EE969FAFE1
:10B210008EAFEE9717C0CE018E589F4F0E94865278
:10B22000882309F45BCF8CE0FE01EE58FF4FA5E3C5
:10B23000B2E001900D928A95E1F70E94F4520497D2
:10B2400009F44CCF8CE0FE01EE58FF4FA5E3B2E0CD
:10B2500001900D928A95E1F70E94C92E80E00E942C
:10B260007F438093150F1092180F1092170F1092B2
:10B27000160F1092B7170E94309F1092EF0E109287
:10B28000140E0E94309F0E944FB41092D11710925A
:10B29000D0171092310F10922A0F1092290F10928E
:10B2A0002C0F10922B0F1092150E70E060E090E0C2
:10B2B00080E00E94599B70E060E081E090E00E9495
:10B2C000599B63E070E082E090E00E94599B62E04D
:10B2D00070E083E090E00E94599B1092300F109232
:10B2E0002F0F10922E0F10922D0FCE0101960E945B
:10B2F0002155882309F4E1C08981823008F0DDC03E
:10B30000EA81E03108F0D9C09B81923008F0D5C0C5
:10B310009C81943008F0D1C081708093310FE1504E
:10B32000EF3008F0BDC2F0E08827E656F6428F4FB6
:10B330000C94EAE918DC23DC26DC29DC2CDC36DC86
:10B340003DDC40DC4ADC47DC15DA1CDA33DC11DC9E
:10B350004DDC1C8A1B8A8BE492E3A4E4B3E5898369
:10B360009A83AB83BC8381E090E09E838D838CE0E5
:10B37000FE01EE58FF4FDE01179601900D928A955F
:10B38000E1F762E170E0CE0101960E945B549C8B74
:10B390008B8B9E012F5F3F4F790110E000E0A39659
:10B3A0001FAF0EAFA397D7016D917D01CE018F59CD
:10B3B0009F4F0E94D9550F5F1F4F0431110579F738
:10B3C000F999FECFCE018F599F4F0E947D5588235A
:10B3D00061F04CE050E0BE016E587F4FCE018F59B6
:10B3E0009F4F0E943CEB892B89F06AE776E180E071
:10B3F0000E94DC9760E776E181E00E94DC9768E0DC
:10B4000077E080E090E00E9412C61CCF64E676E10F
:10B4100080E00E94DC976EE576E181E00E94DC9797
:10B420006CEB72E080E090E0EECF10922A0F109269
:10B43000290F81E090E006C010922A0F1092290F88
:10B4400082E090E090932C0F80932B0F8D81853AB2
:10B4500009F02BC2EE801092150E10E000E0F12CE6
:10B46000C8010496011102C090E080E09801220F0B
:10B47000331FB70102C0759567952A95E2F763708F
:10B4800077270E946E9BBC01C8010E94599B0F5FE9
:10B490001F4F0430110521F70E94979B8B8190E08C
:10B4A0009093300F80932F0F8C81282F30E08430C1
:10B4B00020F430932E0F20932D0F84EC97E10E94FF
:10B4C0003D9B1092CA171092D3171092D217109268
:10B4D000330F1092320F1092350F1092340F1092DA
:10B4E000360FCE0101960E94C454882311F1998130
:10B4F0008CEF890F833010F09130D9F48A8182303B
:10B50000C0F43B813330A8F42C81223090F4913088
:10B5100009F0CEC184E090E09093330F8093320F16
:10B52000832F90E09093350F8093340F21702093F8
:10B53000360F8BEC97E10E947C971092CF171092F8
:10B54000BA131092010F1092000F1092F70E109282
:10B55000F60E1092F50E1092F40E1092F30E109259
:10B56000FF0E1092FE0E1092FD0E1092FC0E109225
:10B57000FB0E1092FA0E1092F90E1092F80E0E9425
:10B58000E0241092A00E10929F0E1092A20E109224
:10B59000A10E10929E0E10929D0E10929C0EFF24F2
:10B5A000F394F092470210929B0E01E010E010938A
:10B5B00049020093480210929A0E1092990E10922E
:10B5C000980E1092970E1092930E1092940E109265
:10B5D000950E1092960E0E94E01F1092920E1092FD
:10B5E000810E0E94F02D0E9409C410922A0E109222
:10B5F000290E1092280E1092270EF09241021092FE
:10B60000260E1092250E1092240E1092230E1092E8
:10B61000220E1092210E1092200E10921F0E1092E8
:10B620001E0E10921A0E10921B0E10921C0E1092EB
:10B630001D0E1092160E1092170E1092180E1092E8
:10B64000190E1092580F81E00E94FC4F1092800E4C
:10B650001092570F1092580F10927F0E10927E0E7C
:10B6600010927D0E10927C0E10927B0E10927A0E2C
:10B67000F09246021092790E1092780E1092770E88
:10B680001092760E1092750E1092740E1092730E28
:10B690001092610E90E080E00E94F82410925D0EFE
:10B6A00010925E0E10925F0E1092600E1092590E64
:10B6B00010925A0E10925B0E10925C0E1092550E64
:10B6C0001092560E1092570E1092580E1092510E64
:10B6D0001092520E1092530E1092540E10924D0E64
:10B6E00010924E0E10924F0E1092500E1092490E64
:10B6F00010924A0E10924B0E10924C0E1092450E64
:10B700001092460E1092470E1092480E1092410E63
:10B710001092420E1092430E1092440E1092400E60
:10B7200010923F0E10923E0E10923D0E10923C0E63
:10B7300010923B0E10923A0E1092390E1092380E63
:10B740001092370E1092360E1092350E1092340E63
:10B750001092330E1092320E1092310E1092300E63
:10B7600010922F0E1093450200934402109343024F
:10B770000093420210922E0E10922D0E10922C0E5B
:10B7800010922B0E0E94F5270E9403280E945CBD98
:10B790000E9452AA10923B0F10923A0F0E94BA5187
:10B7A000E2E7F0E0EC0FFD1F3296C258DF4FF9835D
:10B7B000E883CE57D0400E946AC64B0180913A0F71
:10B7C00090913B0F8130910509F08FC10E949665E1
:10B7D0008091DD179091DE179401281B390B2530DD
:10B7E000310508F476C09092DE178092DD170E9432
:10B7F0007053009709F46DC0FC013197E930F105F1
:10B8000008F067C08827E85FF3428F4F0C94EAE99D
:10B8100066DC66DC8BDC8BDC8DDC8DDC69DC69DC7A
:10B82000E5DC10922A0F1092290F83E090E00ACEF7
:10B8300081E090E090932A0F8093290F10922C0FB3
:10B8400010922B0F03CE82E090E0F4CF83E090E0E3
:10B85000F1CF84E090E0EECF85E090E090932A0F66
:10B860008093290FEDCD85E090E0E4CF86E090E075
:10B8700090932A0F8093290FD8CF86E090E0EECFE7
:10B8800086E090E090932A0F8093290FD2CD87E035
:10B8900090E0F8CF87E090E0E1CF87E090E0E8CF5C
:10B8A00010922A0F1092290FC9CF0E94C99BF6CD82
:10B8B000943019F483E090E02FCE953019F482E0B3
:10B8C00090E02ACE91E0892790E026CE8FEF0E946B
:10B8D00007630E9496658091DB179091DC17D40175
:10B8E000A81BB90BAA3FB10560F09092DC178092BB
:10B8F000DB17CE0101960E945320CE0101960E94D3
:10B90000FF970E94966580E090E0892B09F453CF61
:10B910000E94000045CF81E0DACF8091000F909126
:10B92000010F029781F58091FA0E81112CC0809150
:10B93000F80E811128C00E94BF1F8C01892B79F459
:10B940008091A10E9091A20E029739F400914802C5
:10B95000109149020115110511F401E010E00E9457
:10B96000F05081E00E9494481092FD0E1092FC0E5F
:10B970001092FB0E0E94E024C8010E94A86281116F
:10B980001AC01092FA0E0E94F05081E00E94944872
:10B990001092FF0E1092FE0E1092FD0E1092FC0EF1
:10B9A0001092FB0E1092FA0E1092F80E0E94E024F4
:10B9B0000E94BC518ECF1092FF0E1092FE0E81E0BD
:10B9C0008093FA0E0E94944884CF8091000F90914A
:10B9D000010F892B09F47DCF1091F80E111179CF49
:10B9E0008091FE0E9091FF0E8130910509F44AC0BE
:10B9F000F0F0029709F459C00E94F0501092FF0E27
:10BA00001092FE0E1092FD0E1092FC0E1092FB0E84
:10BA100081E02091000F3091010F2230310509F0B3
:10BA200080E08093FA0E0E94E02481E0CBCF8091E9
:10BA3000F30E9091F40E2091FA0E2223A1F01092B1
:10BA4000FA0E892B59F480E00E9494480E948F4896
:10BA5000811104C081E08093FD0E3BCF1092FD0E5A
:10BA60000E942F6136CF892BC9F78091FC0E81117E
:10BA7000F5CF0E948F488111F1CF81E08093FD0EB8
:10BA800080E0A0CF0E948064882309F422CF109226
:10BA9000A30E81E02091FE0E3091FF0E2230310581
:10BAA00009F080E08093A40E14CF1092A40E809130
:10BAB000F30E9091F40E892B61F48091FC0E8111AC
:10BAC00008C00E948F48811104C081E08093FB0E62
:10BAD00011E01092A30E0E94084F8111FACE11239B
:10BAE00009F4F7CE1092FB0EF4CE029709F0B3C022
:10BAF0000E94C9B88091DD179091DE17F401E81B10
:10BB0000F90B359790F19092DE178092DD170E9425
:10BB10007053009751F105978530910530F58C5D94
:10BB20009C4FDC012C9130E08091080F9091090F1F
:10BB30002130310509F057C09C01215031092330D3
:10BB4000310598F48130910529F50E9442B6882389
:10BB500061F08091500290915102892B31F40E9442
:10BB60008F48811102C00E946EA90E94C9B88091BD
:10BB7000DB179091DC17F401E81BF90BEA3FF105A4
:10BB800030F09092DC178092DB170E94D5A20E94C1
:10BB9000C9B8B9CE029791F40E94F1A8882329F37D
:10BBA0001092A50E81E02091080F3091090F2330EB
:10BBB000310509F080E08093A60ED7CF1092A60E33
:10BBC0008091500290915102892B41F40E948F483C
:10BBD000811104C081E08093A50EC7CF1092A50EFD
:10BBE0000E94EFABC2CF2230310519F59C012150E4
:10BBF00031092330310518F40E94E3B5B6CF9C011A
:10BC0000255031092330310518F0892B09F0ADCFCB
:10BC10000E948DB48091F00E882331F06091E70E80
:10BC200087EA9EE00E9442B20E94BA510E94BC5133
:10BC30009CCF2330310509F098CF9C012150310968
:10BC40002430310518F0079709F08FCF0E9449B5CD
:10BC50000E94BA518ACF8091B717882331F00E9491
:10BC6000F452049711F01092B7170E945A2E0E94B6
:10BC7000AE2E882309F472C01092150F1092EF0EA9
:10BC80001092140F1092130F1092F20E1092F10EE8
:10BC90001092180F1092170F1092160F69EE76E19E
:10BCA00080EA94E10E9484E6892BE9F08DED96E12B
:10BCB0000E94C2A08091EF0E8823A9F00E946AC65C
:10BCC0002091E80E3091E90E621B730B77FD0BC0DB
:10BCD0001092EF0E81E00E947F438093150F811137
:10BCE00045C00E94DBA02DEE3EE042E15FE060E156
:10BCF00080EA94E10E949A9E0E945A9F8C010E94C1
:10BD0000E79E0115110539F060E1681B643008F405
:10BD100064E0645081F51092EC0E0E947053FC01B7
:10BD2000892BA1F120913A0F30913B0F211531055C
:10BD300009F09AC23197EA30F10540F58827EC55B1
:10BD4000F1428F4F0C94EAE9C3DEE8DEEADEEEDE74
:10BD5000F0DE2BDF3EDF64DF7CDF11E00E94B52EDA
:10BD6000882309F4A7CF0E947CB4A4CF0E94309FFF
:10BD70000E944FB4B8CF2AEE3EE04CEE5EE0C80120
:10BD80000E949A9ECACF80E00E94F8B48091DB178F
:10BD90009091DC179401281B390B2837310508F4E2
:10BDA000B2CD9092DC178092DB1780913A0F909180
:10BDB0003B0F8230910509F464C708F02BC500974A
:10BDC00009F44BC5019709F452C70E94BC519BCDA1
:10BDD00081E0DACF80E00E949AB4D8CF81E0FBCF37
:10BDE0000E94509F8111D2CF6FE270E085E592E012
:10BDF0000E947FEB8C01009729F40E94309F0E94E3
:10BE00008DB4C4CF4FE350E0BC016F5F7F4FCE01D4
:10BE100001960E9470EB21961FAE2197F2E0053546
:10BE20001F07B1F4109256021092F20E1092F10E0A
:10BE30001092F00E0E94259F0E948DB48981882364
:10BE400009F4A4CF61E0CE0101960E9442B29ECFD8
:10BE5000D8011C92E9CF0E94509F882371F20E9462
:10BE6000D59E1092DA171092D91780910C0F81117C
:10BE700002C00E94CA9385E090E037C08091B71756
:10BE8000811184CF8091150F811106C081E08093CC
:10BE9000B7170E947CB47ACF80E00E947F43811163
:10BEA00003C01092150FABCF81E08093150F0E9455
:10BEB000D59E8091320F9091330F8430910509F017
:10BEC0004AC101E010E059C18091B71781115ECFDE
:10BED0008091150F8823D1F280E00E947F43882350
:10BEE00001F30E94D59E84E090E090933B0F8093F5
:10BEF0003A0F0E94BA514ACF8091150F882349F218
:10BF00008091130F9091140F892B29F48FE197E101
:10BF10000E9417A13BCF00EA14E18091E11488232D
:10BF200019F081E197E1F4CF8091E014882309F4BE
:10BF300046C08091A014882309F428CFF80101900D
:10BF40000020E9F78F01015A14410E94509FEE240E
:10BF5000E394F12C811109C0E5E5F2E001900020A5
:10BF6000E9F79F0126553240790198012E0D3F1DBA
:10BF700081118BC62F5F3F4F2036310518F085EFBA
:10BF800096E1C6CFA70165E572E0CE0101960E9459
:10BF900049EBE1E0F0E0EC0FFD1FEE0DFF1D8FE23D
:10BFA0008083C7010196A8014F5F5F4F60EA74E18B
:10BFB000A1E0B0E0AC0FBD1F8A0F9B1F73C683E0EA
:10BFC00097E10E9417A10E94D59E1092180F10921F
:10BFD000170F1092160F20902F0F3090300F0E94E5
:10BFE000D49A2C01D090310F1092BA13809155023F
:10BFF00081111CC01092010F1092000F1092FF0EC1
:10C000001092FE0E1092FD0E1092FC0E1092FB0E7E
:10C010001092FA0E1092F90E1092F80E0E94E0247F
:10C0200073C00E94D59E83E090E05FCF8091A01402
:10C03000882301F3E5E5F2E001900020E9F79F0194
:10C04000265532407901D8010D900020E9F7FD0115
:10C05000E15AF4413F01F901EC5AFD4F1081C90149
:10C06000860D971D21E030E01F3211F430E020E012
:10C07000820F931F803A910508F0BCCFA70165E5B8
:10C0800072E08AEB93E10E9449EB1F3249F0F7011D
:10C09000E654FC4E8FE2808397012F5F3F4F79017A
:10C0A000A3014F5F5F4F60EA74E1C70186549C4E65
:10C0B0000E9449EB80EA94E10E94062D9093010FC3
:10C0C0008093000FD092F70E5092F60E4092F50E2C
:10C0D0003092F40E2092F30E1092FF0E1092FE0E8C
:10C0E0001092FD0E1092FC0E1092FB0E1092FA0EA2
:10C0F0001092F90E1092F80E0E94E0248091000F29
:10C100009091010F892B29F40E94F05081E090E07A
:10C11000ECCE0E94E52481E090E00E94A862882392
:10C12000A9F38091000F9091010F029731F481E003
:10C130008093FA0E0E949448E9CF8091F30E90917B
:10C14000F40E892B29F481E08093FD0E80E0F2CF7C
:10C150000E942F61DBCF8330910509F4B9C582308D
:10C16000910509F4B8C506E010E064E4462E6CEAD7
:10C17000562E612C712C892B31F052E2452E56E55A
:10C18000552E612C712CE090340FF090350FD0902B
:10C19000360F0E9452AA88EB97E190930B0F809381
:10C1A0000A0F10934B0200934A0240924C025092A5
:10C1B0004D0260924E0270924F02F0925102E09254
:10C1C0005002D092520232E0E316F10441F480E0D2
:10C1D0000E9494480E9442B682E090E086CE0630EB
:10C1E000110521F588EB97E10E9480A2882371F167
:10C1F00080E00E94944881E090E09093090F809342
:10C20000080F8091500290915102019729F71FB7B2
:10C21000F8941092070F1092060F1092050F81E00C
:10C220008093040F0E94D12D1FBFD6CF013011057E
:10C2300029F488EB97E10E94B1A5D8CFC8010497F3
:10C24000029748F089E297E10E94F9A585E49FE012
:10C250000E94D3A4C1CF1093030F0093020F88EB69
:10C2600097E10E9462A8C2CF2330310509F021C1B5
:10C270003197E930F10508F089CD8827ED5BFE4163
:10C280008F4F0C94EAE94CE14CE15BE15BE1E8E1C2
:10C29000E8E1C6DEC6DE63E18091D017815087FDFC
:10C2A0000EC0853074F4082E000C990B9093D117B2
:10C2B0008093D0176BCD8091D0178F5FF0CF84E043
:10C2C000F2CF80E0F0CF8091D0179091D1170097F6
:10C2D00051F48091310F91E089278093310F81E0F3
:10C2E0008093CA1753CD8130910579F481E090E0B5
:10C2F00020912F0F3091300F232B11F090E080E030
:10C300009093300F80932F0FEACF8230910581F404
:10C310000E94C99B8091290F90912A0F01968770E6
:10C32000992790932A0F8093290F0E94979BD7CF2C
:10C33000039709F041C08091290F90912A0F00972F
:10C34000F9F480912B0F90912C0F009749F481E024
:10C3500090E090932C0F80932B0F0E94C99BBFCF2E
:10C360008130910519F482E090E0F3CF029719F43F
:10C3700083E090E0EECF10922C0F10922B0FEDCFB8
:10C380008530910549F480912B0F90912C0F892BCA
:10C3900051F390E080E0DDCF8630910551F480913B
:10C3A0002B0F90912C0F83309105E9F2029701F742
:10C3B000CECF079791F6F3CF80912D0F8F5F84300A
:10C3C00008F080E090E090932E0F80932D0F87CFA0
:10C3D0008091CA17882391F0CE018E589F4F0E94FA
:10C3E0003D9B46E050E064EC77E1CE018E589F4FD4
:10C3F0000E943CEB892B29F41092CA170E94BC5171
:10C40000C5CC1E861D868CE490E5A4E4B3E5898343
:10C410009A83AB83BC8381E090E09E838D8386E02A
:10C42000FE01EE58FF4FDE01179601900D928A959E
:10C43000E1F76CE070E0CE0101960E945B549E87AC
:10C440008D87DE0111967D0100E210E0A3961FAFFB
:10C450000EAFA397F70161917F01CE018F599F4FD6
:10C460000E94D9550F5F1F4F0E32110579F7F999C8
:10C47000FECFCE018F599F4F0E942155882309F48A
:10C48000BDCF46E050E0BE016E587F4FCE018F59C0
:10C490009F4F0E943CEB892B09F0B0CF86E0FE0154
:10C4A000EE58FF4FA4ECB7E101900D928A95E1F7A9
:10C4B000A3CF2430310509F0D4C03197E930F1051C
:10C4C00008F064CC8827E859FD418F4F0C94EAE9C5
:10C4D00071E271E280E280E2BDE2BDE2C6DEC6DE6C
:10C4E00087E28091D2179091D3179927029663E043
:10C4F00070E00E94B4E99093D3178093D21746CC92
:10C500008091D2179091D31799270196F0CF8091FF
:10C51000D2179091D317009791F48091320F909198
:10C52000330F9927019665E070E00E94B4E990937B
:10C53000330F8093320F81E08093CF1727CC019780
:10C54000A9F48091340F9091350F009749F001972D
:10C5500051F482E090E09093350F8093340FEBCF4D
:10C5600081E090E0F8CF90E080E0F5CF8091360F49
:10C5700091E089278093360FDECF8091CF178823F3
:10C5800009F43CCFCE018E589F4F0E947C9744E027
:10C5900050E06BEC77E1CE018E589F4F0E943CEB50
:10C5A000892B19F41092CF1729CF1C861B8683E4A0
:10C5B00092E5A4E4B3E589839A83AB83BC8381E0ED
:10C5C00090E09E838D83E6968CAD9DADAEADBFAD04
:10C5D000E6978F839887A987BA876AE070E0CE01D3
:10C5E00001960E945B549C878B87DE0111967D012A
:10C5F00000E310E0A3961FAF0EAFA397F701619180
:10C600007F01CE018F599F4F0E94D9550F5F1F4F59
:10C610000C33110579F7F999FECFCE018F599F4F51
:10C620000E94C454882309F4E9CE44E050E0BE01DE
:10C630006E587F4FCE018F599F4F0E943CEB892B44
:10C6400009F0DCCEE6968CAD9DADAEADBFADE69704
:10C650008093CB179093CC17A093CD17B093CE17A0
:10C66000A1CF2530310509F091CB3197E930F105A3
:10C6700008F08CCB8827E05CFC418F4F0C94EAE9F2
:10C6800049E349E358E358E385E385E3C6DEC6DEC4
:10C6900060E38091D917815087FD0EC0833074F418
:10C6A000082E000C990B9093DA178093D9176ECB54
:10C6B0008091D9178F5FF0CF82E0F2CF80E0F0CF8A
:10C6C0008091D9179091DA17009791F481E090E06A
:10C6D0002091370F3091380F232B11F090E080E03C
:10C6E0000E94405481E08093110F1092390F4ECB7D
:10C6F000019709F04BCB80915302843620F4865F7A
:10C700000E94F255EFCF8AE0FBCF8091110F882372
:10C7100009F474CEC258DF4FA881B981CE57D040FA
:10C720001D921C928091370FE3968FAFE397809113
:10C730005302E4968FAFE49744E050E06DE07FE071
:10C74000CE018E589F4F0E943CEB892B29F410920A
:10C75000110F1092390F52CE1C861B8689E593E586
:10C76000A4E4B3E589839A83AB83BC8381E090E042
:10C770009E838D83E6968CAD9DADAEADBFADE69745
:10C780008F839887A987BA876AE070E0CE01019607
:10C790000E945B549C878B87DE0111967D0100E42B
:10C7A00010E0A3961FAF0EAFA397F70161917F0131
:10C7B000CE018F599F4F0E94D9550F5F1F4F0C34E8
:10C7C000110579F7F999FECFCE018F599F4F0E943D
:10C7D0006754882361F044E050E0BE016E587F4FFB
:10C7E000CE018F599F4F0E943CEB892B21F081E0B5
:10C7F0008093390F03CEE6968CAD9DADAEADBFAD47
:10C80000E69780930D0F90930E0FA0930F0FB093A8
:10C81000100F9DCF8430910509F444C108F4D4C0B1
:10C82000059709F0D2CA8091D9179091DA1700972D
:10C8300009F074C168E778E180E00E94F89B80917C
:10C84000370F9091380F6EE678E1019711F064E6AA
:10C8500078E181E00E94F89B56C80E946AC6209148
:10C86000180F222309F12091160F3091170F621B28
:10C87000730B77FF19C080E00E94C5C488E19FE078
:10C880000E94DFBE8091150F882341F081E00E9455
:10C89000C5C482E797E10E945C5135C881E00E94DF
:10C8A000C5C481E697E1F7CF1092180F8091150F5C
:10C8B000811136C00E94AE2E882399F045E557E1DC
:10C8C00061E170E0CE018F599F4F0E94079640E1D1
:10C8D00050E060E270E0CE0101960E9452EB198AAE
:10C8E00011C047E457E161E170E0CE018F599F4FDD
:10C8F0000E9407964AE357E161E170E0CE0101969C
:10C900000E940796BE016F597F4F80E00E94FD9301
:10C91000BE016F5F7F4F81E00E94FD930C9483DC2A
:10C920008091130F9091140F892BB1F4CE018F5980
:10C930009F4F0E946F9F40E150E060E270E0CE01A7
:10C9400001960E9452EB45E050E064E377E1CE01AE
:10C9500001960E947BE6C3CFCE018F599F4F0E9464
:10C960006F9F40E150E060E270E0CE0101960E94CE
:10C9700052EB198A8091A014882321F280EA94E175
:10C98000DC010D900020E9F7CD01815A9441E0913E
:10C99000120F81319105B0F020EF280F2E1790F083
:10C9A000F0E0E056FB4EDE01119640E19F01205A77
:10C9B00034412817390708F0A5CF21912D93415014
:10C9C000A9F7A0CFE0E0ECCF8091D0179091D117DC
:10C9D000009791F464EE77E180E00E94F89B8091EB
:10C9E000310F60EE77E1811102C06BED77E181E0FC
:10C9F0000E94F89B0C9483DC8130910581F460EDFA
:10CA000077E180E00E94F89B80912F0F9091300F8A
:10CA100068EC77E1019759F361EC77E1E8CF823078
:10CA2000910591F469EB77E180E00E94F89BE09139
:10CA3000290FE83008F0E0E0F0E0EE0FFF1FED57BF
:10CA4000F84E65917491D3CF0397E1F462EB77E1EF
:10CA500080E00E94F89B8091290F90912A0F009707
:10CA600031F0059763E977E1039708F0C0CFE091D3
:10CA70002B0FE43008F0E2E0F0E0EE0FFF1FE95684
:10CA8000F84EDFCF67EA77E180E00E94F89BE09103
:10CA90002D0FE43008F0E0E0F0E0EE0FFF1FE1566C
:10CAA000F84ECFCF8091D2179091D3170097B9F459
:10CAB0008DE198E10E94D3C4E091320FF091330FE1
:10CAC00080EF97E1E53038F4FF27EE0FFF1FEE50BF
:10CAD000F84E859194910E94A0970C9483DC019765
:10CAE00079F482E098E10E94D3C4E091340FE330FE
:10CAF00008F0E0E0F0E0EE0FFF1FE450F84EE9CF61
:10CB000083E198E10E94D3C48091360F882319F005
:10CB100080E198E1E0CF8CE098E1DDCF0197C9F5A5
:10CB20006FE378E180E00E94F89B9091390F80914B
:10CB300053029923F1F01F928F938EE298E19F9315
:10CB40008F931F9281E18F93E1E0F0E0EC0FFD1FE6
:10CB5000FF93EF930E9430940FB6F894DEBF0FBEA0
:10CB6000CDBFBE016F5F7F4F81E00E94FD930C94AB
:10CB700083DC1F928F9387E298E19F938F931F929C
:10CB800081E18F9381E090E08C0F9D1F9F938F93A5
:10CB9000E1CF67E578E180E00E94F89B8091D817AB
:10CBA0002091F0173091F11781113BC0A901211597
:10CBB000310511F444EF57E18DB79EB74817590777
:10CBC00008F04FC0841B950B2115310511F424EF9B
:10CBD00037E14DB75EB72417350708F045C0421B53
:10CBE000530B9F938F935F934F938AE498E19F93A6
:10CBF0008F931F9281E18F93E1E0F0E0EC0FFD1F36
:10CC0000FF93EF930E943094BE016F5F7F4F81E0EE
:10CC10000E94FD930FB6F894DEBF0FBECDBF0C94FB
:10CC200083DCC9012115310511F484EF97E14091AE
:10CC3000D6175091D7174817590708F4AC016091DF
:10CC4000D4177091D5174617570758F4CA01DC015D
:10CC5000EC91E53A09F0B6CF019686179707B8F33D
:10CC6000B1CF90E080E0B0CF50E040E0BACFCE014D
:10CC700001960E945320CE0101960E94FF970C94CA
:10CC800083DC0E94D5A20C9483DC2036310508F0A9
:10CC900076C98FE28983A8014F5F5F4F60EA74E134
:10CCA000CE0102960E9449EB4FE550E0BE016F5F56
:10CCB0007F4F85E592E00E9470EB1092B4021092D3
:10CCC000F20E1092F10E1092F00E0E94259F97C85E
:10CCD00004E010E052CA05E010E04FCAFB01DC019D
:10CCE00004C08D910590801921F441505040C8F73F
:10CCF000881B990B0895FB01DC0102C005900D9281
:10CD000041505040D8F70895FB01DC018D9105900A
:10CD100080190110D9F3990B0895FC0105900020AA
:10CD2000E9F7809590958E0F9F1F0895FB01DC0118
:10CD30004150504030F08D910590801919F4002039
:10CD4000B9F7881B990B0895FB01DC014150504055
:10CD500048F005900D920020C9F701C01D92415086
:10CD60005040E0F708950F931F93CF93DF93CDB713
:10CD7000DEB72E970FB6F894DEBF0FBECDBF8C0185
:10CD8000FA018EE08C831A83098377FF02C060E08A
:10CD900070E8615071097E836D83A901BF01CE01E6
:10CDA00001960E94ECE64D815E8157FD0AC02F81FD
:10CDB0003885421753070CF49A01020F131FF8012C
:10CDC00010822E960FB6F894DEBF0FBECDBFDF9156
:10CDD000CF911F910F9108952F923F924F925F92A2
:10CDE0006F927F928F929F92AF92BF92CF92DF927B
:10CDF000EF92FF920F931F93CF93DF9300D000D059
:10CE000000D01F921F92CDB7DEB77C013B018A0193
:10CE1000FC0117821682838181FFDDC1CE0101965C
:10CE20005C01F7019381F30193FD859193FF81915B
:10CE30003F01882309F453C1853239F493FD85916C
:10CE400093FF81913F01853229F4B70190E00E9460
:10CE500004E9E7CF912C212C312CFFE1F31538F0B8
:10CE60008B3211F190F4803209F1833229F137FCD1
:10CE70003CC020ED280F2A3050F536FE20C08AE055
:10CE8000989E200D1124922E06C08D3291F0803391
:10CE900071F7689430F8F30193FD859193FF8191C8
:10CEA0003F018111DACF21C0689431F8689432F8DB
:10CEB000F2CF689433F8EFCF689434F8ECCFEAE01F
:10CEC0002E9E200D1124222E689435F8E4CF8E3248
:10CED00029F436FC04C1689436F8DDCF8C3619F499
:10CEE000689437F8D8CF8836B1F2982F9F7D955443
:10CEF0009330E0F08336A1F18337C1F1833509F037
:10CF000063C02801F2E04F0E511CF801C080D180AF
:10CF1000692D70E036FC02C06FEF7FEFC6010E9402
:10CF2000EEE84C01689437F882010AC00C5F1F4F8D
:10CF3000FFE3F98388248394912C6501E89437F802
:10CF400033FE2DC0522C8114910471F5552009F443
:10CF500068CFB70180E290E00E9404E95A94F6CFCE
:10CF6000F801808189830E5F1F4FE4CF2801F2E032
:10CF70004F0E511CF801C080D180692D70E036FC45
:10CF800002C06FEF7FEFC6010E94F9E84C018201F9
:10CF9000D5CFB70180E290E00E9404E92A942814DA
:10CFA000190409F0B0F7CECFF60137FC859137FEB2
:10CFB00081916F01B70190E00E9404E951105A94E9
:10CFC000F1E08F1A9108BFCF843619F0893609F045
:10CFD00077C0F80137FE6BC06081718182819381D7
:10CFE0000C5F1F4FF32DFF763F2E97FF09C09095E2
:10CFF0008095709561957F4F8F4F9F4F689437F85C
:10D000002AE030E0A5010E9434E9C82ECA188C2C11
:10D01000432C36FE0CC0E89440F8C91440F434FEAA
:10D0200005C032FC03C0F32DFE7E4F2E892C44FE3A
:10D03000AAC0FE01EC0DF11D8081803309F09CC077
:10D04000242D297E422E842D8870582E43FCAAC0A0
:10D0500040FEA4C09C2C821418F42C0C922C98181E
:10D0600044FEA6C0B70180E390E00E9404E942FEBE
:10D0700009C088E790E041FE02C088E590E0B70172
:10D080000E9404E9C91408F49FC0CA94D12C9FEFF0
:10D09000C91AD90ACA0CDB1CF60182916F01B701CB
:10D0A00090E00E9404E9AC14BD04B1F74FCF608159
:10D0B0007181072E000C880B990B0E5F1F4F92CFCA
:10D0C000D32CE894D4F82AE030E08537E1F1232D21
:10D0D000297FD22E8F36A9F1F0F4883551F1F7016E
:10D0E000868197812B960FB6F894DEBF0FBECDBF19
:10D0F000DF91CF911F910F91FF90EF90DF90CF9034
:10D10000BF90AF909F908F907F906F905F904F9067
:10D110003F902F900895803749F0883701F7D4FE6B
:10D1200002C06894D2F820E130E00DC06894D4F8D1
:10D13000F6CF34FE03C0822F8660D82E20E132E085
:10D1400002C028E030E0F801D7FE0FC06081718195
:10D15000828193810C5F1F4FA5010E9434E9C82E84
:10D16000CA183D2CE89437F852CF6081718190E065
:10D1700080E00E5F1F4FF0CF42FC02C0839463CF6C
:10D180008394839460CF842D867809F45CCFF6CFA6
:10D19000B70180E290E00E9404E983948214C0F316
:10D1A000512C5ECF522C5818821408F459CFF8CF66
:10D1B000842D867809F466CF8BE241FE80E247FC3D
:10D1C0008DE2B70190E05CCFB70180E390E00E9470
:10D1D00004E99A9457CF8FEF9FEF84CFFC0105901D
:10D1E000615070400110D8F7809590958E0F9F1F69
:10D1F0000895FC016150704001900110D8F78095AE
:10D2000090958E0F9F1F08950F931F93CF93DF93D9
:10D21000182F092FEB018B8181FD09C01FEF0FEF44
:10D22000812F902FDF91CF911F910F91089582FF51
:10D2300014C02E813F818C819D81281739073CF4D1
:10D24000E881F981CF0101969983888310838E81CB
:10D250009F8101969F838E83E3CFE885F985812F97
:10D260001995892BA1F3DACFFA01AA27283051F1B9
:10D27000203181F1E8946F936E7F6E5F7F4F8F4F07
:10D280009F4FAF4FB1E03ED0B4E03CD0670F781F66
:10D29000891F9A1FA11D680F791F8A1F911DA11D4B
:10D2A0006A0F711D811D911DA11D20D009F4689484
:10D2B0003F912AE0269F11243019305D3193DEF62C
:10D2C000CF010895462F4770405D4193B3E00FD0E2
:10D2D000C9F7F6CF462F4F70405D4A3318F0495DCD
:10D2E00031FD4052419302D0A9F7EACFB4E0A695B0
:10D2F0009795879577956795BA95C9F700976105D2
:10D30000710508959B01AC010A2E06945795479527
:10D3100037952795BA95C9F7620F731F841F951F1C
:10D32000A01D0895F999FECF92BD81BDF89A992765
:10D3300080B50895262FF999FECF1FBA92BD81BD01
:10D3400020BD0FB6F894FA9AF99A0FBE0196089587
:10D35000991B79E004C0991F961708F0961B881F47
:10D360007A95C9F780950895AA1BBB1B51E107C0A8
:10D37000AA1FBB1FA617B70710F0A61BB70B881F65
:10D38000991F5A95A9F780959095BC01CD010895F4
:10D39000A1E21A2EAA1BBB1BFD010DC0AA1FBB1FB9
:10D3A000EE1FFF1FA217B307E407F50720F0A21B2B
:10D3B000B30BE40BF50B661F771F881F991F1A9498
:10D3C00069F760957095809590959B01AC01BD01C2
:10D3D000CF010895EE0FFF1F881F8BBF0790F691B6
:10D3E000E02D1994A29FB001B39FC001A39F700DBF
:10D3F000811D1124911DB29F700D811D1124911D5D
:10D4000008950E94F2E9A59F900DB49F900DA49FEE
:10D41000800D911D11240895B7FF0C9401EA0E941C
:10D4200001EA821B930B0895DF93CF931F930F9311
:10D430009A9DF02D219FF00D8B9DF00D8A9DE02D82
:10D44000F10D039FF00D029FE00DF11D4E9DE00DCB
:10D45000F11D5E9DF00D4F9DF00D7F936F93BF9278
:10D46000AF925F934F93D5010E94F2E98B01AC011B
:10D47000D7010E94F2E9EB01E80FF91FD6010E94E3
:10D4800063EA2F913F91D6010E94F2E9C60FD71FA0
:10D49000E81FF91FAF91BF910E9463EA2F913F915E
:10D4A0000E94F2E9C60FD71FE81FF91FD6010E949C
:10D4B000F2E9E60FF71F9801BE01CF010F911F910E
:10D4C000CF91DF9108950E94F2E9460F571FC81FC0
:10D4D000D91F08F431960895689401C0E8948F929A
:10D4E0009F92CF93DF930E947AEADF91CF919F9032
:10D4F0008F90089588249924F401E401B0E49F9367
:10D50000AA279A158B049C04ED05FE05CF05D007CC
:10D51000A10798F4AD2FDC2FCF2FFE2FE92D982CEB
:10D52000892E982F872F762F652F542F432F322F38
:10D530002227B85031F7BF9127C01B2EBF91BB27C0
:10D54000220F331F441F551F661F771F881F991F07
:10D55000881C991CEE1FFF1FCC1FDD1FAA1FBB1FBD
:10D560008A149B04EC05FD05CE05DF05A007B10775
:10D5700048F08A189B08EC09FD09CE09DF09A00BC9
:10D58000B10B21601A94E1F62EF49401AF01BE01B3
:10D59000CD01000C0895002E083090F0982F872FB1
:10D5A000762F652F542F432F322F22270850F4CF88
:10D5B000220F331F441F551F661F771F881F991F97
:10D5C0000A95B2F7002D089597FD1094002E0830AB
:10D5D00098F00850232F342F452F562F672F782F80
:10D5E000892F912DF4CF1594979587957795679509
:10D5F00057954795379527950A95AAF71124002D39
:10D6000008952A0D3B1D4C1D5D1D6E1D7F1D801F45
:10D61000911F08950024A7FD00942A0F301D401D7E
:10D62000501D601D701D801D901D08952A193B0915
:10D630004C095D096E097F09800B910B08952A152D
:10D640003B054C055D056E057F0580079107089534
:10D650000024A7FD00942A173005400550056005F9
:10D6600070058005900508959111089581568A519D
:10D6700008F4805285580895FB01DC0104C08D91A7
:10D680000190801921F441505040C8F7881B990B34
:10D690000895FB01DC0102C001900D924150504001
:10D6A000D8F70895DC0101C06D9341505040E0F778
:10D6B0000895FB01DC018D91019080190110D9F3CF
:10D6C000990B0895FB01DC014150504030F08D91E1
:10D6D0000190801919F40020B9F7881B990B08955F
:10D6E000FB01DC014150504048F001900D920020B8
:10D6F000C9F701C01D9241505040E0F70895FC0168
:10D7000081E090E00190061609F4CF010020D1F7E6
:10D71000019708950F931F93CF93DF93CDB7DEB793
:10D720002E970FB6F894DEBF0FBECDBF0E891F89AE
:10D73000888D998D26E02C831A83098397FF02C078
:10D7400080E090E801979E838D83AE01445E5F4F39
:10D750006A8D7B8DCE0101960E94ECE64D815E8143
:10D7600057FD0AC02F813885421753070CF49A01E0
:10D77000020F131FF80110822E960FB6F894DEBF29
:10D780000FBECDBFDF91CF911F910F910895F894F7
:02D79000FFCFC9
:10D79200A00FA00F401F401F010214281428C81810
:10D7A200C81801010100010001000100010001018E
:10D7B2000100010001008001029C31649B0008010C
:10D7C20000010001FFF70386003501DF010000CFF1
:10D7D20002010100010001010100060044AC000049
:10D7E20000000050FF2F00000000000000000000B9
:10D7F2000000000000000000000000000000000027
:10D802000000000000000000000000000000000016
:10D812000000000000000000000000000000000006
:10D8220000000000000000000000000000000000F6
:10D8320000000000000000000000000000000000E6
:10D84200000000000046261109A30B451E220FC549
:10D852001D0D070D098B17C50B84190B06C2072E68
:10D8620014170A6F1514058406F4107A08050709BF
:10D8720006080A00000000271F241FB8134E194291
:10D8820013A818C01808090A0B0C000000000D03A9
:10D892000405060709310F2D0F290F250F210F1D32
:10D8A2000F190F150F110F0D0F090F050F010FFDA6
:10D8B2000E0000000203000001000000000AC58DF6
:10D8C200BEB813BABE257525632575200045584696
:04D8D20041540000BD
:00000001FF
