:100000000C94DD0C0C940E0D0C940E0D0C940E0D36
:100010000C940E0D0C940E0D0C940E0D0C940E0DF4
:100020000C940E0D0C940E0D0C94FB470C940E0DBD
:100030000C940E0D0C940E0D0C940E0D0C940E0DD4
:100040000C940E0D0C946B4C0C940E0D0C940E0D28
:100050000C940E0D0C940E0D0C940E0D0C94B7B662
:100060000C940E0D0C940E0D0C940E0D0C940E0DA4
:100070000C940E0D0C940E0D0C940E0D0C940E0D94
:100080000C94334D0C946D4A0C940E0D0C94CE4987
:100090000C940E0D0C940E0D0C940E0D0C940E0D74
:1000A0000C940E0D0C940E0D0C940E0D0C940E0D64
:1000B0000C940E0D0C940E0D0C940E0D0C94FB462E
:1000C0000C940E0D0C940E0D0C940E0D0C940E0D44
:1000D0000C940E0D0C940E0D0C940E0D0C940E0D34
:1000E0000C940E0D0C941B230C940FD40C94B0B0F4
:1000F0000C94E0650C9473D30C9471B00C94BC65B3
:100100000C94A3CE0C94634B0C94259A0C947AB067
:100110000C948C4B0C9422240C94D9220C947D9139
:100120000C944D150C946E4B0C94C8CE0C94862CEC
:100130000C94AECE0C9406130C948C2C0C94982C2E
:100140000C947FB00C94A7D40C948F2C0C947FD576
:100150000C9475B00C9454D10C94D5CE0C9487911A
:100160000C94C2D00C94CBCE0C94B4CE0C9403D18E
:100170000C94E9130C94A5920C94C8D00C945222C0
:100180000C940E990C944A920C94E8120C94492603
:100190000C9416D10C94C6D00C948D920C94922C85
:1001A0000C9452260C94952C0C949CCE0C94C51255
:1001B0000C945E990C94E5D10C9473910C947A2371
:1001C0000C945FB00C9467240C9483B00C94D34BC4
:1001D0000C9494990C947D2C0C94AAB40C94A113B7
:1001E0000C94832C0C94B81A0C943AB00C9487D5C8
:1001F0000C9428990C94CB130C943D4B0C94EF6504
:100200000C949BD00C948AD30C948A920C945D131A
:100210000C947BB00C94B8CC0C94E7230C943CD198
:100220000C94121A0C9463B00C942A1A0C944F2656
:100230000C9479220C9496220C9409910C94789148
:100240000C9478920C945E260C94B8C90C94F91214
:100250000C94D8250C94D8CE0C947B920C94B1CEEF
:100260000C94EE220C94BECE0C949B230C94812013
:100270000C94C1CE0C9429650C94CC230C94D71407
:100280000C94159A0C9457910C94B1CC0C9459B0D1
:100290000C9498D40C941B130C944FB00C94AED4C3
:1002A0000C94B1920C9490920C9467B00C94EC6501
:1002B0000C94E0230C9482D30C944CB00C9440B07A
:1002C0000C946E910C94814B0C94D2CE0C94C86516
:1002D0000C94324B0C94E4D40C94A6230C94C0D010
:1002E0000C944C260C9484200C9491910C948C9139
:1002F0000C94ACD50C9482910C94B7CE0C9448B06D
:100300000C946DB00C9444B00C94D2990C949ED083
:100310000C9455260C9455B00C94D4650C94999279
:100320000C94892C0C940F4C0C9470D554494D4569
:100330005220415247004241442054494D45520009
:10034000554E44455252554E004241442057415665
:100350000042414420524154450038424954204F04
:100360004E4C59004D4F4E4F204F4E4C590050436C
:100370004D204F4E4C59004E4F2044415441004EA9
:100380004F20464D54004241442052494646004EBB
:100390004F542057415645004E4F5420524946462F
:1003A00000494F204552524F52004F50454E204574
:1003B00052524F520042414420415247004F4B009D
:1003C00053442043415244204552524F5200494E1B
:1003D000534552542043415244004E4F5420494EFD
:1003E0004954004F4B00534420434152442045524E
:1003F000524F52004F4B004E414D4520544F4F201D
:100400004C4F4E470046494C45204F50454E2046E4
:1004100041494C004F4B0042414420504154480058
:1004200046494C4520435245415445204641494C9C
:10043000004F4B004241442050415448004F4B0074
:100440004E4F542044495200444952204641494CA1
:10045000004D4B444952204641494C004241442002
:100460004449524543544F5259004F4B0052454363
:10047000204E414D45532046554C4C004449522096
:100480004641494C0046494C45205245414420468E
:1004900041494C00424144204152470046494C45A5
:1004A000205752495445204641494C00424144207E
:1004B00041524700505245414C4C4F432046414920
:1004C0004C004F4B0046494C45205452554E43205A
:1004D0004641494C004F4B0046494C452053594E2C
:1004E00043204641494C0046494C45205345454B25
:1004F000204641494C0046494C452052454D4F56F7
:100500004520455252004F4B004241442050415437
:10051000480052454E414D45204641494C004F4B05
:100520000046494C452045584953545300424144E4
:100530002052454E414D4500574149542E2E2E0024
:1005400052454C4541534520414C4C004144433AAF
:10055000253475005741495420494E505554005098
:100560005245535320252D313073004544474520D3
:10057000524541440045444745204649464F0055B1
:100580004C2057414954003E08D3CEE5210000D30A
:10059000E47ED3E077237CFE1020F43A4BD4324B38
:1005A0000A3A4CD4321205214DD4110211010D002A
:1005B000EDB0E17CFED428122A0411D921001222C8
:1005C0000411CD2A00D3E4C39AE9CD2A00D3E4C3B1
:1005D00024010000000000000000000000000000F6
:1005E000003E08D3CECD3E07360197575FCD0803B6
:1005F000CDBE02D3E21AD3E01213CB6228F53EC37C
:10060000321F06215C112220062A08117D321205B4
:100610007C324B0A2A0A11220211CDF80401CF06BE
:10062000ED71D3E2DAAAE9210A11C308EDC53A1047
:1006300011EE0C32101101CF06ED79C1C9313938F4
:10064000371102E0F31AE62028FB137B121B01008E
:10065000041ACB6728FBE620B1074F7B13121B1A45
:10066000CB6720FBE620B1074F137B121B10E27112
:1006700023D90B79B0D920D64F04D9C31102E0F3A6
:100680001AE62028FB137B121BC50100041ACB6756
:1006900028FBE620B1074F7B13121B1ACB6720FB08
:1006A000E620B1074F137B121B10E271C10B2379B7
:1006B000B020D60601D9C31102E0DD2103E0AF3D31
:1006C00020FDF31AE62028FBDD360003C5010004F7
:1006D0001ACB6728FBE620B1074FDD3600021ACBA4
:1006E0006720FBE620B1074FDD36000310E271C141
:1006F0000B2379B020D600E1E93E08D3CE1102E009
:10070000DD2103E0AF3D20FDF31AE62028FBDD36B6
:100710000003C50100041ACB6728FBE620B1074F90
:10072000DD3600021ACB6720FBE620B1074FDD362D
:10073000000310E271C10B2379B020D6010001D96A
:10074000E1E93E08D3CECD3E07360197575FCD088D
:1007500003CDBE02D3E21AD3E01213CB6228F53EDA
:1007600008D3E01102E0F37B13121B1AE62028FBEA
:10077000137B121B0100041ACB6728FBE620B1078C
:100780004F7B13121B1ACB6720FBE620B1074F13D8
:100790007B121B10E27123D90B79B0D920D64F04FC
:1007A000D9C3554C205345454B00554C2053454526
:1007B0004B00554C20415247004D5A462053484F5C
:1007C0005254004D5A462052454144004D5A46204D
:1007D0004649464F004D5A46204C454E4754480026
:1007E0004D5A542053484F5254004D5A54205245AC
:1007F0004144004D5A5420484541444552004D5A09
:10080000462053484F5254004D5A462052454144C9
:10081000004D5A46204C454E475448004D5A5420EE
:1008200053484F5254004D5A542052454144004DB4
:100830005A5420484541444552000000000007FA40
:1008400000FA00F401F401C8180000C818000028DC
:10085000281414020000000001000000078800882E
:100860000015011501E72B0000E72B0000282814D4
:10087000140200000000020000000771007100CCAB
:1008800000CC001A3B00001A3B0000282814140278
:10089000000000000300010007F0000801D001EE95
:1008A00001F0550000F82A00002828141402000066
:1008B0000000040004000950005000A000A000C87F
:1008C0001800007C15000028281414020000000005
:1008D000050002000F70005000B000A000C8180012
:1008E000007C1500002828141402000000000600F7
:1008F00002000F70006000E000C000C81800007C1B
:10090000150000282814140200000000070002004F
:100910000F900070000001E000C81800007C150076
:1009200000282814140200000000080003000F70C3
:10093000007000CC00CC00C81800001A3B00002852
:100940002814140200000000090003000F9000901A
:100950000020012001C8180000E72B0000282814FF
:100960001402000000000A0000000770005000B0F0
:1009700000A000F82A00007C1500002828141402AA
:100980000000000054555242205345454B004D5A3B
:10099000462053544154450050574D20504950452E
:1009A000004D5A46205354415445004D5A37205269
:1009B0004546494C4C004D5A4620554E4445520040
:1009C000454447452046495253540054415020461F
:1009D00049464F00554E44455252554E00544150E1
:1009E000204649464F004D5A462053544152540028
:1009F000554C205354415254004D5A3720534545CD
:100A00004B00554C372041434B00554C3720415249
:100A10004D00554C2053484F525400554C205245E0
:100A2000414400554C205741495400554C205348EF
:100A30004F525400554C205245414400554C2041E2
:100A40005247004D5A3720524546494C4C00504CB5
:100A50004159204552524F5200400336032C035453
:100A6000494D455200000000001000800000AA001F
:100A7000389B71BD03B503AA03A10398038F0386B6
:100A8000037F0377036E0364035A0351034903573B
:100A90004156204552524F52004E4F20574156204A
:100AA000494E464F00454D50545920574156004538
:100AB0004D50545920454447450045444745204F33
:100AC00050454E004544474520415247004D5A4944
:100AD0003100313A3200313A3300313A3400544374
:100AE00000313A3200313A3300313A3400494300A0
:100AF000313A3300313A31004D5A37303000313A13
:100B00003400313A3300313A3200313A31004E4F3D
:100B1000524D414C00535045454400554C5F4D5A91
:100B200037303000554C5F4D5A38303000554C004E
:100B300054595045004C445220424C4F434B005BAB
:100B400096A59D9AB75D004D5A46205345454B00EA
:100B50004D5A46205345454B004D5A462054494D69
:100B600045004C445220484541444552004D5A46A8
:100B70002053484F5254004D5A46204F50454E0086
:100B80004D5A46204152470054415020524541445D
:100B90000054415020464C4147005441502054528B
:100BA000554E4300544150204C454E475448005444
:100BB0004150205245414400544150204C454E473D
:100BC000544800454D505459205441500054415010
:100BD000204F50454E005441502041524700424161
:100BE0004420464F524D41540054415020545255D8
:100BF0004E4300544150205245414400544150203E
:100C00004649464F0054415020524541440054410A
:100C100050205452554E4300544150204649464FAF
:100C20000054415020464C414700544150205452FA
:100C3000554E4300544150204C454E4754480054B3
:100C40004150204C454E4754480054415020524595
:100C5000414400544150204649464F0045444745D1
:100C6000204552524F52005041544820544F4F207B
:100C70004C4F4E470025732F524543253034752E77
:100C80004C45500025732F524543253034752E4C6A
:100C90003136004544474520575249544500535486
:100CA000414745204552524F520042414420544F43
:100CB0004B454E005041544348205752495445003B
:100CC0005041544348204C4F535400424144205417
:100CD0004F4B454E0042414420544F4B454E00423D
:100CE000414420544F4B454E005041544820544FEE
:100CF0004F204C4F4E470025732F5245432530342B
:100D0000752E4D5A46004D5A4620575249544500BB
:100D10004D5A4620434845434B53554D004D5A4686
:100D200020434845434B53554D00544320434845C9
:100D3000434B53554D005443204C4F4144455200C2
:100D40004D5A49310A545950453D54430A53504570
:100D500045443D313A340A004D5A49310A545950FC
:100D6000453D4E4F524D414C0A53504545443D314F
:100D70003A340A004D5A49310A545950453D4D5AAA
:100D80003730300A53504545443D313A310A004D21
:100D90005A49310A545950453D4E4F524D414C0A23
:100DA00053504545443D313A330A004D5A49310AC2
:100DB000545950453D4E4F524D414C0A53504545B4
:100DC000443D313A320A004D5A49310A545950458E
:100DD0003D54430A53504545443D313A320A004D93
:100DE0005A49310A545950453D54430A53504545D8
:100DF000443D313A330A004D5A49310A545950455D
:100E00003D49430A53504545443D313A320A004D6D
:100E10005A49310A545950453D49430A53504545B2
:100E2000443D313A330A004D5A49310A545950452C
:100E30003D49430A53504545443D313A340A004D3B
:100E40005A49310A545950453D4D5A3730300A53AA
:100E5000504545443D313A330A004D5A49310A5410
:100E60005950453D554C5F4D5A3730300A004D5A68
:100E700049310A545950453D554C5F4D5A38303030
:100E80000A004D5A49310A545950453D554C0A0003
:100E90004D5A49310A545950453D4E4F524D414CDF
:100EA0000A53504545443D313A310A0045525200FB
:100EB00050415500504C5900524459005443203180
:100EC0003A34004E524C20313A34004D5A372031DA
:100ED0003A31004E524C20313A33004E524C2031C0
:100EE0003A3200544320313A3200544320313A33ED
:100EF00000494320313A3200494320313A33004916
:100F00004320313A34004D5A3720313A33004E52A3
:100F10004C20313A3100434D5420313A3400434D96
:100F20005420313A3300434D5420313A3200434D7E
:100F30005420313A310053494E20313A340053495C
:100F40004E20313A330053494E20313A3200534952
:100F50004E20313A31000020202020202020202067
:100F600020202000202020202020202020202020A1
:100F70002020202020202021222324252627282944
:100F80002A2B2C2D2E2F3031323334353637383949
:100F90003A3B3C3D3E3F4041424344454647484939
:100FA0004A4B4C4D4E4F5051525354555657585929
:100FB0005A5B5C5D5E5F20202020202020202020C6
:100FC0002020202020202020202020202020202021
:100FD0002020202020202020202020202020202011
:100FE00020202020202020206520202074676820D9
:100FF00062786472706371617A77737569204F6B80
:1010000066762075426A6E20556D2020206F6C41F7
:101010006F612079202020202020202020202020E7
:1010200020202020202020202020202020202020C0
:1010300020202020202020202020202020202020B0
:1010400020202020202020202020202020202020A0
:10105000202020202020524543204552524F52004C
:101060004D5A4620535441525400505245414C4C25
:101070004F43204641494C004D5A4620435245417A
:1010800054450053442043415244204552524F524C
:101090000045444745205354415254005052454165
:1010A0004C4C4F43204641494C0045444745204362
:1010B0005245415445005344204341524420455237
:1010C000524F52005245432054494D4552204552FB
:1010D0005200505245414C4C4F43204641494C0030
:1010E00057415620435245415445204552520042F3
:1010F000414420524543205241544500534420432B
:10110000415244204552524F520052454320464FCF
:10111000524D4154005245432050415553450052D1
:10112000454320524553554D450025732F25735F88
:10113000253032752E4C45500025732F25735F25C1
:101140003032752E4D5A460025732F25735F25309A
:1011500032752E4C31360025732F25735F253032C2
:10116000752E5741560025732F25732E4C45500080
:1011700025732F25732E4D5A460025732F25732E68
:101180004C31360025732F25732E57415600574199
:101190005620434C4F53452045525200574156204C
:1011A00050414420455252005441494C2057524925
:1011B00054452045525200524543204F5645524611
:1011C0004C4F57004544474520434C4F534500453D
:1011D000444745204F564552464C4F5700900E000D
:1011E00000820E6E0E5A0E3F0E270E0F0EF70DDF09
:1011F0000DC70DAB0D8F0D740D580D400D4D5A469A
:1012000020434C4F5345004D5A46205752495445B0
:10121000004D5A4620494E434F4D504C45544500D1
:101220004D5A46204445434F4445004D5A462053AD
:1012300045454B004D5A46204F564552464C4F5758
:101240000045444745204F564552464C4F570050A5
:1012500041544820544F4F204C4F4E470025732F88
:10126000524543253034752E57415600574156207C
:10127000484541444552204552520057415620545A
:101280004F4F204249470057415620575249544535
:101290002045525200444952204641494C004E4F8D
:1012A00020454E545259004F4B0053442043415265
:1012B00044204552524F5200494E53455254204308
:1012C000415244004F4B00454D505459004F4B0084
:1012D0004E4F20454E54525900504C4541534520E5
:1012E0005741495400534420494E4954004F4B0044
:1012F0004E4F20454E5452590042414420415247DE
:10130000004E4F20454E545259004E4F20454E54EA
:101310005259002E2E2F00484C4800554C004633A1
:10132000480046334C0054430049430049434C00B5
:101330005537480055374C00484C4C004E4C48003F
:101340004E4C4C00B80EB40EB00EAC0E25732025DA
:101350003032753A253032752F253032753A2530C6
:1013600032750025732020202020202020253033B6
:101370007525252000257320252D3373202020205E
:1013800025303375252520005041555345440055DF
:101390004E535550504F525445440045525220250B
:1013A0002E31327300554E4B4E4F574E000E0F00EC
:1013B00000000000000000060FFF0EF80EF10EEA1C
:1013C0000EE30EDB0ED30ECB0EC30EBC0E00004E92
:1013D0000F460F3E0F360F2E0F260F1E0F160F3221
:1013E000326B0034346B00524543005356442000A6
:1013F000524543204552524F5200524543204341EB
:101400004E43454C4C45440046494C452044454CD0
:101410004554454400504C4541534520574149549B
:10142000005741495400534156494E47200050410E
:1014300055202530326C753A2530326C7500524596
:1014400043202530326C753A2530326C750050419E
:10145000555345442020202020202020204D005797
:10146000414954205349474E414C002054430020E9
:10147000494300204D5A3730300020554C204D5AFA
:101480003730300020554C204D5A38303000205530
:101490004C00204155544F00204E4F524D414C00BE
:1014A00020313A340020313A330020313A320020E2
:1014B000313A310020323530302042640020323160
:1014C0003030204264002031383030204264002027
:1014D00031343030204264004D5A46004C45502093
:1014E00035307573004C31362031367573005741F5
:1014F000562032326B487A005741562034346B48BC
:101500007A004D414E55414C004155544F004D4FCE
:10151000544F520052454C4541534520414C4C00DC
:1015200043414C204E4F4E450053415645440043E5
:10153000414C4942524154494F4E004E4F54205362
:101540004156454400454550524F4D204552524F5B
:1015500052005553494E472044454641554C54008E
:1015600043414C20494E56414C494400504C41594E
:10157000005245434F52440053544F500052455778
:10158000494E4400464657440043414C494252416B
:1015900054494F4E004B4559504144002F5245434A
:1015A0004F5244494E475300494E534552542043ED
:1015B00041524400494E5345525420434152440045
:1015C0005041544820544F4F204C4F4E47004649FD
:1015D0004C452053454C4543544544004E414D45F0
:1015E00020544F4F204C4F4E4700454D50545920EA
:1015F000444952002E544150002E574156002E4C63
:101600003136002E4C4550002E4D3132002E4D5AB1
:1016100054002E4D5A460052454320464F524D41EC
:101620005400454D505459005245434F52443D5289
:10163000455452590053442043415244204552528C
:101640004F5200494E534552542043415244005298
:1016500045434F52443D52455452592020202000CA
:10166000202020202020202020202020202020207A
:1016700000981492148E1484147A1473146F146BDB
:1016800014202D2D00AF14AA14A514A014CF14C635
:1016900014BD14B4143E54415020535045454400E9
:1016A0003E5350454544003E4C4F41444552002076
:1016B0004D4F544F5200204D414E55414C003E502D
:1016C0004C4159204354524C00204F464600204F75
:1016D0004E003E57415620494E56455254003F0059
:1016E000F814EE14E514DC14D8140E1509150215BF
:1016F0003E524543204D4F4445004F4646004F4E15
:10170000003E4155544F4E414D45003E5245432009
:10171000545950450020253375252500253375255E
:101720002520454550524F4D20455252003E4241E2
:10173000434B4C494748540052414D202575204D9C
:10174000494E25750041424F55542076302E39625E
:101750000020494E5445524E414C002045585445B6
:10176000524E414C003E434D5420534F5552434539
:101770000000002100240027002A002D0030003343
:101780000001010000040107010A010000220025F8
:101790000028002B002E003100340002010000055B
:1017A0000108010B01F0F0F0F3F0F5F0F0F0F0F0CB
:1017B000F0F0F0F0F0F0C1C2C3C4C5C6F0F0F0F034
:1017C000F0F0F0F0F0006162636465666768696B71
:1017D0006A2F2A2E2D202122232425262728294F2F
:1017E0002C512B5749550102030405060708090A25
:1017F0000B0C0D0E0F101112131415161718191AC1
:101800005259545045C7C8C9CACBCCCDCECFDFE75B
:10181000E8E9EAECEDD0D1D2D3D4D5D6D7D8D9DA0D
:10182000DBDCDDDEC080BD9DB1B5B9B49EB2B6BA19
:10183000BE9FB3B7BBBFA385A4A5A69487889C828F
:10184000988492908391819A97939589A1AF8B8682
:1018500096A2ABAA8A8EB0AD8DA7A8A98F8CAEAC8C
:101860009BA099BCB8403B3A703C715A3D43563FEF
:101870001E4A1C5D3E5C1F5F5E377B7F367A7E337F
:101880004B4C1D6C5B7841353474303875394D6F75
:101890006E3277767273477C53314E6D48467D4485
:1018A0001B587942604D5A46204552524F52004EC5
:1018B0004F20454E545259004F4B00444952204648
:1018C00041494C004E4F5420444952000000200032
:1018D0002300260029002C002F0032000001000008
:1018E00003010601090105050505070508080808A3
:1018F000020202020A0A08080404040401010101A8
:1019000001010101030303030303030304070707A2
:101910000C0C0C0C0C0C0C0C020202020606060647
:10192000060606060B0B0B0B0B0B0B0B0102102014
:101930002008081020401020408002010201080405
:101940000201010204081020408080402010080499
:1019500002018004020180402010080402010804F2
:101960000201010204081020408001020408102036
:10197000408000000A0B02090C0D0E080703040149
:101980000000000000000000000000000000000057
:101990000000000000000000000000000000121124
:1019A0001000000000000000000000000000000027
:1019B0000000000000000000B8C911241FBECFEFD6
:1019C000D1E2DEBFCDBF00E00CBF13E0A0E0B2E08B
:1019D000E0E5FBEB01E00BBF02C007900D92AA31DE
:1019E000B107D9F727E1AAE1B3E001C01D92A738FA
:1019F000B207E1F71CE0CDEDDCE000E006C0219786
:101A00000109802FFE010E9406DCCC3DD10780E059
:101A10000807A9F70E9408CA0C94A6DD0C940000E0
:101A20008091CB0491E089278093CB041092CC0461
:101A30001092A5031092A4031092A0031092A10388
:101A40001092A2031092A30310929F0310929E0380
:101A500010929D0310929C0310929B0308958F9205
:101A60009F92AF92BF92CF92DF92EF92FF92CF936D
:101A7000DF939091D104292F30E0F901E652FB4F1A
:101A80004081411165C0A901440F551FDA01A55BD2
:101A9000B04FCD91DC9111978090D6049090D704EF
:101AA000A090D804B090D904750164016FEFC61AF4
:101AB000D60AE60AF60ABE016F5F7F4F2097F9F457
:101AC000220F331F220F331FF901E855FC4F80828C
:101AD0009182A282B38291113DC021E030E0309327
:101AE0004C0F20934B0F8093290DC092D604D092B7
:101AF000D704E092D804F092D90481E01EC029E214
:101B00003DE0992311F02BE831E1455B504FDA01BC
:101B10006D937C93C20FD31F8883C092D604D0925A
:101B2000D704E092D804F092D90481E061157240A4
:101B300021F4808398279093D104DF91CF91FF9077
:101B4000EF90DF90CF90BF90AF909F908F900895CF
:101B500080E0F3CF21E030E02D933C9380938B1114
:101B6000C4CF2091290230912A028217930710F0E6
:101B700090E080E010922001109221012091290232
:101B800030912A02215031093093290120932801F4
:101B9000909325018093240182E08ABB8091730099
:101BA0008260809373008091280288608093210175
:101BB00008952091910330919203409191035091A7
:101BC00092036091930370919403461B570B4F3F10
:101BD000574069F0F901F770EA5DFA4F80832F5F93
:101BE0003F4F309392032093910381E0089580E06A
:101BF000089580919603882349F08295807F0E9402
:101C0000D90D882321F010929603089581E008955C
:101C100082E08ABB0E94F90D811102C080E0089524
:101C200082E00E94D90D8823C9F391E09093970335
:101C30000895CF93DF93EC01D19910C080912401D6
:101C40009091250199838883109225011092240197
:101C500082E08ABB81E0DF91CF9108950E94080E57
:101C60008823C9F3EBCFCF9320919703C091C90488
:101C700030919503830F911D37FD9A95222309F426
:101C80006BC0CC2309F44AC09C012E5F3F4F37FD47
:101C90000DC03695279536952795A9014F5F5F4F63
:101CA0004138510530F080E0CF9108952FEF3FEF9C
:101CB000F4CF2F3F320779F1A901440F551F440F8C
:101CC000551F841B8093950340919103509192037B
:101CD0008091930390919403841B950B8150984FAE
:101CE000029708F38091910390919203FC01F770A1
:101CF000EA5DFA4F33E03083FC013196F770EA5D1C
:101D0000FA4F20830296909392038093910310924E
:101D1000970381E0C9CF4CEF5FEFD3CFAC014E5CAE
:101D20005F4F57FD14C030E020E04436510544F0C9
:101D3000445651092F5F3F4F20383105B1F7B3CFDB
:101D400064E6629FA001639F500D1124BACF2FEF6C
:101D50003FEF4CE95FEFB5CF1816190614F081E09C
:101D600090E09C01CC2309F445C02E5F3F4F36958F
:101D700027953695279521153105C9F1203831056C
:101D800008F091CFC22F220F220F821B8093950360
:101D9000C03108F445C00E94F90D882309F483CFAF
:101DA00040919103509192032091930330919403B9
:101DB000241B350B2150384F2230310508F473CFE6
:101DC0002091910330919203F901F770EA5DFA4F87
:101DD00091E09083F9013196F770EA5DFA4FC08384
:101DE0002E5F3F4F30939203209391035DCF21E00C
:101DF00030E0C8CF2E5C3F4F2436310530F02456FA
:101E00003109CF5FC038C1F74ECFC11101C0C1E069
:101E100024E6C29F80191124B9CFC093960379CFCD
:101E2000809196038823C9F340E1849FC001112467
:101E30008C2B0E94D90D882309F435CF109296037C
:101E400033CF9FB7F894809190039FBF90E008959F
:101E50009093740380937303109272031092710332
:101E600060936A0340931E026093700380E880933E
:101E7000260281E090E090931D0280931C028AE488
:101E800096E0611102C080EC9FE09093690380931B
:101E9000680308958091700390912602892329F0A8
:101EA00080916403909165030895809166039091F9
:101EB00067030895009711F481E090E020919A0063
:101EC00030919B00820F931F90939B0080939A0008
:101ED00008958091830390918403892BB9F08091B8
:101EE00083039091840301979093840380938303E9
:101EF00080912002909121029093800380937F0330
:101F000080E69AEE0E945A0F81E008958091810345
:101F100090918203892BD1F080918103909182036B
:101F2000109282031092810380322EE4920749F4CA
:101F300020912402309125023093800320937F0367
:101F4000E1CF2091220230912302F6CF109280033C
:101F500010927F0380E00895009711F481E090E0F3
:101F60002091940030919500820F931F90939B00D5
:101F700080939A0008954FB7F89420918E03309182
:101F80008F0380918C0390918D034FBF821B930B25
:101F900008950F931F93409185035091860360919C
:101FA000870370918803B0E0A0E08A019B0100954F
:101FB000109520953095081719072A073B0770F4EC
:101FC0008FEF9FEFDC018093850390938603A093AE
:101FD0008703B09388031F910F910895840F951F75
:101FE000A61FB71FF0CFCF92DF92EF92FF920F9311
:101FF0001F93C0907503D0907603E0907703F09024
:102000007803970186010095109520953095061765
:1020100017072807390790F48FEF9FEFDC018093B3
:10202000750390937603A0937703B09378031F9181
:102030000F91FF90EF90DF90CF900895DC01CB01DE
:102040008C0D9D1DAE1DBF1DEACFE82F8BEF8E0FAF
:10205000833048F4E550FF0BEE0FFF1FE75AF54FB2
:102060008591949108958FE59AE008958091921357
:10207000909193138B30910529F00C9731F487EEF2
:102080009BE208958AE19BE308958CE795E108952A
:102090008091000181FD03C081E08093FA0F0895D3
:1020A0009093FD0F8093FC0F1092300310922F033A
:1020B00010922E0310922D031092250310922603E6
:1020C00010922703109228031092240310922303E6
:1020D0001092220310922B0310922A031092EE0FFB
:1020E0001092ED0F1092EC0F1092FB0F1092FA0F5E
:1020F0001092F90F1092F80F1092F70F1092F60F3E
:102100001092F40F1092F30F1092F20F1092EF0F43
:10211000019711F410922C0308952091FC0F309137
:10212000FD0F23303105C1F52091921330919313A7
:102130002930310599F040F426503109223031051B
:1021400050F420E03AE00CC02B30310511F148F199
:102150002C303105D9F020E03BE002C020E03EE029
:10216000FC01318320838091FC0F9091FD0F039738
:1021700061F580919213909193138A30910551F1FA
:1021800098F40997C9F080E09AE018C020E032E1A5
:10219000E7CF20EC3CE0E4CF20910402309105022F
:1021A000DFCF20E030E1DCCF8B30910559F00C9788
:1021B00051F780E092E102C080E09CE0FB01918356
:1021C0008083089580EC9CE0F9CF80910602909185
:1021D0000702F4CF80E09EE0F1CF2091FC0F309118
:1021E000FD0F2330310581F5209192133091931327
:1021F0002A30310519F1F8F4265031092230310521
:1022000000F120E037E0FC01318320838091FC0F56
:102210009091FD0F039741F5809192139091931344
:102220008C309105B0F48A30910518F50997B1F01A
:1022300080E095E015C02C30310519F720E039E039
:10224000E2CF20E035E0DFCF2091000230910102A3
:10225000DACF0C9769F780E099E002C080E096E061
:10226000FB01918380830895809102029091030283
:10227000F7CF80E097E0F4CF4FB7F8942091580360
:102280003091590380915603909157034FBF821BA1
:10229000930B0895E0E9F0E080818F7C8083E1E793
:1022A000F0E080818B7F808308955B9A0895809110
:1022B0008B13882359F02091921330919313285057
:1022C000310981E02330310508F080E008958091E4
:1022D0008B13882359F02091921330919313265039
:1022E000310981E02230310508F080E008958091C5
:1022F0008B13882359F0209192133091931324501B
:10230000310981E02230310508F080E008958091A4
:102310008B13882359F020919213309193132350FB
:10232000310981E02330310508F080E008958823E9
:1023300011F0749A089574980895EFE9F3E180E03C
:102340009191992311F09D3059F4E82FF0E0E15676
:10235000FC4E882349F09291903231F48150F9CFAC
:102360008F5F813169F7F1CF08959C012B503109BE
:1023700081E02330310508F080E0089580918B13CF
:10238000882389F02091921330919313A90148502A
:1023900051094330510538F0C9010E94B51181112E
:1023A00002C00C946711089580918B13882331F03B
:1023B00080919213909193130C94B51180E008953D
:1023C0004F925F926F927F928F929F92AF92BF9245
:1023D000CF92DF92EF92FF92CF93DF93EC012A012D
:1023E0003B0180910F0290911002C130D10549F05C
:1023F00080910D0290910E02C330D10511F40E941C
:1024000036106C01F12CE12C64E170E0C130D10593
:1024100011F468E270E04B01B12CA12C880C991CDE
:10242000AA1CBB1CA9E0B0E0A30192010E941DDC24
:102430006C5E7F4F8F4F9F4FC60ED71EE81EF91E52
:102440000E94D411882329F0229722E630E02297B7
:1024500010F022E030E0C80CD91CEA1CFB1CC701BC
:10246000B601620F731F811D911DDF91CF91FF9007
:10247000EF90DF90CF90BF90AF909F908F907F9024
:102480006F905F904F9008952F923F924F925F927E
:102490006F927F928F929F92AF92BF92CF92DF9274
:1024A000EF92FF920F931F93CF93DF93CDB7DEB7D9
:1024B00065970FB6F894DEBF0FBECDBF9C838B83AC
:1024C0007A8369833A01098B1A8B2B8B3C8BAD8AFB
:1024D00000910F021091100258E2A52EB12C019725
:1024E00061F00B811C810330110509F049C00E9485
:1024F00036108C0144E1A42EB12C980150E040E04C
:102500002D833E834F835887C501B0E0A0E0280F9C
:10251000391F4A1F5B1F29873A874B875C87280F23
:10252000391F4A1F5B1F2D873E874F87588B190124
:102530002A0132E0230E311C411C511CA9E0B0E0FD
:102540009601A7010E941DDCAB01BC01E981FA8163
:102550003197ED30F10508F03CC18827ED54FD4E70
:102560008F4F0C9406DCC512E812F91206131B13E8
:102570001B131B135D135D135D13A113E913CB1321
:1025800000910D0210910E02B5CFB80166197709BE
:102590006016710610F070E060E090E080E06596F3
:1025A0000FB6F894DEBF0FBECDBFDF91CF911F9164
:1025B0000F91FF90EF90DF90CF90BF90AF909F90E2
:1025C0008F907F906F905F904F903F902F900895E5
:1025D0006A147B0458F4A618B7086D817E818F8138
:1025E00098856A0D7B1D811D911DD9CFB12CA12C21
:1025F000F4CF6A147B0438F4A618B70869857A8585
:102600008B859C85EECFB12CA12CF8CF82E090E099
:102610008619970942E06416710410F090E080E09A
:102620000D851E852F853889080F191F211D311D25
:10263000C901B801B4CF4601570129893A894B89AC
:102640005C89281539054A055B0510F449015A01D2
:10265000A9E0B0E0A50194010E941DDC29813A8126
:102660002650310922303105F0F489288A288B2838
:10267000D1F0AB01BC01495051096109710989814F
:102680009A810697A9F428E030E00D89201B3109D2
:10269000C901B0E0A0E08A019B01080F191F2A1FA1
:1026A0003B1FC901B801620D731D841D951D77CFB5
:1026B00088E090E0A0E0B0E0EECF72016101C40ECE
:1026C000D51EE61EF71E482D12E0181508F442E04C
:1026D00050E09A01A9E0B0E00E940EDC29813A8125
:1026E0002950310922303105C0F48820B1F09A0117
:1026F000215031090E940EDC29813A8129303105AF
:10270000D1F438E0832E912C0D89801A9108B12CD8
:10271000A12C680D791D8A1D9B1D633171058105F2
:10272000910520F062E170E080E090E06C0D7D1D8D
:102730008E1D9F1D34CF28E0822E912CA12CB12C10
:10274000E8CF6A017B0112E1C10ED11CE11CF11C32
:102750000E94D4118823C9F08B819C810297029733
:10276000A0F482E690E06816790690F4861997093D
:10277000C20CD31CE41CF51CA7019601280F391FBD
:10278000411D511DCA01B9010ACF82E090E0EBCF93
:1027900090E080E0EDCFA601B7018B819C8165962A
:1027A0000FB6F894DEBF0FBECDBFDF91CF911F9162
:1027B0000F91FF90EF90DF90CF90BF90AF909F90E0
:1027C0008F907F906F905F904F903F902F900C94E0
:1027D000E01160E070E0CB01E2CE0E94D4118823CA
:1027E00059F02091FC0F3091FD0F2250310981E00A
:1027F0002230310508F080E0089580918B13882302
:10280000A1F080919213909193139C01285031096B
:102810002330310548F00E94B511811105C00E9496
:10282000671191E08927089580E00895282F30E00E
:102830009091E60F992339F01092E40F1092E30F74
:10284000922F882708958C3490F02B54310940E260
:1028500053E0249FC001259F900D349F900D1124BB
:102860009093E40F8093E30F80E69AEE0895109220
:10287000E40F1092E30F40E253E0249FC001259F34
:10288000900D349F900D112408954FB7F894209126
:10289000EA0F3091EB0F8091E80F9091E90F4FBF55
:1028A000821B930B0895FC01608171818281938169
:1028B00008950F931F93F801A0911B14B0911C145D
:1028C000AB2B19F590931C1480931B1460931D146B
:1028D00020931E1430931F144093201450932114FE
:1028E00082899389909323148093221484899589F3
:1028F00090932514809324148481958190932714B8
:10290000809326148689809328141F910F9108952F
:10291000CF92DF92EF92FF926B01F12CE12C33E02A
:10292000CC0CDD1CEE1CFF1C3A95D1F7DC01129695
:10293000ED91FC91309791F1AF0170E060E0D7012B
:10294000C601880F991FAA1FBB1F84179507A607EA
:10295000B70720F19F01A3E0B0E00E940EDC6C15E8
:102960007D058E059F05D0F0A4E1B0E0A70196019A
:102970000E941DDC6B017C019F01ADE1B0E00E9473
:102980000EDC21E0C616D706E806F90608F420E0BA
:10299000822FFF90EF90DF90CF9008952FEFF8CF28
:1029A0009FB7F894809155039FBF90E00895AF9230
:1029B000BF92CF92DF92EF92FF920F931F93DC01B1
:1029C000DC96ED91FC91DD97309731F1808140E00C
:1029D00050E0BA0183FF0CC0408D518D628D738D24
:1029E00080899189A289B389481B590B6A0B7B0B9B
:1029F0004115B0E85B076105710520F04FEF5FE717
:102A000060E070E0CA011F910F91FF90EF90DF909E
:102A1000CF90BF90AF900895DE96ED91FC9180E04D
:102A200090E0309781F384A583FF23C02085318512
:102A3000428553856485758586859785A080B1809C
:102A4000C280D380E480F580068117810E9432DD48
:102A5000F22FE32F2F3F3F474105510561057105D7
:102A60008105910519F010F0FFEFEFE78F2F9E2FF2
:102A7000CACF20E030E040E050E060E070E080E06D
:102A800090E0E6CF9091A910662321F0892B8093E6
:102A9000A910089580958923FACF90E080E00895E9
:102AA0005B9A81E080931102089580FF05C0749ABB
:102AB00081E080937B140895749810927B1408959C
:102AC000982F8091E50F811105C081E019162CF037
:102AD00080E003C081E01916DCF30C945515EF92E9
:102AE000FF920F931F93CF93DF93DC01892B49F45F
:102AF00090E080E0DF91CF911F910F91FF90EF90D8
:102B0000089580918B13882399F3409196135091E7
:102B100097136417750760F3009192131091931344
:102B2000C8010197029708F0C4C00230110509F0EE
:102B3000BBC08091941390919513480F591F8DEE4F
:102B40008C9383E711968C93119712964C9312975E
:102B500013965C93139781E314968C931497CA0190
:102B6000429615968C93159716969C93169787E028
:102B700090E0E9EFF6E0ED01C80FD91F2DEF36E048
:102B80006491699331962E173F07D1F79C012C5F12
:102B90003F4F60919213709193136230710581F4ED
:102BA000EFE5F7E0ED01C20FD31F23E637E06491B4
:102BB000699331962E173F07D1F79C01285F3F4F4D
:102BC000ED01C20FD31F81E088839091981380910B
:102BD0009913F9013196EA0FFB1F9083818381E2FB
:102BE0008B8390919A1380919B13F9013496EA0F8D
:102BF000FB1F9083818381E18E8390919C13809150
:102C00009D13F9013796EA0FFB1F9083818385EDB1
:102C1000898787EBE82E86E0F82EC9010A968A0F8D
:102C20009B1F66EF76E0F7011491FC011193CF0131
:102C3000FFEFEF1AFF0A6E157F05A9F789EDFE0178
:102C4000E75BFF4F808391E031969083319610824D
:102C5000319690833196808331961082B901605B02
:102C60007F4F81EE319680838091921390919313E0
:102C7000029799F46A0F7B1F8DEEFB018083CF5A78
:102C8000DF4F8BE78883F901EE5AFF4FEA0FFB1FF6
:102C900040835183B9016C5A7F4FCB010196A60F37
:102CA000B71F29EE2C9326CF50E040E090E080E063
:102CB00060CF0330110509F0D6C080918F138111C8
:102CC00040C0E2E4F7E0CD014D96ED012491299357
:102CD00031968C179D07D1F781E05D968C935D97B7
:102CE00090919813809199135E969C935E975F964E
:102CF0008C935F9781E290968C93909790919A1322
:102D000080919B1391969C93919792968C93929716
:102D1000ECE7F6E0ED01A396CD01825A9F4F249196
:102D2000299331968C179D07D1F730919C132091F0
:102D30009D13FC013083A15ABF4F2C9380E690E095
:102D4000D9CE91E29C938DE111968C93119781E1FC
:102D500012968C93129713968C93139714961C9239
:102D6000149780EC15968C93159785ED16968C9399
:102D7000169721E017962C93179783E518968C9356
:102D8000189719961C9219978DEE1A968C931A978C
:102D900080EB1B968C931B9789EC1C968C931C974D
:102DA0005EE31D965C931D9748E01E964C931E971C
:102DB00033ED1F963C931F978EEC50968C93509753
:102DC0008DEC51968C93519752965C93529757E0A5
:102DD00053965C93539754968C93549755964C9373
:102DE000559743E056964C93569757968C93579722
:102DF0008EEB58968C93589782E059968C935997FE
:102E00005A963C935A9780EE5B968C935B975C96B0
:102E10002C935C9720919813809199135D962C9335
:102E20005D975E968C935E9789ED5F968C935F9726
:102E300090969C93909790919A1380919B13919662
:102E40009C93919792968C939297E1E4F6E0ED0132
:102E5000A396CD01825A9F4F2491299331968C17C6
:102E60009D07D1F762CFC8010897039760F4E1EEA0
:102E7000F5E0CD01805A9F4F24912D9331968A170A
:102E80009B07D1F75BCFED01C8010E94B5118823E4
:102E900009F447C0E7E8F5E0DE01CE01865A9F4F0E
:102EA00024912D9331968A179B07D1F78091921325
:102EB000909193138C30910581F10D9781F586E106
:102EC000FE01E55BFF4F8083319680919E138083E6
:102ED00090919813809199133196908331968083C5
:102EE00090919A1380919B133196908331968083B1
:102EF00090919C1380919D1331969083319680839D
:102F0000DE01AD5ABF4F97E0E6EBF3E101900D9281
:102F10009A95E1F78AE590E0EDCD89E2D1CF8BE19A
:102F2000CFCF045011090230110508F091C00E9462
:102F30009D11209194133091951340919A135091C3
:102F40009B1361E54115504108F463E5620F732F4F
:102F5000711D9EE3988396E199839DEC9A8392E19B
:102F60009B831C8291E19D836E837F839FED988775
:102F700020919A1330919B1309E010E02115304104
:102F800030F493ED998790EE9A870BE010E0DE0124
:102F9000A00FB11F91E09C934091981390919913C9
:102FA000F8013196EC0FFD1F4083918399ED139644
:102FB0009C93139791E214969C93149740919A13C3
:102FC00090919B13F8013596EC0FFD1F4083918380
:102FD00023E637E0A801495F5F4F4C0F5D1F61EAB0
:102FE00077E0F9019491FA019193AF012F5F3F4F80
:102FF00062177307B1F7AB5BBF4F93EC9C934091A3
:103000009C1390919D13F801EA5BFF4FEC0FFD1F9D
:1030100040839183085B1F4FE82EF12CA7016FE9D5
:1030200073E1CE01800F911F0E9465DD98012E0D86
:103030003F1DC20FD31F8DE088838091961390911E
:1030400097132F5F3F4F2817390709F051CD52CD05
:1030500081E08883909198138091991399838A8352
:1030600081E28B8390919A1380919B139C838D8333
:1030700081E18E8390919C1380919D139F8388871B
:1030800085ED89878091921390919313DE011A96B2
:10309000EDEFF6E00297D1F484918D93319687E0BD
:1030A000E134F807C9F7FE01E25BFF4F8DEE808344
:1030B00031968BE780833196108231961082CE5AFA
:1030C000DF4F89EE888383E590E014CD84918D9362
:1030D000319697E0E234F907C9F78FE490E00ACD22
:1030E000CF93DF93CDB7DEB72E970FB6F894DEBF40
:1030F0000FBECDBF2FEF260F283628F5883021E1EF
:10310000920759F5FE0133968CE0DF011D928A95F6
:10311000E9F783EC898388E08A8381E18B83DE0190
:103120001196AE01415F5F4F2D9190E080E08D30B0
:10313000910569F1FC01EB55F84E3491231327C03A
:10314000E4912E1751F180E02E960FB6F894DEBF71
:103150000FBECDBFDF91CF9108958115904C99F7A7
:1031600081E2898388E08A8381E18B838C831D825D
:1031700080EC8E8391E09F83688719869DEE9A8705
:1031800090EB9B8793EC9C871D868E87C8CF01961A
:10319000811531E0930759F6D6CF4A175B0709F03E
:1031A000C3CF81E0D1CFCF92DF92EF92FF920F9306
:1031B0001F938091CE0F882389F10E940BB6009156
:1031C000CF0F1091D00F2091D10F3091D20FDC0191
:1031D000CB01801B910BA20BB30B0091D30F10916D
:1031E000D40F2091D50F3091D60F68017901C0948A
:1031F000D094E094F094C816D906EA06FB06A8F02D
:10320000080F191F2A1F3B1F0093D30F1093D40FD1
:103210002093D50F3093D60F1092CE0F1F910F91A0
:10322000FF90EF90DF90CF9008950FEF1FEF980180
:10323000EBCF0E94D3188091231090912410A0917D
:103240002510B09126100097A105B10541F080939B
:10325000D30F9093D40FA093D50FB093D60F0895AA
:103260008091CE0F81110DC00E940BB66093CF0FDD
:103270007093D00F8093D10F9093D20F81E0809301
:10328000CE0F0895CF92DF92EF92FF921F93CF93CC
:10329000DF93182FD62FC42F0E948DB56B017C01B0
:1032A0008091030181701817B1F10E948DB56C19DE
:1032B0007D098E099F09613472448F40910580F326
:1032C00085E58093CA138CE48093CB1387E38093C6
:1032D000CC1380919213909193130597D1F08CE4C5
:1032E0008093CD1380E28093CE13D093CF13C3701D
:1032F000C05DC093D0138093D11388E00E9439B38E
:1033000080E0DF91CF911F91FF90EF90DF90CF9001
:10331000089588E4E5CF81E0F4CF4F925F926F92F9
:103320007F928F929F92AF92BF92CF92DF92EF9255
:10333000FF920F931F93CF93DF935C014B016A01C0
:103340002901CB010E94B7D8EC013C018FEF681A2C
:10335000780AF5018081882309F450C08501F801BD
:1033600081918D3009F446C08A3009F443C0882326
:1033700009F444C078015701F7018191882321F0B5
:103380008D3011F08A30C1F5E01AF10A6E147F0415
:1033900000F7AE01B401C8010E9498D8892BC9F684
:1033A000F801EC0FFD1F80818D3399F6C095D09503
:1033B000EC0EFD1EE414F50408F5B801660D771D4A
:1033C000A701C6010E9465DDEC0CFD1CF70110820F
:1033D00081E0DF91CF911F910F91FF90EF90DF90EF
:1033E000CF90BF90AF909F908F907F906F905F90A5
:1033F0004F9008958F01B3CF7F01BDCF80E0E9CF1B
:10340000FC0180A991A9009721F030E020E00C9404
:10341000A9BD82A993A9009711F00C942F858FEF75
:103420009FEF0895CF93DF931F92CDB7DEB741E0B2
:1034300050E0BE016F5F7F4F0C960E94001A01970B
:1034400031F4898190E00F90DF91CF9108958FEF53
:103450009FEFF9CF4F925F926F927F928F929F92E0
:10346000AF92BF92CF92DF92EF92FF920F931F9392
:10347000CF93DF931F92CDB7DEB7FC0104AD15AD3E
:1034800001151105A9F1F80180889188A288B388F7
:10349000C484D584E684F78430E020E041E050E045
:1034A000BE016F5F7F4FC8010E94A9BD0197E9F47B
:1034B000898190E0F801808A918AA28AB38AC486C1
:1034C000D586E686F7860F90DF91CF911F910F91F9
:1034D000FF90EF90DF90CF90BF90AF909F908F9034
:1034E0007F906F905F904F9008958FEF9FEFE2CFA6
:1034F00006AD17AD8FEF9FEF0115110521F3F80110
:10350000408051806280738084809580A680B780DF
:10351000C08CD18CE28CF38C41E050E0BE016F5F37
:103520007F4FC8010E942F85019781F4898190E027
:10353000F801408251826282738284829582A682DF
:10354000B782C08ED18EE28EF38EBDCF8FEF9FEF0C
:10355000EFCFFC0180A991A9009711F00C94B9BBA1
:1035600082A993A9009711F00C945F8080E00895E0
:103570000C960C94A91A0E94E2B0892B79F081E094
:103580008093A9100E940BB670931B0360931A03DB
:103590008091A910877E8093A910089587E0F0CFCD
:1035A0002F923F924F925F926F927F928F929F9253
:1035B000AF92BF92CF92DF92EF92FF920F931F9341
:1035C000CF93DF93CDB7DEB76E970FB6F894DEBF1B
:1035D0000FBECDBF7E876D875E8B4D8BDC01D09695
:1035E0000D90BC91A02DBA87A987109709F4E1C06E
:1035F00012968C9181FF1BC083FD21C08D889E880F
:10360000A40170E060E0E985FA8580899189A2894A
:10361000B38980959095A095B0955F01FCE0AF0EC1
:10362000B11C84179507A607B70708F0D6C4E9852B
:10363000FA858181816081831E8A1D8A9FC0A98548
:10364000BA8558964D915D916D917C915B97CD01B6
:103650000E944ABC8111D2CFEACF95010E94E5BAFF
:1036600087FDE5CF811106C089859A850E949A78E9
:103670008823E9F2A985BA851696ED91FC911797F2
:103680001C964D915D916D917C911F97425051090F
:1036900061097109848104C0440F551F661F771F9B
:1036A0008A95D2F781899289A389B489480F591FD5
:1036B0006A1F7B1FFDC4E985FA85848D958DA68DD3
:1036C000B78D0097A105B10589F4CF010E949A78C2
:1036D000882309F4ACCFE985FA8584859585A6858C
:1036E000B785848F958FA68FB78FB8C4E985FA8583
:1036F00084879587A687B787B1C421E03AC494012F
:10370000232F332726950281011B110B2017310728
:1037100008F489012801542C4424550CC416D506FC
:10372000E606F70698F0DB01CA01800F911FA11D84
:10373000B11DC816D906EA06FB0640F414A28FEFA5
:103740009FEFDC0187A390A7A1A7B2A72D853E8597
:10375000C3010E941AB828C4E985FA85808D918D2D
:10376000A28DB38D8C159D05AE05BF0538F4C08EB6
:10377000D18EE28EF38E8281806882838D899E89CC
:103780006E960FB6F894DEBF0FBECDBFDF91CF911E
:103790001F910F91FF90EF90DF90CF90BF90AF906F
:1037A0009F908F907F906F905F904F903F902F9061
:1037B0000895DC01D2960D90BC91A02DBE8FAD8FE7
:1037C000109709F439CF9E968C9181FF73C183FDC8
:1037D00052C1ED8DFE8DF081F983AD8DBE8D1196B8
:1037E000BC91B987ED8DFE8DF281FB87AD8DBE8DCD
:1037F0001396BC91BC87ED8DFE8DF481FF87AD8D56
:10380000BE8D1596BC91B88BED8DFE8DF681F98B32
:10381000AD8DBE8D1796BC91BA8BED8DFE8D408817
:10382000518862887388848895882688378829819A
:1038300039854B855C856F85788989899B2F5201F5
:103840006301740181010E943BDD11F008F03BC16E
:103850001B861C861F86188A198A1A8A1F8A188E48
:103860008D889E889A8689862D8D3E8D285E3F4F55
:103870003C8F2B8FAD8DBE8D2C9011963C90119767
:1038800012964C90129713965C90139714966C9026
:10389000149715967C90159716968C9016971796F8
:1038A0009C901797E985FA85EF2B09F40AC3909647
:1038B000ED91FC91DF01AC5DBD4FCD90DD90ED90C1
:1038C000FC90320121014C205D206E207F2092016E
:1038D00031703C8B2B8B411451046104710409F04D
:1038E00056C0AD8DBE8D5896CD90DD90ED90FC907C
:1038F0005B97C114D104E104F10409F423C19E963D
:103900008C919E9786FF0EC15C968D909D90AD9098
:10391000BC905F9718962C91189719963C9119971F
:103920001A964C911A971B965C911B971C966C915A
:103930001C971D967C911D971E968C911E971F9625
:103940009C91AFEF0E9426DDE15DFD4F0081075F96
:103950000E9402DD29833A834B835C836D837E83DF
:103960008F83988729813A814B815C81820E931ED7
:10397000A41EB51EC814D904EA04FB0408F4C4C08C
:103980008D8D9E8D0E94CE7D882309F493C0AD8DD0
:10399000BE8D9096ED91FC91DF01A15DBD4F3C90F5
:1039A0007301620119E0F694E794D794C7941A95CD
:1039B000D1F7AD8DBE8D58964D905D906D907C90F9
:1039C0005B97B2E04B1A510861087108032C04C0E0
:1039D000440C551C661C771C0A94D2F74C0C5D1CD9
:1039E0006E1C7F1CCF01885E9D4FDC014D915D9167
:1039F0006D917C91440E551E661E771E8B889C88A7
:103A0000892809F0C1C089849A84811422E0920631
:103A100008F4BAC02B853C854F85588969897A8915
:103A20008F89988DA0E00E9444DD09F0ADC04381EC
:103A300054816581768181819281811434E093067D
:103A400008F0E9C1441655066606770641F410826F
:103A50004FEF5FEFBA0143835483658376832D85EF
:103A60003E85B301A2010E949CB8882319F1212C44
:103A700082E0382E11C1AD8DBE8D18960C9118972D
:103A800019961C9119971A962C911A971B963C918E
:103A90001B971C964C911C971D965C911D971E962A
:103AA0006C911E971F967C911F97CD010E947A7E84
:103AB00081118FCEAD8DBE8D9D968C919D9781602D
:103AC0009D968C93B9CD82019301A401B1018D8D96
:103AD0009E8D0E947A7E882369F3298139854B85E2
:103AE0005C856F85788989899A895201630174019F
:103AF00081010E9432DD2B873C874F87588B698B71
:103B00007A8B8F8B988FACCE3FEFC31AD30AE30A20
:103B1000F30AAD8DBE8D5896CD92DD92ED92FC925A
:103B20005B9735CF2B8D3C8DB701A601CF010E944D
:103B3000387B082E000C990B97FDBCCF892B09F41C
:103B40001FCF25CFED8DFE8D848D958DA68DB78DE4
:103B50000097A105B10589F4CF010E94CE7D88238D
:103B600009F4A8CFED8DFE8D808D918DA28DB38D42
:103B7000848F958FA68FB78F0ACFED8DFE8D808FA6
:103B8000918FA28FB38F03CF212CB2E03B2E8B8875
:103B90009C8828183908892809F02EC1AD8DBE8D62
:103BA0002C9111963C91119712964C911297139665
:103BB0005C91139714966C91149715967C911597B8
:103BC0005096AC9050975196BC9051975296CC908D
:103BD00052975396DC9053975496EC905497559681
:103BE000FC90559756960C91569757961C9157975F
:103BF00016968C91169717969C910E943BDD08F4BF
:103C0000FBC025E0B301A201CF010E9426BA0097B4
:103C100009F450CFEB89FC89E80FF91F2B853C850F
:103C20004F85588969897A898F89988DA0E00E948B
:103C300044DD09F4E3C04101B12CA12CC12CD12CED
:103C4000760129829A82AB82BC82CD82DE82EF82AB
:103C5000F8865101C12CD12CE12CF12C00E010E0B0
:103C60000E943BDD10F4222E332EA10170E060E0B3
:103C7000CF010E946EDD8B899C89820D931D811579
:103C8000924051F4AD8DBE8D90968D919C910E9485
:103C9000F0B8882309F40ECF910150E040E060E0D5
:103CA00070E0CB0129823A834B835C836D837E83F2
:103CB0008F83988740E050E060E070E080E090E023
:103CC000AD8DBE8DAC901196BC9011971296CC9094
:103CD00012971396DC9013971496EC901497159600
:103CE000FC90159716960C91169717961C9117979E
:103CF0000E941DDD722E832E942E652E562E472E89
:103D0000F82FE92F2C9311963C93119712964C9310
:103D1000129713965C93139714966C9314971596B9
:103D20007C93159716968C93169717969C932B85D4
:103D30003C854F85588969897A898F89988DA0E05B
:103D40000E9444DD09F4B0C0A980BA80C12CD12CF6
:103D5000E12CF12C00E010E00E9432DD2B873C8743
:103D60004F87588B698B7A8B8F8B988FAD8DBE8DDB
:103D70005096AC9050975196BC9051975296CC90DB
:103D800052975396DC9053975496EC9054975596CF
:103D9000FC90559756960C91569757961C915797AD
:103DA000272D382D492D562D652D742D8F2F9E2FA3
:103DB0000E943BDD09F008F45DCD9E968C919E97A4
:103DC00080689E968C939E9750967C9250975196C1
:103DD0008C92519752969C92529753966C9253970D
:103DE00054965C92549755964C9255975696FC93E0
:103DF00056975796EC933ECD21E004CF89849A8460
:103E00008214930408F41401A1016D857E85CF010D
:103E10000E9465DD30CF09851A85012F112706958F
:103E200030E020E0812C912C5401839404C0880C54
:103E3000991CAA1CBB1C3A94D2F789829A82AB8245
:103E4000BC828C189D08AE08BF08081519052A0504
:103E50003B0510F44801590195018401A9E0000FC8
:103E6000111F221F331FAA95D1F718018401441591
:103E700055056605770588F0840C951CA61CB71CB3
:103E8000481559056A057B0540F410822FEF3FEF76
:103E9000A90123833483458356832D853E85B30151
:103EA000A2010E941AB8F5CEAD84BE84A20CB31C48
:103EB000BE86AD8629853A85221933093A87298736
:103EC00055CFED8DFE8D20853185428553856485E6
:103ED00075858685978551016201730184010E9471
:103EE0003BDD08F04BCC20863186428653866486C3
:103EF00075868686978686A5806886A73FCCFC0156
:103F00004250510961097109848104C0440F551F51
:103F1000661F771F8A95D2F781899289A389B48910
:103F2000480F591F6A1F7B1F80E092E0861997098E
:103F300024018815990508F42C016114710409F015
:103F4000DCCBA985BA8550960D911D912D913C91A0
:103F500053975896CD90DD90ED90FC905B970C15A3
:103F60001D052E053F0520F412968C9185FFC5CBCB
:103F700025E0CF0184960E9426BA009709F457CB1A
:103F8000A2016D857E85860D971D0E9465DD640CFE
:103F9000751C6114B2E07B0651F4E985FA858681CF
:103FA000978184960E94F0B8882309F440CBE98574
:103FB000FA8580899189A289B389840D951DA11DF7
:103FC000B11D808B918BA28BB38B2D853E85240DEB
:103FD000351D3E872D8784189508E985FA85C088A8
:103FE000D188E288F3888114910409F4B5CB8681E5
:103FF0009781DC0113961C91B701A60129E0769503
:104000006795579547952A95D1F714233601B1E066
:104010007B22111123C044855585668577856114FF
:10402000710409F06CCF411551056105710509F462
:1040300042CB228126FF11CB208C318C428C538CB9
:10404000C214D304E404F50408F007CB4F5F5F4FBC
:104050006F4F7F4F4487558766877787A985BA85D5
:104060001696ED91FC9117971C964D915D916D916F
:104070007C911F974250510961097109848104C0E4
:10408000440F551F661F771F8A95D2F78189928941
:10409000A389B489840F951FA61FB71FAC01BD016A
:1040A000410F511D611D711D6114710409F03CCF58
:1040B0008114B2E09B0608F437CFC7A0D0A4E1A4D6
:1040C000F2A465A076A0811424E0920608F017CB34
:1040D0004C155D056E057F0541F414A28FEF9FEF2F
:1040E000DC0187A390A7A1A7B2A72D853E85C301B8
:1040F0000E949CB8882309F49ACA412C02E0502EF1
:1041000056CF0C960C94D01ACF93DF931F92CDB755
:10411000DEB7698341E050E0BE016F5F7F4F0C96D0
:104120000E94D01A0F90DF91CF910895AC0161E108
:1041300070E08AEC93E10C949CC9CF92DF92EF92ED
:10414000FF92CF93C82F0E948DB56B017C018091A7
:1041500003018170C817B1F00E948DB56C197D09FB
:104160008E099F096132714A8740910580F38FE77C
:1041700095E00E94962080E0CF91FF90EF90DF9035
:10418000CF90089581E0F8CF1F93CF93DF93809570
:10419000C82FCC0FC11DCC0FC11D14E080E00E94C0
:1041A0009D208823E9F08C2F881F8827881F0E9474
:1041B00097115B9881E00E949D20D82F882381F081
:1041C000C6FB882780F90E9497110E945511CC0FD9
:1041D000CC0F115019F78D2FDF91CF911F910895BA
:1041E000D0E0F9CFCF93C62FAC0161E170E08CED48
:1041F00093E10E949CC9C093E70FCF91089510925C
:10420000F4041092F30410927811E7E4FFE01382B3
:10421000128211821082EEEEF4E01182108210926E
:10422000ED041092EC041092E8041092E90410924C
:10423000EA041092EB0410923E0F10923F0F10927E
:10424000400F1092410F1092420F1092430F1092A4
:10425000440F1092450F1092DF041092E004109268
:10426000E1041092E2041092F2041092E60410921B
:10427000460F1092F0041092E7041092B3031092CC
:10428000B2031092B10310923D0F10923C0F1092A6
:10429000E5041092E4041092E3041092DE04089501
:1042A0008091EC04E82FF0E0DF01AA0FBB1FA95BAF
:1042B000B04F2D913C91232B51F0E251FB4F908157
:1042C000911105C091E0908389278093EC040895B3
:1042D000CF93DF939091EC04E92FF0E0DF01A2513E
:1042E000BB4F2C91211133C029E23DE0992311F0FD
:1042F0002BE831E1EE0FFF1FE95BF04F4081518168
:10430000EA012196D183C083240F351FF9018083F0
:1043100040913E0F50913F0F6091400F7091410FBF
:104320004F5F5F4F6F4F7F4F40933E0F50933F0F54
:104330006093400F7093410F81E0C115D24021F48A
:104340008C9398279093EC04DF91CF91089580E0AF
:10435000FBCF80919F03811106C080919E03811144
:1043600002C080919D030895CF93C62FAC0161E1F7
:1043700070E08CED93E10E94E78DC093DB1380E049
:10438000CF910C9455152F923F924F925F926F925E
:104390007F928F929F92AF92BF92CF92DF92EF92D5
:1043A000FF920F931F93CF93DF93CDB7DEB7639741
:1043B0000FB6F894DEBF0FBECDBF8C017B012091FC
:1043C000FC0F3091FD0F3B8B2A8B390132E0631AD1
:1043D000710880901310B0901410A0901510909058
:1043E0001610809129038B872090200330902103A1
:1043F0002A893B89215031093D872C878A899B89ED
:10440000039709F44AC080910802282F30E03A87C8
:10441000298780910902282F30E038872F838091E7
:104420000A02282F30E03E832D8380910B02282F33
:1044300030E03C832B8380910C02282F30E03A83BC
:10444000298330910D02388B80910E02898B409028
:1044500092135090931390910F029E872091100217
:104460002F87E0912F03F0913003EE30F10508F033
:1044700055C28827E15CFD4D8F4F0C9406DC52221B
:1044800079229622D922EE221B237A239B23A6236C
:10449000CC23E023E7232224672482E090E09A875C
:1044A0008987B7CF8A899B8981309105C9F00397A5
:1044B000D1F49BE049165104C9F097EE8BE22CE051
:1044C0004216510411F09CE785E190932D038093EF
:1044D0002E0381E090E09093300380932F03C1CFAF
:1044E0009E858F85F2CF98898989EFCF9AE18BE3FA
:1044F000ECCFC0902D03D0902E03C114D10409F04D
:1045000068C02A893B8999818A812130310539F037
:1045100094E180E02330310511F09B818C819093F0
:104520002D0380932E0382E090E0D5CFC0902D0321
:10453000D0902E03C114D104A9F42A893B899D810E
:104540008E812130310539F094E180E0233031054E
:1045500011F09F81888590932D0380932E0383E033
:1045600090E0B9CFB701C8010E948D1091E0C91A3F
:10457000D108D0922E03C0922D03DD24D3948D2D2B
:1045800063960FB6F894DEBF0FBECDBFDF91CF911B
:104590001F910F91FF90EF90DF90CF90BF90AF9061
:1045A0009F908F907F906F905F904F903F902F9053
:1045B0000895C0902D03D0902E03C114D10449F466
:1045C00029853A8530932E0320932D0384E090E0D3
:1045D00082CFB701C8010E94ED10C8CFC0902D0353
:1045E000D0902E03C114D10409F0BCCF2A893B8995
:1045F00021303105C9F032E063167104B8F030E0C3
:1046000020E090E080E030932503209326039093F0
:1046100027038093280310922403109223031092FF
:104620002A0385E090E057CF30E8EACF382D2B2DD4
:104630009A2D892DE8CF4091250350912603609152
:10464000270370912803411551056105710549F44F
:1046500010922A0328E030E03093300320932F0398
:1046600000CF8A899B89019711F580912C0387FDE2
:104670003AC0E0912C0381E08E0F80932C03F0E090
:10468000E557FE4E80818093220341505109610914
:104690007109409325035093260360932703709379
:1046A000280388E080932B0326E030E0D5CF92E00A
:1046B00069167104C0F480915803909159032091B8
:1046C0005603309157038217930769F0FC01F77086
:1046D000EA5DFA4F208120932203019690935903BB
:1046E00080935803D2CF65E070E086EB99E00E949A
:1046F000B42112C1D0902B03D11003C087E090E009
:10470000EACE80912203B70187FF56C0C8010E94FC
:104710008D1080912303909124030196909324039C
:104720008093230380912203880F80932203DA94DD
:10473000D0922B0322CFB701C8010E948D1085E0D3
:1047400090E09093300380932F0317CF80912A033A
:10475000823080F00E94ED13882349F082E690E0D9
:1047600090932E0380932D032BE030E075CF82E0F1
:1047700090E0F6CF9091230320912403811101C092
:10478000922F909322038F5F80932A0388E0809377
:104790002B0389E090E09FCED0902B03D11003C073
:1047A0002AE030E059CF80912203B70187FF04C08F
:1047B000C8010E948D10B6CFC8010E94ED10B2CF83
:1047C000B701C8010E948D1088E090E0BACFC09078
:1047D0002D03D0902E03C114D10469F53B853323FA
:1047E00011F121143104F9F08091EE0F81111BC0F9
:1047F0008C859D850297B8F481E08093EE0F30920E
:104800002E0320922D032CE030E0309330032093D0
:104810002F032A893B892130310541F410922C0362
:104820008093EC0F1ECE8DE090E055CE1092EC0FF1
:104830008093ED0F16CE0E94ED13B701882309F483
:1048400092CEC8CEC0902D03D0902E03C114D104B7
:1048500041F0B701C8010E94ED1021E0C21AD10851
:1048600088CE8A899B89029759F4D090EC0FD11099
:1048700029C065E070E08BEA99E00E94B4217FCE08
:104880002A893B8921303105D9F031E06316710462
:10489000C9F030E020E090E080E0309325032093E1
:1048A00026039093270380932803109224031092E9
:1048B000230310922A031092220310922B03B1CEED
:1048C00030E8E8CF382D2B2D9A2D892DE6CF809119
:1048D000FC0F9091FD0F8230910529F50E94FD1388
:1048E000882311F081E016C040910F1050911010F4
:1048F000609111107091121080911B1090911C10FA
:10490000A0911D10B0911E10481759076A077B0728
:1049100048F382E08093EF0FD12C31CE67E070E056
:1049200081EA99E0E4CE0397A1F3DCCFCF93DF9344
:1049300000D01F92CDB7DEB7BE016D5F7F4FCE01B5
:1049400001960E94C321882339F14B815C816981E2
:104950007A819A01260F371F9091F50F911101C0AE
:10496000AB014115510511F441E050E02230310511
:1049700010F422E030E02150310930939900209367
:10498000980050939B0040939A00509343024093A9
:10499000420291E09093F20F0F900F900F900F90C2
:1049A000DF91CF910895CF93C62FAC0161E170E004
:1049B0008CED93E10E94E78DC093DB13CF910895B6
:1049C000AC0161E170E088E791E10C94E78D181685
:1049D00034F08AEA9CE00E94E02480E0089580930D
:1049E000A7036091CB046093A6039091F5049923EB
:1049F00019F090E00E94F79C8091CB0491E0892708
:104A00008093CB049093CD0481E00895DC019FB79F
:104A1000F894209193033091940340919103509125
:104A2000920380E04217530769F0F901F770EA5DDD
:104A3000FA4F80818C932F5F3F4F309394032093E4
:104A4000930381E09FBF08954FB7F894209193039B
:104A50003091940380919103909192034FBF821BF8
:104A6000930B08952F923F924F925F926F927F9295
:104A70008F92AF92BF92CF92DF92EF92FF920F93FD
:104A80001F93CF93DF9300D000D000D01F92CDB7FB
:104A9000DEB79A8789870E943E98A985BA851196C4
:104AA0009C938E9388ED90E113969C938E9312972E
:104AB000809197109091981015969C938E931497CF
:104AC0008091921016968C931697809190109091E9
:104AD000911018969C938E93179780918E109091B9
:104AE0008F101A969C938E931997809194101B9611
:104AF0008C931B97809129101C968C931C97809106
:104B00002A101D968C931D97809195109091961068
:104B10001F969C938E931E978DE790E151969C93E0
:104B20008E9350978091CE0F811145C00091D30F85
:104B30001091D40F2091D50F3091D60FE985FA85C9
:104B4000028B138B248B358B809123109091241032
:104B5000A0912510B0912610868B978BA08FB18FD6
:104B60000091791010917A107801F1E0EF1AF108B4
:104B700023E0E216F10408F09BC080918B13882398
:104B800009F496C08091FC0F9091FD0F843091053F
:104B900009F491C0039709F05FC00E946711882350
:104BA000B1F18091921390919313079709F086C009
:104BB0008BE090E033C00E940BB60091CF0F1091B4
:104BC000D00F2091D10F3091D20FDC01CB01801B8F
:104BD000910BA20BB30B0091D30F1091D40F209126
:104BE000D50F3091D60F68017901C094D094E0942C
:104BF000F094C816D906EA06FB0628F0080F191F1C
:104C00002A1F3B1F9BCF0FEF1FEF980197CF0E94EA
:104C1000D411882309F455C089E090E0A985BA85AC
:104C20005C969C938E935B9720919710309198108F
:104C3000A901445051094230510508F448C02730B9
:104C4000310509F444C0009729F0069721E0069742
:104C500008F03EC020E03CC00E945711811131C0D5
:104C60000E94D411811130C0E0919213F0919313FE
:104C70003197E730F105E0F48827EE5BF94D8F4F6F
:104C80000C9406DC4C2649264F26522655265E26D5
:104C9000D82582E090E0C2CF81E090E0BFCF83E0F2
:104CA00090E0BCCF84E090E0B9CF85E090E0B6CF53
:104CB00090E080E0B3CF8CE090E0B0CF8AE090E06D
:104CC000ADCF87E090E0AACF88E090E0A7CF21E0C9
:104CD000E985FA85228FC8010497029708F07DC004
:104CE000C090DB0FD090DC0FE090DD0FF090DE0F76
:104CF0000E9445144091D70F5091D80F6091D90F61
:104D00007091DA0FB0E0A0E0481759076A077B07F7
:104D100008F43FC09A01AB01281B390B4A0B5B0B0F
:104D2000C114D104E104F104C1F520E0A985BA85DC
:104D30005D962C938091791090917A109C0124506B
:104D400031092230310508F002C20E944514811554
:104D5000B8E09B0708F4BCC120E0A985BA855E963F
:104D60002C932A960FB6F894DEBF0FBECDBFDF910D
:104D7000CF911F910F91FF90EF90DF90CF90BF9058
:104D8000AF908F907F906F905F904F903F902F905B
:104D9000089520E030E0A901C3CF2C153D054E0554
:104DA0005F0510F024E6C2CFA4E6B0E00E941DDC4F
:104DB000970186013695279517950795600F711F06
:104DC000821F931FA70196010E94E4DB253631055F
:104DD0004105510508F4AACFE5CFF3E0EF16F10441
:104DE00008F01BC180918B13882309F49ECF80911A
:104DF000FC0F9091FD0F0497B9F4E0919813F09196
:104E00009913309709F491CF2091C1133091C213B7
:104E10004091C3135091C413A4E6B0E00E941DDC7E
:104E20009F0150E040E0D0CF8FB7F8940091FC0F85
:104E30001091FD0F20912F03309130033E832D837D
:104E400020902D0330902E03B0902C0340915803F6
:104E50005091590358874F83A0902B0380902A03C9
:104E60008FBF40E850E060E070E081E090E00E9499
:104E7000E01169837A838B839C830E94571181118F
:104E800004C00E9467118823C1F04091FF0F509128
:104E90000010609101107091021083E090E00E9478
:104EA000E01149805A806B807C80460E571E681E38
:104EB000791EC12CD12C760132C00E94871181113C
:104EC00057C080918B134091961350919713811185
:104ED00002C050E040E070E060E082E090E00E94BC
:104EE000E0116B017C0149805A806B807C804C0C06
:104EF0005D1C6E1C7F1C0E94D411882381F04091A0
:104F0000FF0F50910010609101107091021083E02A
:104F100090E00E94E011460E571E681E791E411453
:104F200051046104710409F400CF0130110529F521
:104F30000B2D10E030E020E070E8C72ED12CE12CE2
:104F4000F12CA1016D817E8181E090E00E944412EC
:104F50009201A301641575058605970510F49B0160
:104F6000AC01A4E6B0E00E941DDCA30192012CCFAD
:104F700049805A806B807C809CCF0230110509F5F6
:104F80008F8198858C0130E020E080918B13C09058
:104F90009613D0909713811102C0D12CC12CF12C03
:104FA000E12CA1016D817E8182E090E00E9444129B
:104FB00029813A814B815C81620F731F841F951F89
:104FC000C7CF03301105F9F489819A81AB81BC8187
:104FD0008C0D9D1DAE1DBF1D89839A83AB83BC8341
:104FE000C090FF0FD0900010E0900110F0900210E0
:104FF000AF81B8858D0130E020E0A1016D817E8117
:1050000083E090E0D3CF9201A301012B09F0A9CF57
:1050100020E030E040E050E0A4CF0730110509F077
:1050200084CE0E94210F049709F4BCCE80917503B1
:1050300090917603A0917703B0917803892B8A2B06
:105040008B2B09F472CE8FB7F894209185033091A1
:10505000860340918703509188038FBFC0907503EA
:10506000D0907603E0907703F09078032C153D05FF
:105070004E055F0558F569E2C6166CE5D6066FE881
:10508000E60662E0F606A0F0569547953795279517
:10509000D701C601B695A79597958795E1E0CE22F1
:1050A000DD24EE24FF24C80ED91EEA1EFB1EE3CF2A
:1050B000A4E6B0E00E941DDCA70196010E94E4DB9B
:1050C000243631054105510508F430CE23E62ECEB5
:1050D000AC0170E060E04090D70F5090D80F609026
:1050E000D90F7090DA0F441655066606770608F455
:1050F00033CE441A550A660A770AC090DB0FD09067
:10510000DC0FE090DD0FF090DE0F4C145D046E04B8
:105110007F0410F024E621CE9C01A4E6B0E00E94BA
:105120000EDCA701960124193509460957092115F6
:10513000E8E03E074105510508F069C00E94E4DB44
:10514000253631054105510508F407CEE3CF9C0112
:10515000215031092330310508F05EC08091FC0FE9
:105160009091FD0F9C01215031092330310590F6BB
:10517000019721F40E9487118111CCCF80911310E7
:1051800090911410A0911510B0911610892B8A2BB4
:105190008B2B09F4BFCF0E943C118115F8E09F07CB
:1051A00008F0DACDAC0170E060E04090071050905C
:1051B00008106090091070900A1044165506660693
:1051C000770608F4C9CD441A550A660A770AC090D2
:1051D0001310D0901410E0901510F09016104C148D
:1051E0005D046E047F0408F095CF9C01A4E6B0E056
:1051F0000E940EDCA70196012419350946095709BA
:105200002115A8E03A074105510508F497CF2FEF83
:1052100037E040E050E092CF8730910571F50E9471
:10522000BB0F4FB7F89430918A03209189034FBF89
:10523000332329F0211103C0009709F48DCD811586
:10524000B8E09B0708F088CD60917D0370917E03E4
:105250006C01F12CE12CC60ED71EE11CF11CC1140F
:10526000D104E104F10409F455CF9C01A4E6B0E0B7
:105270000E940EDCA70196015ACF069709F06CCD6B
:1052800080913302811146CF0E94E1959C01A4E6F2
:10529000B0E00E940EDC28EF3FE340E050E04ECF4C
:1052A0001092291010922A1008950F931F93CF93F4
:1052B000DF93CDB7DEB76E970FB6F894DEBF0FBEA3
:1052C000CDBF8C018B30910509F08FC082E08093B7
:1052D000130281E090E021E00D30110509F020E09B
:1052E000209329030D30110511F483E090E02EE1A5
:1052F000289FB001299F700D1124665C774F4EE105
:1053000050E0CE0101960E94A5D88E819F8124E0B5
:10531000880F991F2A95E1F790930102809300026C
:105320008885998534E0880F991F3A95E1F7909325
:105330000302809302028A859B8544E0880F991FAF
:105340004A95E1F790930502809304028C859D8530
:1053500054E0880F991F5A95E1F7909307028093C4
:1053600006020B30110509F057C082E898E09093CF
:10537000010280930002909303028093020289E469
:1053800091E1909305028093040290930702809329
:1053900006028E859F859093100280930F028A8962
:1053A0009B8990930E0280930D028E8980930C024C
:1053B0008F8980930A02888D80930B02898D809358
:1053C00009028A8D809308028B8D9C8D9093210316
:1053D000809320036E960FB6F894DEBF0FBECDBF4C
:1053E000DF91CF911F910F9108958C30910531F489
:1053F00083E08093130282E090E06DCF0E9731F44A
:1054000084E0809313028AE090E065CF81E080938E
:10541000130290E080E05FCF0C30110509F0B9CFA6
:1054200083E197E09093010280930002909303023E
:105430008093020281EC9CE0A4CF90E0882329F0C5
:10544000282F2170920F8695F9CF892F08952F92DA
:105450003F924F925F926F927F928F929F92AF9204
:10546000BF92CF92DF92EF92FF920F931F93CF9351
:10547000DF93CDB7DEB7AA970FB6F894DEBF0FBEA5
:10548000CDBF88A31A012B010A8B1B8B2C8B3D8B64
:105490008E2DDF8ECE8E0E941D2A782E8F2D0E949B
:1054A0001D2A780EA72CB12CD12CC12CAA8EBB8E14
:1054B000CC8EDD8EBE016D5F7F4FCE0101960E94C6
:1054C000ED10BE01695F7F4FCE0105960E948D10E1
:1054D00029813A818B819C81B0E0A0E06C017D0143
:1054E000C20ED31EE11CF11CCCA2DDA2EEA2FFA2D3
:1054F000D8A0E0910F02F0911002D11004C0E09109
:105500000D02F0910E0280912903882309F46DC1E8
:105510008091200390912103892B09F469C102E055
:10552000098B9101A20160E070E080E090E003E06F
:105530000E94E7DC622E39A34A01B62FA72F8AA367
:105540009BA30A891B892C893D897801890120E167
:1055500030E040E050E060E070E080E090E0570133
:105560006801E12CF12C00E010E00E9432DD5901CD
:105570006A017B018C01262D39A1A4016B2F7A2FA2
:105580008AA19BA10E941DDDA72CB12CC12CD12C7E
:10559000E12CF12C00E010E00E9432DDAA88BB88EB
:1055A000CC88DD882A0C3B1C4C1C5D1CCA8CDB8C17
:1055B000EC8CFD8C2C0C3D1C4E1C5F1C62015101BF
:1055C000E12CF12C87012A8ABB8A4C8ADD8AEE8A7B
:1055D000FF8A088F198F1F01512C412C612C712CCF
:1055E0004301B8A0BB2009F406C1C0900A02CA8ECC
:1055F000B988AB2CB12CD12CC12CE12CF12C87011A
:10560000A986BA86CB86DC86ED86FE860F87188B48
:1056100059016A017B018C01298930E040E050E0AA
:1056200060E070E080E090E00E9430DC51016201B7
:10563000730184010E941DDDAA8CB12CC12CD12CD8
:10564000E12CF12C00E010E00E941DDD0989023000
:1056500009F0D5C02090200330902103512C412C1B
:10566000612C712C430151016201730184010E947C
:105670001DDD298B3A8F49A35AA36BA378A789A76D
:105680009AA718A180910C02111102C080910B02FF
:1056900060900802680E7724771C972C990C990863
:1056A0002A893B894C895D8960E070E080E090E068
:1056B000A4E00E9426DDA984BA84CB84DC84ED8436
:1056C000FE840F8518890E9430DC59016A017B0134
:1056D0008C019301492D592D692D792D892D992DF5
:1056E0000E941DDDED81FE812F803884512C412CDC
:1056F0002E0E3F1E411C511C51016201E12CF12C68
:1057000000E010E00E9430DC19012A013B014C014D
:105710004CA15DA16EA17FA19A01AB0160E070E098
:10572000CB0129873A874B875C876D877E878F8778
:10573000988BA988BA8CC9A0DAA0EBA0F8A409A517
:105740001AA560E070E080E090E00E9430DC205616
:10575000304F4F4F5F4F6F4F7F4F8F4F9F4F5901CC
:105760006A017B018C019101A201B301C4010E9475
:105770001DDDE0E4AE2EFFE1BF2EC12CD12CE12CCB
:10578000F12C00E010E00E948ADCF42FE52F2F3F7F
:10579000AFEF3A074A075A07610571058105910580
:1057A000B9F1B0F18FEF9FEFDC01EE8DFF8D8083BB
:1057B0009183A283B38380E0AA960FB6F894DEBFEC
:1057C0000FBECDBFDF91CF911F910F91FF90EF9052
:1057D000DF90CF90BF90AF909F908F907F906F9011
:1057E0005F904F903F902F90089511E0198B99CEC4
:1057F00021E0298B96CED0900902DA8EF9CE212CA9
:10580000312C412C512C612C712C812C912C2BCFC3
:10581000C901AF2FBE2F40915A0350915B03609195
:105820005C0370915D038A019B01009510952095A2
:105830003095081719072A073B0760F48FEF9FEF91
:10584000DC0180935A0390935B03A0935C03B093B5
:105850005D03ABCF480F591F6A1F7B1F40935A034C
:1058600050935B0360935C0370935D03EE8DFF8D3B
:1058700040815181628173818A019B01009510955D
:1058800020953095081719072A073B0708F48ACF97
:10589000840F951FA61FB71F80839183A283B383B4
:1058A00081E08ACF8FB7F894109259031092580371
:1058B0001092570310925603109212028FBF089550
:1058C000EBE8F3E180E5DF011D928A95E9F70895A1
:1058D000DB01FC013197E930F10568F58827EC58C8
:1058E000F34D8F4F0C9406DC7D2C832C892C8C2C53
:1058F0008F2C922C982C862C952C8BE090E08D93FD
:105900009C9381E008958CE090E0F9CF8EE090E0E8
:10591000F6CF86E090E0F3CF87E090E0F0CF88E02C
:1059200090E0EDCF89E090E0EACF8FE090E0E7CF24
:105930008AE090E0E4CF1D921C92E3CF10922F14E6
:1059400010922E1410922B1410921C1410921B14EF
:105950000895FC01892BC9F011821082613088E022
:105960007807A0F01382128290E080E09483858310
:105970001682178210861186128613861486158663
:10598000138A128A158A148A168A089583E0660F8C
:10599000771F8A95E1F77383628391E080E0672B3C
:1059A00029F790E0E3CFCF92DF92EF92FF9210922F
:1059B0002B1410922A141092291480912E14909175
:1059C0002F148130910529F580E8C82ED12CE12CC7
:1059D000F12CC092FB13D092FC13E092FD13F092D5
:1059E000FE1370E060E08DEE93E10E94A92CC0925E
:1059F0001214D0921314E0921414F092151470E063
:105A000060E084E094E1FF90EF90DF90CF900C9401
:105A1000A92C029779F480913014882359F0809151
:105A20002C1427E1829FC001112470E060E08351B3
:105A30009C4EE9CFFF90EF90DF90CF9008952F928A
:105A40003F924F925F926F927F928F929F92AF920E
:105A5000BF92CF92DF92EF92FF920F931F93CF935B
:105A6000DF9300D000D01F92CDB7DEB780902E1408
:105A700090902F148114910499F19C0121503109C7
:105A800021153440D0F027960FB6F894DEBF0FBE34
:105A9000CDBFDF91CF911F910F91FF90EF90DF90DD
:105AA000CF90BF90AF909F908F907F906F905F90BE
:105AB0004F903F902F900C94D32CA1E0A9836111BB
:105AC00001C0198220912B14211123C090932A1414
:105AD00080932914498040921F0381E080932B1406
:105AE00027960FB6F894DEBF0FBECDBFDF91CF91E2
:105AF0001F910F91FF90EF90DF90CF90BF90AF90EC
:105B00009F908F907F906F905F904F903F902F90DD
:105B100008956C0130901F035980351007C00E9412
:105B2000D32CD0922A14C0922914D7CF21E0821608
:105B3000910449F080913014882309F446C0809183
:105B40002C14381242C0E32CF12C87E1389ED0018E
:105B50001124A351BC4EBF83AE831097B1F10091C5
:105B6000291410912A140C0D1D1DFD015D0160808A
:105B70007180F5E06F167104A9F5B801CD010E949E
:105B80008814D50114962D913C911597811125C04B
:105B90002F3F310509F030F42F5F3F4F15963C93AE
:105BA0002E93149787E18E9DF0018F9DF00D1124A7
:105BB000E351FC4E848195818115914031F484E05C
:105BC00090E09183808315821482D0922A14C0922F
:105BD0002914498040921F0383CF2038310560F497
:105BE000F501F1CF6114710409F098C012964D913E
:105BF0005C914115510531F4B8018E819F810E945D
:105C0000A92CE3CF4801B12CA12C73E0880C991C7E
:105C1000AA1CBB1C7A95D1F7CA01B0E0A0E0881697
:105C20009906AA06BB0608F44AC024013501481AA1
:105C3000590A6A0A7B0A4A825B826C827D8224014D
:105C4000350162E0440C551C661C771C6A95D1F73F
:105C50009A01A3E0B0E00E940EDC461657066806E3
:105C6000790648F0A5E0B0E00E940EDC64157505E9
:105C70008605970558F58A819B81AC81BD8109977E
:105C8000A105B10518F1B8018E819F810E94881489
:105C900097E19E9DF0019F9DF00D1124E351FC4E74
:105CA000248135812031310508F4A6CF813009F0F7
:105CB000A3CF21E030E031832083868386CF2A0181
:105CC0003D01481859086A087B08B5CF87E18E9DC9
:105CD000F0018F9DF00D1124E351FC4E9A01A7E0D5
:105CE000B0E00E940EDC6C5F7F4F8F4F9F4F860E9F
:105CF000971EA81EB91E43E0B694A7949794879464
:105D00004A95D1F793828282848195818F3F98074B
:105D100009F45BCF01969583848357CFB8018E81B8
:105D20009F810E94881487FD67CFB1E06B167104D4
:105D3000A9F4F5019681813031F49F3F09F445CFF4
:105D40009F5F968342CF9C50953208F055CF82E0FA
:105D500090E09183808381E0868337CFB2E06B1639
:105D6000710479F4F5019681882339F39C509532BA
:105D700008F042CF83E090E09183808381E08783C5
:105D800024CFB3E06B16710479F4813009F034CF7D
:105D9000F50187818F5F8783823009F016CF84E019
:105DA00090E09183808311CFD50118962C9118979C
:105DB000283060F419969C911997990F892B1996A0
:105DC0008C9319972F5F18962C93FFCE813019F082
:105DD00070E060E012CFF501218442845384648432
:105DE000758486859785A089B189481659066A0603
:105DF0007B0608F092C0822D0E941D2A97E19E9D8D
:105E0000F0019F9DF00D1124E351FC4E228933894E
:105E1000820F932F911D938B828B8A94892809F08E
:105E200072C0C7019695982F8827979587958954B2
:105E30009C4F480E592E511CD2012C9287E18E9D09
:105E4000F0018F9DF00D1124E351FC4E8285938566
:105E5000A485B5850196A11DB11D82879387A4876E
:105E6000B587268537854089518949015A0162E005
:105E7000860E911CA11CB11C88159905AA05BB05AD
:105E8000B9F5A489B5898289938960912E1470919E
:105E90002F146130710509F069C0A817B90709F01E
:105EA0004AC0C7019695982F88279795879589545A
:105EB0009C4F9093DD048093DC04828193819093C6
:105EC000B6038093B50330922D1430922C1481E0E8
:105ED0008093301410922F1410922E140E811F8173
:105EE00020E030E0A90160E081E090E00E945914D8
:105EF00087E18E9DF0018F9DF00D1124E351FC4E42
:105F00001186108662CE0E811F81A3019201622D3F
:105F100082E090E00E94591491CF87E18E9DF001BC
:105F20008F9DF00D1124E351FC4E80E0948982296D
:105F3000958B848B83CF85E090E09183808315825D
:105F4000148216821782128613861486158680E8BC
:105F500090E0A0E0B0E086879787A08BB18B138A92
:105F6000128A158A148A81E0868BC2CFA817B907D6
:105F700061F483E090E00E811F8160E00E9459147B
:105F800010922F1410922E14B3CF84E090E0F3CF30
:105F9000CF92DF92EF92FF92CF93DF9381E090E078
:105FA00090932F1480932E141092DD041092DC0431
:105FB0001092B6031092B5031092301410922B1465
:105FC00010922A141092291410921C1410921B146F
:105FD000CDEED3E180E8C82ED12CE12CF12CCE8679
:105FE000DF86E88AF98A70E060E0CE010E94A92C81
:105FF000CDA2DEA2EFA2F8A670E060E084E094E11A
:10600000DF91CF91FF90EF90DF90CF900C94A92C6F
:10601000FC01E55BFF4F2081263111F12B3119F195
:10602000293221F525E030E0FC01E45BFF4F40819F
:10603000413011F04637D1F4DC01E7E8F5E085EBBB
:106040008F3020F094914C91491310C08F5F1196BE
:1060500031968F30A9F7FB013183208381E00895C9
:1060600026E030E0E1CF24E030E0DECF80E00895AC
:10607000FC01218D2131C1F02631C9F02032D1F44B
:1060800023E030E0DC019096E1EEF5E088965D914A
:10609000449154130FC03196A817B907C1F7FB01FB
:1060A0003183208381E0089521E030E0EBCF22E0CE
:1060B00030E0E8CF80E00895CF93DF93DC01892BB7
:1060C00059F18C91813011F0863731F552968D91CE
:1060D0009C9153978A359105F9F454968D919C9132
:1060E00055978115944DC1F456968D919C91579773
:1060F0008115944D89F4ED016896EFE3FBE05F961E
:1061000099918491981308C03196CA17DB07C1F79B
:1061100081E0DF91CF91089580E0FBCFAF92BF92F5
:10612000CF92DF92EF92FF920F931F93CF93DF9363
:106130000097B9F17B018C01EC0109900020E9F78F
:106140002197C81BD90BCB010E94B7D86C01C81787
:10615000D90738F1C81BD90BC00FD11F10E000E0E0
:10616000C016D10691F0F701E00FF11FB4908991AC
:1061700090E00E9450DDA82E8B2D90E00E9450DD13
:10618000A8120FC00F5F1F4FEBCF81E0DF91CF91BF
:106190001F910F91FF90EF90DF90CF90BF90AF9045
:1061A000089580E0F3CF9FB7F894ECE6F0E08081AB
:1061B0008D7F8083E8E6F0E080818D7F808382E0C0
:1061C0008BBB10929B1010929E109FBF08958091E0
:1061D0000301817080931E0382E08BBBECE6F0E04C
:1061E000808182608083E8E6F0E080818260808345
:1061F0000895CF93CFB7F89410929E1083E08093C8
:106200009B100E94E730CFBFCF91089560E08FE0F0
:106210000E94B0B460E08FE00E9475B362E080E15C
:106220000E94B0B461E082E00E94B0B461E082E11B
:106230000E94B0B461E083E10E94B0B410927B147C
:1062400081E08093110210921D0360E082E00E94C1
:1062500075B361E082E10E9475B360E083E10E9462
:1062600075B39FB7F8941092900088E080939100E6
:1062700010929500109294002FEF3FEF3093990009
:1062800020939800E1E7F0E080818D7F808382E0B9
:1062900088BB9FBF10925403109253031092520375
:1062A000109251031092500310924F0310924E031C
:1062B00010924D0310924C0310924B031092550311
:1062C00008958FB7F89480911C038FBF08950097AD
:1062D00029F020913B0F21110C94EBB180E008953F
:1062E000CF92DF92EF92FF92CF93DF930E94E2B0C2
:1062F000EC010E940BB66B018091A91080FD04C0D7
:106300000E94BB1A80E02AC061E0209709F060E09B
:1063100081FB992790F9961308C084E00E944215EA
:10632000D0921B03C0921A03EDCF82FB992790F9FC
:106330009613F3CF20911A0330911B03C21AD30A8C
:1063400092E3C916D104F0F2CD2B79F48F7E8860E8
:106350008093A91082E00E94421581E0DF91CF91E5
:10636000FF90EF90DF90CF900895877F8061F0CF0E
:10637000AC0161E170E08AE29FE00C94E78D8091CE
:106380002A0F811104C08AED93E00E94B83161E0C8
:1063900085E30E94B0B461E085E30E9475B362E0DA
:1063A00083E00E94B0B48091A91080FF0C94BB1AC6
:1063B0000C947031FC011382128288EE93E0A0E00D
:1063C000B0E084839583A683B78315AE14AE17AE71
:1063D00016AE82EE92E0918380830895DF92EF9271
:1063E000FF920F931F93CF93DF930091311410917D
:1063F00032140115110549F480E0DF91CF911F910E
:106400000F91FF90EF90DF900895D42E7B01EC0167
:106410000E94F6BBF801E05AFD4F60817181611561
:10642000710599F0188219821A82D9ABC8AB605DE8
:106430007D4F2D2DA701CE010E94FA77882311F000
:1064400081E0DBCF19AA18AAD8CFF801EE59FD4F89
:10645000608171816115710579F21CA61DA61EA6C9
:10646000DBABCAAB605D7D4F2D2DA701CE010E9435
:10647000D38A8111E5CF1BAA1AAABFCFFC0180A93C
:1064800091A9892B39F481E022A933A9232B19F48E
:1064900080E0089581E0089588E894E10E943E320A
:1064A000882321F088E894E10C94F6BB089590933A
:1064B000300280932F02109225050C944C320E94DA
:1064C0004C3210923B0F0E9470318091A91084FDD4
:1064D00004C080EC93E00C94B8318EEC93E0FBCFD9
:1064E000EF92FF921F93CF93DF93CDB7DEB7609704
:1064F0000FB6F894DEBF0FBECDBF10913B0F112336
:1065000041F1E0902017F0902117E114F10489F097
:1065100020E030E0A9016AE0C7010E94CFB78823DC
:1065200051F08CE1F7018387C7010E9404B70E94F4
:106530005F3210E00EC040E150E0BE016F5F7F4F60
:10654000C7010E9454B9182F882371F3C7010E9414
:1065500004B7812F60960FB6F894DEBF0FBECDBF93
:10656000DF91CF911F91FF90EF900895AF92BF926E
:10657000CF92DF92EF92FF920F931F93CF93DF930F
:10658000CDB7DEB7CD5AD1090FB6F894DEBF0FBE36
:10659000CDBF5C016B01892B69F0672B59F000912D
:1065A0003B0F002339F088E894E10E943E32182F17
:1065B000882331F08DE295E00E94B83110E009C0E7
:1065C000C6010E94EBB18823B9F081E295E00E94F8
:1065D000B831812FC355DF4F0FB6F894DEBF0FBE21
:1065E000CDBFDF91CF911F910F91FF90EF90DF9082
:1065F000CF90BF90AF900895E0901C17F0901D17BA
:10660000E114F10409F45CC1C257DF4F1882CE587F
:10661000D040C157DF4F1882CF58D040C057DF4F0E
:106620001882C059D04080EDE81A8DEFF80A20E0BA
:10663000A501B701CE0182579F4F0E94FA778823A8
:1066400009F44DC018AA19AA1AAA19821A821B8223
:10665000C257DF4F8881CE58D040887109F43FC0BF
:10666000CC56DF4F28813981C459D040F70186814B
:1066700097812817390799F5CE0182579F4F0E94BD
:10668000B9BB80E2FE01E257FF4FDE011196019097
:106690000D928A95E1F760E0CE0182579F4F0E94EC
:1066A0007D78FC01892BD9F090E2DE01A15ABF4F21
:1066B00001900D929A95E1F7C257DF4F8881CE582D
:1066C000D04083FF15C021E5A601B701CE01C096D9
:1066D0000E94FA77C12CD12C7601811118C00E943A
:1066E0007032182F882309F474CF82E195E064CFCB
:1066F00020E0A601B701CE01C0960E94B17A88239E
:1067000071F36096CCACDDACEEACFFAC6097289634
:106710008CAD9DADAEADBFAD2897CE55DF4F888314
:106720009983AA83BB83C25AD0408CA99DA9CE5617
:10673000DF4F99838883C259D0408BA9CF56DF4F52
:106740008883C159D04088AD99ADAAADBBADCA56BA
:10675000DF4F88839983AA83BB83C659D04018AA88
:106760001AAA61E0CE0182579F4F0E947D78009760
:1067700009F4B5CFDC011D9623E1EFE5F0E0EC0F65
:10678000FD1F3D9601900D922A95E1F7AB962FAD36
:10679000AB97FC012387C114D104E104F10409F48F
:1067A0006FC0CC56DF4FE881F981C459D040848155
:1067B000B701A601425051096109710904C0440F93
:1067C000551F661F771F8A95D2F781899289A38901
:1067D000B489480F591F6A1F7B1F20E0CF018496A0
:1067E0000E9426BAFC01892B09F479CF90E2B09679
:1067F000DE01A15ABF4F01900D929A95E1F7B701C2
:10680000A601CC56DF4F88819981C459D0400E949F
:1068100066BB882309F463CFCC56DF4FE881F9814A
:10682000C459D040C655DF4F488159816A817B8168
:10683000CA5AD0404250510961097109848104C08B
:10684000440F551F661F771F8A95D2F78189928959
:10685000A389B489480F591F6A1F7B1F21E0CF010C
:1068600084960E9426BADC01892B09F438CF90E285
:10687000FE01E15AFF4F909601900D929A95E1F733
:106880001D8E1E8E1F8E18A282E08B8388E0898366
:10689000CE0101960E9433C2882309F420CFCC5642
:1068A000DF4F88819981C459D0400E94E2798823C2
:1068B00009F415CF8EE195E00E94B831102F89CEF2
:1068C000E0901E17F0901F17E114F10409F407CFB0
:1068D000C557DF4F1882CB58D040C457DF4F1882BE
:1068E000CC58D040C357DF4F1882CD58D040F0ED80
:1068F000EF1AFDEFFF0A20E0A501B701CE01815A92
:106900009F4F0E94D38A882309F4E9CE6D961FAE6B
:106910006D976E961FAE6E976F961FAE6F971DA602
:106920001EA61FA6C557DF4F8881CB58D04088715F
:1069300009F4D5CEC158DF4F28813981CF57D040D7
:10694000F70180A191A12817390709F0C8CE21E5E8
:10695000A601B701CE01C0960E94D38A882309F40C
:10696000BECE8FE2FE01E15AFF4FDE01119601908B
:106970000D928A95E1F789E0FE01EE5AFF4FAFE5EF
:10698000B0E0AC0FBD1F929601900D928A95E1F791
:106990006C968FAD6C97C657DF4F8883CA58D0402E
:1069A000C357DF4F8881CD58D0408068C357DF4F31
:1069B0008883CD58D040CE01815A9F4F0E945F807E
:1069C000882309F48CCE1D8E1E8E1F8E18A282E0A5
:1069D0008FA788E08DA7CE0101960E94C98367CF5B
:1069E0001F93CF93DF93CDB7DEB7AF970FB6F89471
:1069F000DEBF0FBECDBFAC01892B21F010913B0F44
:106A0000111110C089E095E00E94B83110E0812F8B
:106A1000AF960FB6F894DEBF0FBECDBFDF91CF911A
:106A20001F91089560911C1770911D1761157105D4
:106A3000D1F019821A821B82605D7D4F21E0CE0168
:106A400001960E94FA77882331F0CE0101960E94C8
:106A500033C2811120C00E947032182F8823B9F2EE
:106A600086EF94E0D1CF60911E1770911F176115CA
:106A7000710589F31DA61EA61FA6605D7D4F21E04E
:106A8000CE0101960E94D38A882329F3CE01019674
:106A90000E94C983DECF86E095E00E94B831B7CF6F
:106AA0008F929F92AF92BF92CF92DF92EF92FF921E
:106AB000CF93DF9388E894E10E943E32882359F116
:106AC000E091B814F091B914309799F080899189C8
:106AD000A289B3894C015D01C501B401DF91CF9159
:106AE000FF90EF90DF90CF90BF90AF909F908F90EE
:106AF00008952091BA143091BB142115310531F05D
:106B0000F90180809180A280B380E6CF812C912C06
:106B1000A12CB12CE1CF60E070E0CB01DFCF8F92F0
:106B20009F92AF92BF92CF92DF92EF92FF92CF935C
:106B3000DF9388E894E10E943E32882359F1E09186
:106B4000B814F091B914309799F0808D918DA28D81
:106B5000B38D4C015D01C501B401DF91CF91FF9070
:106B6000EF90DF90CF90BF90AF909F908F9008955F
:106B70002091BA143091BB142115310531F0F9017F
:106B800080849184A284B384E6CF812C912CA12CA3
:106B9000B12CE1CF60E070E0CB01DFCF8F929F920C
:106BA000AF92BF92CF92DF92EF92FF920F931F931B
:106BB000CF934B015C0180913B0F882339F088E82B
:106BC00094E10E943E32C82F811110C00E945F32B2
:106BD000C0E08C2FCF911F910F91FF90EF90DF902D
:106BE000CF90BF90AF909F908F9008958091B814F0
:106BF0009091B914009781F0B501A4010E944ABC9C
:106C00008111E7CF0E947032C82F882311F387EEDD
:106C100094E00E94B831DCCF8091BA149091BB14FB
:106C2000009781F38401950140E050E060E070E05E
:106C30000E947A7EE5CFCF93C0918B1382EB97E0D1
:106C4000CC23F9F0C0918C13C1111DC08091921317
:106C50009091931304970297B8F50E94501581E024
:106C60000E9455156091BD137091BE138091BF13A2
:106C70009091C0130E94CE35C82F811107C08AEAB7
:106C800097E00E9496208C2FCF9108951092C11307
:106C90001092C2131092C3131092C41310928D134A
:106CA00010928E131092C5131092C6131092C71330
:106CB0001092C81384E090E0909391138093901306
:106CC00081E080938C13DFCF6091BD137091BE1370
:106CD0008091BF139091C0130E94CE35C82F82EAD5
:106CE00097E0CC2371F21092C1131092C21310924C
:106CF000C3131092C41310928D1310928E1310921E
:106D0000C5131092C6131092C7131092C81381E0D6
:106D100080938C130E94501580919213909193133D
:106D20000397A1F480E00E9455150E940BB6609372
:106D3000C5137093C6138093C7139093C81381E053
:106D400090E090939113809390139DCF81E0EBCFCF
:106D50008F929F92AF92BF92EF92FF920F931F93E9
:106D600020FF0AC02F3FEFEF3E074E075E0769F195
:106D70002F5F3F4F4F4F5F4F49015A0180949094CE
:106D8000A094B09486169706A806B906F0F04901BB
:106D90005A01860E971EA81EB91EE814F9040A05AA
:106DA0001B0598F00E948F35681579058A059B05AB
:106DB00060F0C501B4011F910F91FF90EF90BF905B
:106DC000AF909F908F900C94CE3580E01F910F91E3
:106DD000FF90EF90BF90AF909F908F900895CF93CA
:106DE00080913B0F882331F088E894E10E943E3285
:106DF000811106C00E945F32C0E08C2FCF910895B0
:106E000088E894E10E94A91AC82F8111F6CF0E9448
:106E10007032882391F388ED94E00E94B831EDCF71
:106E2000CF93C0913B0FCC2321F188E894E10E94DD
:106E30003E328823F9F0E091B814F091B9143097FC
:106E400061F00680F781E02D80819181FC0125852C
:106E50002130A9F0CF910C9464B7E091BA14F0916D
:106E6000BB14309751F000A0F1A1E02DE45DFD4F7F
:106E7000EBCFC1E08C2FCF910895C82FFBCFC0E09E
:106E8000F9CF8F929F92AF92BF92DF92EF92FF92D3
:106E90000F931F93CF93DF9300D01F92CDB7DEB730
:106EA0004B015C0180913B0F882339F088E894E125
:106EB0000E943E32D82E811114C00E945F32D12C24
:106EC0008D2D0F900F900F900F90DF91CF911F910C
:106ED0000F91FF90EF90DF90BF90AF909F908F90B9
:106EE0000895E090B814F090B914E114F10409F495
:106EF00074C0B501A401C7010E944ABC8823A1F156
:106F0000F701828181FF30C0848D958DA68DB78D6C
:106F10000097A105B10509F45BC0448555856685D8
:106F20007785411551056105710549F119821A826C
:106F30001B821C829E012F5F3F4F868197810E949A
:106F4000E5BA87FD11C0882311F1F7014485558505
:106F5000668577850FEF1FEF2FEF3FE086819781E2
:106F60000E9470BA811113C00E947032D82E8823FB
:106F700009F4A6CF85EC94E00E94B831A0CF8983B4
:106F80009A83AB83BC83148E158E168E178E49811F
:106F90005A816B817C81411551056105710539F07C
:106FA000F701868197810E9466BB8823E9F2F70189
:106FB00080899189A289B389808F918FA28FB38FA5
:106FC000828180688283C7010E94B9BB882361F2F5
:106FD00085ED94E00E94B83173CFE090BA14F09040
:106FE000BB14E114F10409F4BFCF8401950140E022
:106FF00050E060E070E0C7010E947A7E882309F4C7
:10700000B3CFC7010E940781E1CF2F923F924F92E9
:107010005F926F927F928F929F92AF92BF92CF9228
:10702000DF92EF92FF920F931F93CF93DF93CDB731
:10703000DEB760970FB6F894DEBF0FBECDBF6D838D
:107040007E838F83988780913B0F882339F088E86F
:1070500094E10E943E32F82E81111DC00E945F32E1
:10706000F12C8F2D60960FB6F894DEBF0FBECDBF0A
:10707000DF91CF911F910F91FF90EF90DF90CF9014
:10708000BF90AF909F908F907F906F905F904F9048
:107090003F902F900895C090B814D090B914C114A7
:1070A000D10409F4D7C0D60112968C91129781FFB2
:1070B000C6C05C968D919D910D90BC91A02D892BA1
:1070C0008A2B8B2B09F0BBC0F60126803780D101BB
:1070D00014962C91275F8D819E81AF81B885019791
:1070E000A109B10904C0B695A795979587952A95EA
:1070F000D2F78C019D010F5F1F4F2F4F3F4F0D8720
:107100001E872F87388BD10119968D909D90AD9059
:10711000BC901C97BFEF8B1A9B0AAB0ABB0A2401D9
:107120003501EF2CF101818D928DA38DB48D8815E1
:107130009905AA05BB0508F482C09E012F5F3F4F49
:10714000B501A401C1010E94E5BA282F87FD77C0CF
:10715000B501A4014F5F5F4F6F4F7F4F89819A81C7
:10716000AB81BC81892B8A2B8B2B11F421110BC095
:1071700084149504A604B70409F0E12C2A013B010C
:107180004A015B01CFCFDB01CA0184199509A60929
:10719000B7090D851E852F853889081719072A0715
:1071A0003B0771F7EE2039F0D10119968D929D922F
:1071B000AD92BC921C970FEF1FEF2FEF3FE0B50190
:1071C000A401C1010E9470BA8823C9F1481459046E
:1071D0006A047B04C0F4950184010150110921095E
:1071E00031090D871E872F87388B950184014D85C6
:1071F0005E856F857889C1010E9470BA8D849E84F6
:10720000AF84B888E1CFD6015C964D925D926D92C5
:107210007C925F970D811E812F81388558960D9342
:107220001D932D933C935B9712968C911297806ED1
:1072300012968C93C6010E94B9BB811181C00E9435
:107240007032F82E882309F40CCF84EB94E00E946E
:10725000B83106CFC090BA14D090BB14C114D10479
:1072600071F3F60186A581FFEACF848D958DA68DF9
:10727000B78D892B8A2B8B2B11F72D813E814F8166
:10728000588589019A0140E050E0BA010D831E83C0
:107290002F83388749875A876B877C8700A0F1A1A5
:1072A000E02D98014F81588560E070E080E090E02B
:1072B000AFEF0E9426DDDF01A15DBD4F0C91075F9E
:1072C0000E9402DD5A0149013FEF831A930AA30A83
:1072D000B30A9501840140E050E0BA01CF010E9459
:1072E000B97C2B013C0142E0441651046104710455
:1072F00008F4A5CFEE24E3949501BC01A201D601C8
:1073000090968D919C910E948E7B882309F497CF53
:107310000D81F60100871E8111872F812287388514
:1073200033871486158616861786448E558E668E8C
:10733000778E86A5806C86A7C6010E945F807DCF70
:1073400082EC94E00E94B8318CCE0F931F93CF93C0
:10735000DF938C01EB01892B11F0209729F48CEA43
:1073600094E00E94B8310CC080913B0F882331F02B
:1073700088E894E10E943E32811109C00E945F3288
:107380008FEF9FEFDF91CF911F910F910895AE0185
:10739000B80188E894E10E94D01A8C179D0791F3F8
:1073A0000E947032882361F38CE994E0DACFBF92B7
:1073B000CF92DF92EF92FF920F931F93CF93DF93C1
:1073C000B090ED04CB2DD0E0CE0182519B4F6C01EB
:1073D000FC01008101110CC011E0812FDF91CF91E0
:1073E0001F910F91FF90EF90DF90CF90BF90089585
:1073F0000E941037182F8111EFCFCC0FDD1FFE0137
:10740000E95BF04FE080F180C70101978115924060
:1074100070F589E29DE0BB2011F08BE891E1B701A6
:107420000E94A5398E159F0511F58091E804909171
:10743000E904A091EA04B091EB048E0D9F1DA11DFB
:10744000B11D8093E8049093E904A093EA04B093FB
:10745000EB04C95BD04F19821882F601108280912B
:10746000ED0491E089278093ED04102FB6CF86E0DC
:107470009DE00E941897B1CF2F923F924F925F925A
:107480007F928F929F92AF92BF92CF92DF92EF92B4
:10749000FF920F931F93CF93DF931F921F92CDB74D
:1074A000DEB722E0E22EF12C77247394CC24C3942F
:1074B000D12CE091D104F0E0E652FB4F00810111A4
:1074C000CBC08091CD04882391F08091A703909147
:1074D000A603911101C081950E942F0D8111109278
:1074E000CD048091CD04882321F301E0B5C00E9432
:1074F000A921082F882309F400C18091CC04882396
:10750000A1F380919F03882321F18090D60490906D
:10751000D704A090D804B090D9048091A503882303
:10752000B1F081E00E942F0D882371F08092A003BA
:107530009092A103A092A203B092A3037092A4031D
:1075400010929F0370929E030E94A921CCCF8FEFCF
:10755000E9CF00919E03002371F080E00E942F0D7F
:10756000882391F310929E0380919B03882361F3FB
:107570000E94100DE9CF80919D03882309F4B5CFB7
:1075800010919C03812F111614F08FE7810F9091B9
:10759000A503911101C081959091A403992309F449
:1075A000A7C08090A0039090A103A090A203B090E8
:1075B000A30389834091A8035091A9036091AA0372
:1075C0007091AB0320914B0F30914C0F2115310579
:1075D00089F084169506A606B70660F01A012B01FD
:1075E000220E331E411C511C82149304A404B504C2
:1075F00008F447C04091AC035091AD036091AE03D5
:107600007091AF0320914D0F30914E0F2115310530
:1076100091F084169506A606B70668F01A012B01AC
:10762000220E331E411C511C2BE831E182149304BD
:10763000A404B50440F18091D2049091D304A091A8
:10764000D404B091D50488169906AA06BB0668F141
:1076500080EC9CE00E94E024802F0F900F90DF913F
:10766000CF911F910F91FF90EF90DF90CF90BF903F
:10767000AF909F908F907F905F904F903F902F9012
:10768000089529E23DE0841A950AA60AB70A820EF7
:10769000931EF401808310929D0311160CF068CFA5
:1076A00070929E0370929B034FCF0E941037082F59
:1076B00081114ACFC501B4010E94CE35811103C0AA
:1076C00084EB9CE0C7CF61E070E0CE0101960E94A0
:1076D000A5390197A9F76091D2047091D3048091E4
:1076E000D4049091D5040E94CE358111D4CFE8CF37
:1076F0000E942F0D8111CFCF27CF8091CE048823F8
:1077000041F01092CE040E94E724882309F4A4CF0C
:10771000D0CECE0102960E940625882309F4E5CE3C
:107720002091CF043091D0048A812130310581F439
:107730001092D0041092CF0490EF980F903718F069
:107740008FED9CE087CF0E94E7248823C9F3B1CE58
:107750002230310591F41092D0041092CF04909110
:10776000CC04992311F08F3F1CF48BEC9CE072CF7A
:1077700080939C0370929D039CCE813029F4D0921B
:10778000D004C092CF0495CE823089F58091CC048C
:10779000811123C08091F504882371F01092C804F0
:1077A0001092C7041092C6040E94D32C8091B70493
:1077B000873011F00E94DA9B7092CC048091CB0448
:1077C0008093A5031092A40310929F0310929E032E
:1077D00010929D0310929B036CCE8091A4038111A3
:1077E00003C070929F0365CE70929E0362CE833079
:1077F00029F4F092D004E092CF045BCE282F30E041
:1078000094E0359527959A95E1F7182F1F7021156B
:10781000310519F485ED9CE01DCF822F0E94E724ED
:10782000882309F419CF112309F443CE1093CE0411
:1078300040CEBF92CF92DF92EF92FF920F931F93B1
:10784000CF93DF93B090B003CB2DD0E0CE01865222
:107850009B4F6C01FC01008101110CC011E0812FD4
:10786000DF91CF911F910F91FF90EF90DF90CF901C
:10787000BF9008950E941037182F8111EFCFCC0FC1
:10788000DD1FFE01E55BF04FE080F180C70101974D
:107890008115924028F08EE99CE00E94E024DFCF21
:1078A00089E29DE0BB2011F08BE891E1B7010E94D5
:1078B000A5398E159F0519F083E99CE0EECF8091E4
:1078C000D2049091D304A091D404B091D5048E0D2C
:1078D0009F1DA11DB11D8093D2049093D304A0934A
:1078E000D404B093D504C55BD04F19821882F60139
:1078F00010828091B00391E089278093B003102F0C
:10790000AECF2F923F924F925F926F927F928F9263
:107910009F92AF92BF92CF92DF92EF92FF920F931E
:107920001F938C017B01892B11F0672B29F484E9CB
:1079300094E00E94B8310CC080913B0F882331F055
:1079400088E894E10E943E32811116C00E945F32A5
:10795000EFEFFFEFCF011F910F91FF90EF90DF90BE
:10796000CF90BF90AF909F908F907F906F905F90DF
:107970004F903F902F900895A701B80188E894E1B7
:107980000E94001AFC0197FDE1CF892B19F7A09105
:10799000B814B091B914109759F150964D915D916A
:1079A0006D917C9153971A012B01612C712C43012D
:1079B00058968D919D910D90BC91A02D5C016D010B
:1079C000E12CF12C87019501A601B701C8015101F5
:1079D0006201730184010E943BDD09F008F4BACF13
:1079E0000E947032882309F4B3CF85E894E0A1CFD8
:1079F000A091BA14B091BB14109709F4ABCF2C909E
:107A000011963C90119712964C90129713965C9099
:107A1000139714966C90149715967C90159716965C
:107A20008C90169717969C9017971896AC9018976D
:107A30001996BC9019971A96CC901A971B96DC90C1
:107A40001B971C96EC901C971D96FC901D971E96FC
:107A50000C911E971F961C91B6CF2F923F924F927A
:107A60005F926F927F928F929F92AF92BF92CF92CE
:107A7000DF92EF92FF920F931F93CF93DF9300D08B
:107A80001F92CDB7DEB76B017C015C834B8319017C
:107A9000DA011D921D921D921C921397F901118219
:107AA0001082C114D104E104F10409F481C046013B
:107AB0005701F1E0CF16F2E0DF06E104F10428F00F
:107AC000812C82E0982EA12CB12C9A828982B4015B
:107AD00089E29DE00E94813C8815990529F197FD76
:107AE0001EC067E070E08EEF97E00E94D32480E034
:107AF0000F900F900F900F90DF91CF911F910F91EA
:107B0000FF90EF90DF90CF90BF90AF909F908F90BD
:107B10007F906F905F904F903F902F90089566E018
:107B200070E088E098E0E1CF09E21DE0D8018D9196
:107B30008D010E941D2A282FEB81FC8140815181FB
:107B400062817381482E512C712C612CDB01CA019A
:107B500080959095A095B09584159505A605B705D7
:107B6000D8F48FEF9FEFDC0180839183A283B383EE
:107B7000F10180819181820F911D91838083C801E1
:107B800089529D4029813A818217930778F2C8185B
:107B9000D908EA08FB0885CF440D551D661D771DE1
:107BA000AB81BC814D935D936D937C931397E0CF34
:107BB00081E09ECF2F923F924F925F926F927F9281
:107BC0008F929F92AF92BF92CF92DF92EF92FF92ED
:107BD0000F931F93CF93DF9300D000D01F921F927B
:107BE000CDB7DEB71C0180901B1090901C10A090A8
:107BF0001D10B0901E100E945035861A970AA80AD0
:107C0000B90A67E070E08FE298E020E882169104FC
:107C1000A104B10408F49DC060E870E08BE891E134
:107C20000E94813C8038910509F08DC00BE811E17C
:107C300018861F82812C912C5401712CF80181919E
:107C40008F010E941D2A880E911CA11CB11C2F813E
:107C50003885280F311D38872F83739430E87312CD
:107C6000EDCFC0909D11D0909E11F12CE12CC092CF
:107C70001310D0921410E0921510F092161040904C
:107C80001B1050901C1060901D1070901E100E94D0
:107C90005035461A570A680A790A67E070E081E1B0
:107CA00098E04C145D046E047F0408F452C0610136
:107CB000EF80F8849501840140E850E060E070E0D6
:107CC00081E00E94272A811102C080E023C06091D8
:107CD00013107091141080911510909116109E0140
:107CE0002B5F3F4FAE014F5F5F4F0E942D3D8823BA
:107CF00061F3ED80FE8009811A812B813C814091E6
:107D0000131050911410609115107091161080E0AE
:107D10000E94272A28960FB6F894DEBF0FBECDBF6B
:107D2000DF91CF911F910F91FF90EF90DF90CF9057
:107D3000BF90AF909F908F907F906F905F904F908B
:107D40003F902F90089597FF07C066E070E086E2AD
:107D500098E00E94D324B9CF67E070E08CE198E00E
:107D6000F8CF8F929F92AF92BF92CF92DF92EF9215
:107D7000FF92C0901B10D0901C10E0901D10F0904E
:107D80001E100E945035C61AD70AE80AF90A80E880
:107D9000C816D104E104F10480F467E070E083EFD9
:107DA00097E00E94D32480E0FF90EF90DF90CF9087
:107DB000BF90AF909F908F90089560E870E08BE83F
:107DC00091E10E94813C8038910561F097FF05C0E8
:107DD00066E070E08AEE97E0E4CF67E070E080EE66
:107DE00097E0DFCFC0909D11D0909E11F12CE12C37
:107DF000C0921310D0921410E0921510F092161049
:107E000080901B1090901C10A0901D10B0901E1020
:107E10000E945035861A970AA80AB90A8C149D0444
:107E2000AE04BF0428F467E070E085ED97E0B9CFB9
:107E300060930B1070930C1080930D1090930E10A4
:107E4000C60ED71EE81EF91EC0920F10D092101059
:107E5000E0921110F092121010922C031092071061
:107E6000109208101092091010920A101092FE0F32
:107E70000E94522C81E098CF8F929F92AF92BF9236
:107E8000CF92DF92EF92FF920F931F9340910710D2
:107E9000509108106091091070910A108091131090
:107EA00090911410A0911510B09116104817590711
:107EB0006A077B0730F08FB7F89491E09093120235
:107EC0009FC00E943C11811528E0920790F066E067
:107ED00070E08CEC97E00E94D32480E01F910F911A
:107EE000FF90EF90DF90CF90BF90AF909F908F90DA
:107EF00008956FEF77E0681B790B09F482C0613059
:107F000082E0780710F060E072E0C0901310D0902B
:107F10001410E0901510F0901610009107101091B9
:107F200008102091091030910A10CB01B0E0A0E0B8
:107F300046015701801A910AA20AB30A88169906C7
:107F4000AA06BB0618F4B601601B710B89E29DE01E
:107F50000E94813C97FF05C066E070E083EC97E0EB
:107F6000BACF009729F467E070E089EB97E0B3CFD0
:107F70002091560330915703E9E2FDE0D901B77033
:107F80004191AA5DBA4F4C932F5F3F4FAF014952C9
:107F90005D404817590794F3092E000CAA0BBB0B40
:107FA00040910710509108106091091070910A10CB
:107FB000840F951FA61FB71F80930710909308107A
:107FC000A0930910B0930A108FB7F8943093570319
:107FD000209356030091071010910810209109106A
:107FE00030910A10409113105091141060911510A7
:107FF00070911610041715072607370708F05DCF94
:108000008FBF81E06BCFCF93DF93409107105091EA
:1080100008106091091070910A10809113109091CE
:108020001410A0911510B0911610481759076A073F
:108030007B0768F40E943C11EC010E943C3F282F12
:108040008823C1F00E943C118C179D07F1F68091A6
:10805000131090911410A0911510B091161021E0FA
:10806000892B8A2B8B2B31F00E943C1121E0892B2C
:1080700009F420E0822FDF91CF910895CF93609192
:1080800003107091041080910510909106100E94C9
:10809000CE35C82F811109C066E070E084E899E010
:1080A0000E94D3248C2FCF9108954091FF0F5091BF
:1080B00000106091011070910210409313105093C2
:1080C0001410609315107093161080910310909106
:1080D0000410A0910510B0910610840F951FA61FE3
:1080E000B71F80930F1090931010A0931110B093AE
:1080F000121010920710109208101092091010928E
:108100000A101092FE0F0E94522C0E940340C82FAA
:10811000882341F281E08093FE0FC4CF0F931F9319
:10812000CF930E944514811528E0920758F066E02D
:1081300070E085E795E00E94F22080E0CF911F91EA
:108140000F9108956FEF77E0681B790BC9F06130EC
:1081500082E0780710F060E072E089E29DE00E9422
:10816000813C97FF05C066E070E08BE695E0E3CFC9
:10817000009741F48FB7F89491E0909341028FBF3C
:1081800081E0DCCF2091E80F3091E90FE9E2FDE0DA
:10819000D901B7704191AA5DBA4F4C932F5F3F4F01
:1081A000AF0149525D404817590794F3092E000C5E
:1081B000AA0BBB0B4091D70F5091D80F6091D90FEC
:1081C0007091DA0F840F951FA61FB71F8093D70FEA
:1081D0009093D80FA093D90FB093DA0FCFB7F8943C
:1081E0003093E90F2093E80F0E9450350091DB0F88
:1081F0001091DC0F2091DD0F3091DE0F60177107B9
:108200008207930718F081E080934102CFBFB8CF77
:10821000CF93DF93EC01892B49F484E394E00E942F
:10822000B831C0E08C2FDF91CF9108950E94703259
:108230008823B9F388E894E10E943E32882321F034
:1082400088E894E10E94F6BB42E3BE0188E894E12D
:108250000E94EE31C82F811109C00E94703288231C
:1082600001F380E294E00E94B831DCCF81E394E036
:10827000FACFCF93DF93EC01892B49F487E194E0A7
:108280000E94B831C0E08C2FDF91CF9108950E94F9
:1082900070328823B9F388E894E10E943E32882343
:1082A00021F088E894E10E94F6BB40E0BE0188E836
:1082B00094E10E94EE31C82F811109C00E947032F2
:1082C000882301F385E094E00E94B831DCCF84E19B
:1082D00094E0FACFCF93DF93EC012C96CE010E946D
:1082E0003E32882319F0CE010E94F6BBDF91CF9178
:1082F0000C947032DC01D096ED91FC91D1973097BF
:1083000039F09081907D81E0911101C080E0089565
:10831000D296ED91FC913097C9F394A59075F3CF67
:108320008F929F92AF92BF92CF92DF92EF92FF9285
:108330000F931F93CF93DF937C018B01EA0188E4B5
:10834000DA011D928A95E9F76701BCE0CB0ED11CDA
:10835000BA01C6010E94EBC2FE01EF5BFF4F21E0B4
:10836000009709F020E020831FAE892B39F447EFF6
:1083700053E060E470E0CE010E94E78DC6010E94E8
:108380007A41FE01E05CFF4F8083D701DC96ED91DE
:10839000FC91DD973097E1F0808C918CA28CB38CAE
:1083A000FE01EE5BFF4F80829182A282B382CA5BA4
:1083B000DF4F19830883DF91CF911F910F91FF90B9
:1083C000EF90DF90CF90BF90AF909F908F900895E7
:1083D000DE96ED91FC91309729F080849184A284FF
:1083E000B384DECF812C912CA12CB12CD9CF8EBDA2
:1083F00000000DB407FEFDCF8EB508958CBD9DBD68
:108400000895CF92DF92EF92FF920F931F93CF9335
:10841000DF931F921F92CDB7DEB7182F0E94BF3196
:1084200011110BC080913B0F882339F00E947032EC
:10843000182F84EF93E0111116C10E944C32109254
:108440003B0F86EE93E00E94B83164E670E080E076
:1084500090E00E94B2B561E085E30E9475B30E948E
:10846000578B82E590E00E94FE411AE08FEF0E9458
:10847000F7411150D9F764E170E080E090E00E948C
:10848000B2B510922B1710922E1710922F17109230
:1084900030171092311710922D1785E380932C1707
:1084A00061E00E94B0B461E080912C170E9475B326
:1084B00082E580932417109225170E94578B81E044
:1084C00080932B1782E297E10E944BB761E0809185
:1084D0002C170E9475B31AE00E9401B71150E1F702
:1084E00060E080912C170E9475B30E940BB6605318
:1084F000784F7A83698320E030E0A90160E082E26E
:1085000097E10E94CFB7082F8130C1F1CE010196CB
:108510000E947FB7882379F381E080932D1782E250
:1085200097E10E9404B782E297E19093211780932C
:108530002017892BA1F080912D17811110C061E0C7
:1085400082E297E10E9424C4811182C060E08091A0
:108550002017909121170E9424C4811179C00E9494
:108560005F3210E0812F0F900F90DF91CF911F911C
:108570000F91FF90EF90DF90CF9008952AEA31E0BD
:1085800040E050E068E082E297E10E94CFB782FDD0
:1085900011C014E00E9401B7809330171150D1F739
:1085A0008A3A29F1CE0101960E947FB7882331F3E0
:1085B00086E0B3CF11E0C12CD12C760120E030E071
:1085C000A90167E382E297E10E94CFB7A701960174
:1085D00069E282E297E10E94CFB7882379F0CE0169
:1085E00001960E947FB7882349F387E196CF12E076
:1085F000C12CD12CE12C80E4F82EE0CF1230C9F44C
:1086000020E030E0A9016AE382E297E10E94CFB75F
:10861000882311F082E181CF0E9401B7807C803CE9
:1086200009F413E00E9401B70E9401B70E9401B74C
:10863000012F82E297E10E9404B780E5809324171E
:1086400081E0809325170093311780932A176BCF11
:1086500081E080933B0F0E947032182F882309F429
:1086600081CF83EE93E00E94B8310E94BB1A7ACF8B
:108670008091000186958170089580931102682F82
:1086800082E10C9475B30E94A9B30E944C3281E040
:10869000809341021092E70F1092EB0F1092EA0FB5
:1086A0001092E90F1092E80F1092E40F1092E30F6E
:1086B0001092E20F1092E10F1092E00F1092DF0F74
:1086C0001092DB0F1092DC0F1092DD0F1092DE0F74
:1086D0001092D70F1092D80F1092D90F1092DA0F74
:1086E0000C943D43882329F0109A81E08093BE0FBB
:1086F0000895109880E0FACFCF93CFB7F8941092F6
:1087000095001092940082E088BB109290008093B4
:10871000550381E00E947243E1E7F0E080818260CE
:10872000808389E080939100CFBFCF910895CF934C
:10873000CFB7F894E4E0F1E080818E7F8083E5E0BC
:10874000F1E080818E7F808380910301817080932E
:108750009A0380919A038093CA041092990310920D
:10876000980310929703109296031092950390E04D
:1087700080E00E94B10D82E08093F1040E94F93004
:1087800081E00E947243CFBF81E0CF9108951F9393
:10879000CF93DF931F921F92CDB7DEB71A82198253
:1087A0001FB7F8948091F104823021F08091F10498
:1087B000833021F50E94D3308091F104823029F575
:1087C000CE0101960E94190E109221019091730022
:1087D0009D7F9093730092E09ABB8823F1F089818A
:1087E0009A810E94330E8823C1F00E94F90D8823DC
:1087F000A1F01092F10480E00E9472431FBF0F901D
:108800000F90DF91CF911F910895809198039091DF
:1088100099039A83898381E0D7CF84E08093F10420
:10882000EACF2F923F924F925F926F927F928F92F8
:108830009F92AF92BF92CF92DF92EF92FF920F93EF
:108840001F93CF93DF931F921F92CDB7DEB75524AE
:10885000539499E2A92E9DE0B92E28E8222E312CBE
:1088600031E7632E712C40E6842E912C00911B146D
:1088700010911C140115110509F432C280911D14C8
:1088800040911E1450911F14609120147091211476
:10889000C0902614D090271410921C1410921B1410
:1088A0000130110509F00AC1E090DC04F090DD040C
:1088B0000091B5031091B6038091460F8823B9F05B
:1088C000F12C8F2D0F900F90DF91CF911F910F9171
:1088D000FF90EF90DF90CF90BF90AF909F908F90E0
:1088E0007F906F905F904F903F902F900895809170
:1088F000B3038111E5CFA114B10409F472C0E114EE
:10890000F10409F46EC0F701408CF1E04F1269C028
:10891000BE016F5F7F4FC7010E943830882309F482
:1089200060C080E8F701A9E2BDE001900D928A9550
:10893000E1F74092290DF7017A9686E0ABE3BDE0BE
:1089400001900D928A95E1F7E1E4FDE068E611926D
:108950006A95E9F789819A819093B2038093B10374
:10896000019786309105B8F190E080E090933D0F3B
:1089700080933C0F89E2E82E8DE0F82EC7010E941B
:1089800041A4882309F49CCFF70182899389B0E040
:10899000A0E08093420F9093430FA093440FB093B5
:1089A000450F80589F4FAF4FBF4F8093DF04909388
:1089B000E004A093E104B093E2045092460FC70193
:1089C0000E94BA9B6091420F7091430F8091440FB7
:1089D0009091450F14C086509D4FFC01808190E01E
:1089E000C5CFC7010E945C30882361F05092B30369
:1089F000C7010E94BA9B6AE570E080E090E00E94A7
:108A000023B234CF0115110509F471C198012A5F11
:108A100031090A3F110538F42AEF30E0201B310BF1
:108A20000838110520F1A80148585109C80181579B
:108A300091090056110970E4C71A7FE1D70AE9E8E5
:108A4000CE16E3E1DE0648F40817190730F40417E0
:108A5000150718F40217130730F142175307C0F433
:108A60008417950708F43FC181E090E01EC0A10182
:108A7000401B510B01371105C8F6C301801B910B38
:108A800000361105B0F6B401601B710B8B01D3CF1A
:108A90008217930708F02BC18417950708F027C1A8
:108AA00082E090E002C088E090E090933D0F8093D8
:108AB0003C0FE114F10409F403CF60CF023011053B
:108AC00039F59091B303992359F04A355105610561
:108AD000710508F0F5CE475D524FFA018083C6CE8E
:108AE0009091460F992309F4EBCE0091420F10911B
:108AF000430F2091440F3091450F401751076207F3
:108B0000730708F0DDCE0E9468218111AFCED8CE68
:108B10000330110509F0C4C0F090B303FF2009F43D
:108B200098C06BE871E1672B09F488C00091DC0400
:108B30001091DD04C8010E945C30882309F47EC0D6
:108B4000A114B10409F47AC0BE016F5F7F4F89E2BE
:108B50009DE00E940830882309F470C080E8F80185
:108B6000ABE8B1E101900D928A95E1F78091750D26
:108B700080938B118DE0E6E7FDE0ADE9B1E1019076
:108B80000D928A95E1F71092AA1189819A819093AA
:108B9000B2038093B10301978630910508F453C066
:108BA00090E080E090933D0F80933C0F10924A0F2D
:108BB0001092490F1092480F1092470F1092EF0435
:108BC0001092EE041092ED041092EC041092E8045E
:108BD0001092E9041092EA041092EB0410923E0FF6
:108BE00010923F0F1092400F1092410F8BE891E1CD
:108BF0000E9441A4882309F463CE80919D11909135
:108C00009E11B0E0A0E08093420F9093430FA09399
:108C1000440FB093450F80589F4FAF4FBF4F809385
:108C2000DF049093E004A093E104B093E204509237
:108C3000460F1092B3038BE891E1C2CE86E39DE02C
:108C40000E9418973DCE86509D4FFC01808190E098
:108C5000A9CF8091460F8823A9F040913E0F5091F3
:108C60003F0F6091400F7091410F8091DF04909110
:108C7000E004A091E104B091E204481759076A07A3
:108C80007B0719F01092E6041CCE5092E6040E9475
:108C9000C7430E9450211093F4040093F304E6CDDF
:108CA0000430110509F0E2CDF090B303FF2019F074
:108CB0008AE29DE0C5CF8091E704882329F08DE109
:108CC0009DE00E941897FDCD8091B1039091B20371
:108CD000892B19F45092F004C9CD80E19DE0F1CFC9
:108CE000FF24F394EECD8217930708F4D9CE90E0D9
:108CF00080E0DBCE18166CF46091DE0490E00E94F8
:108D00001F2D8091DE0491E089278093DE040C946E
:108D1000114480E008950E94D330E3E7F0E08081C1
:108D20008D7F8083109221011092200182E08ABB06
:108D300080E00C9472431F93CF93DF931FB7F89496
:108D4000C0910301C17080919A038C1731F1809119
:108D50009803909199030E94330ED82F81110BC074
:108D60000E948B4684E08093F1041FBF8D2FDF911A
:108D7000CF911F910895C0939A031092970390E0AA
:108D800080E00E94B10D82E08093F1040E94F930EE
:108D900081E00E947243D1E0E8CF809198039091E6
:108DA0009903EFCFCF93DF93DFB7F8940E94D330CE
:108DB000D19B0FC00E94080EC82F81110AC00E94CB
:108DC0008B4684E08093F104DFBF8C2FDF91CF913D
:108DD0000895809124019091250110922101909392
:108DE00099038093980383E08093F10480E00E94CC
:108DF0007243C1E0E9CF1F920F920FB60F92112478
:108E00000BB60F922F933F934F935F936F937F9384
:108E10008F939F93AF93BF93EF93FF938091F10450
:108E2000823061F40E94F90D8823D9F082E00E941B
:108E3000D90D8823B1F081E080939703FF91EF91E2
:108E4000BF91AF919F918F917F916F915F914F9162
:108E50003F912F910F900BBE0F900FBE0F901F9060
:108E600018950E948B4684E08093F104E7CFCF935E
:108E7000CFB7F8940E948B461092970310929603F6
:108E80001092F104CFBFCF910895009711F00E9486
:108E900018970E9437470E949E2C0E944C32809166
:108EA000D810882321F088ED90E10E94F03485E00D
:108EB00090E09093F4048093F30408950E94E024DA
:108EC0000E9437470E944C328091D810882321F0AD
:108ED00088ED90E10E94F03485E090E09093D71007
:108EE0008093D6100895CF93CFB7F8940E948B4605
:108EF0001092940310929303109292031092910394
:108F000010929903109298038CE991E390932A02AE
:108F10008093290282E0809328021092C904109263
:108F20009A031092CA04109297031092960310921B
:108F300095031092F104CFBFCF9108950E9473471B
:108F40001092D7101092D61010929A101092991079
:108F50001092D81010927811EBE4FFE01182108289
:108F600013821282EAEDF4E0108211821092D10491
:108F70001092B003E8EAF3E01082118212821382A9
:108F800014821582168217821092D2041092D30492
:108F90001092D4041092D5041092D6041092D704E3
:108FA0001092D8041092D9041092D0041092CF04D9
:108FB0001092CE041092CB041092CD041092A7030D
:108FC0001092A6031092CC041092A5031092A40351
:108FD0001092A0031092A1031092A2031092A30377
:108FE00010929F0310929E0310929D0310929C0377
:108FF00010929B0308951F920F920FB60F921124A7
:109000000BB60F921F932F933F934F935F936F93E2
:109010007F938F939F93AF93BF93EF93FF93CF93E0
:10902000DF931F921F92CDB7DEB71091030111702D
:1090300080919B1090911E03911781F010931E0355
:1090400020919C1030919D102F5F3F4F30939D10C9
:1090500020939C108130D1F480939E100F900F903C
:10906000DF91CF91FF91EF91BF91AF919F918F9140
:109070007F916F915F914F913F912F911F910F9031
:109080000BBE0F900FBE0F901F901895833031F7D5
:109090008091F104823011F780919A031817F1F250
:1090A000CE0101960E94190E811106C00E948B46C6
:1090B00084E08093F104D2CF89819A810E94330E9B
:1090C0008823A1F310939A03C9CF809171008A7FFE
:1090D00080937100109290001092910085E088BBFF
:1090E00080918A11833011F410928A1180E00C94DF
:1090F0007243CF93C82F0E94654880E00E945515A7
:1091000010928B03C0939003CF910895FF920F9319
:109110001F93CF93DF9300D01F92CDB7DEB70E948D
:1091200067118823A1F08091FC0F9091FD0F0397A8
:1091300071F480912F0390913003892B41F40E94A8
:10914000A3B360E971E080E090E00E94B2B5FFB6A1
:10915000F894BE016D5F7F4FCE0101960E94C3213E
:10916000882309F46EC08091FC0F9091FD0F10E0F0
:10917000039719F40E945711182F009121104B8169
:109180005C8129813A81CA01820F931F8230910547
:1091900010F482E090E0602F61276093F50F0113D7
:1091A0009A012115310511F421E030E03093450298
:1091B0002093440221E030E03093430220934202A6
:1091C0001092F20F2093F40F1092F30F1092EF0F02
:1091D000209171002A7F20937100109290001092CC
:1091E0009100019790939900809398008091440298
:1091F0009091450290939B0080939A0080919800F3
:1092000090919900909395008093940085E088BB9D
:1092100081E0011380E00E945515011325C010E282
:1092200082E080938A1181E00E9472431360109360
:1092300090008091710084608093710089E1809337
:109240009100FFBE8091DB13823081F48091FB0F8F
:1092500091E089270F900F900F900F90DF91CF91A1
:109260001F910F91FF90089510E3DACF80E0F2CFC5
:109270001F93CF93DF938091DB13813031F0809186
:10928000DB13C0E0833009F053C082E08093DB132E
:109290008091FC0F9091FD0F049719F080E00E94DF
:1092A0003D43C091F60FCC2309F447C01092FA0F4A
:1092B00081E09091F00F911101C080E00E9455155E
:1092C0001FB7F8948091F10FD0E0882329F08091A6
:1092D000F50FD0E28111D0E382E080938A1181E022
:1092E0000E94724385E088BBD360D0939000809148
:1092F00071008A7F809371008091F10F882329F09B
:10930000809171008460809371008091F40F8823B4
:1093100021F08091F30F882329F080917100816002
:109320008093710089E1809391001092F60F1FBF26
:109330008C2FDF91CF911F9108958091FC0F909118
:10934000FD0F049751F40E941B36C82F8111F0CFF6
:109350008AEC93E10E9456B2EBCFDF91CF911F913F
:109360000C948648909171009A7F909371001092AE
:1093700090001092910095E098BB90918A119230E4
:1093800011F410928A111092F40F1092F30F1092B0
:10939000F20F0E94551580E00C9472431F920F92B9
:1093A0000FB60F9211240BB60F922F933F934F934A
:1093B0005F936F937F938F939F93AF93BF93CF935D
:1093C000EF93FF9380918A11823009F06AC08091F7
:1093D000DB13823021F080E00E94B2491DC00E9460
:1093E00048108091F30F8823A9F1C091EF0FC1308D
:1093F00039F58091FC0F9091FD0F019709F50E94BE
:1094000077118823E9F01092EF0F81E00E94B249B2
:10941000C130D1F4C093FB0FFF91EF91CF91BF9179
:10942000AF919F918F917F916F915F914F913F91FC
:109430002F910F900BBE0F900FBE0F901F9018959D
:109440001092EF0F80E0E2CFC23031F784E08093DA
:10945000DB13E2CF8091F20F811107C067E070E06B
:1094600088E999E00E94B421B6CF809142029091A0
:10947000430290934502809344021092F20F0E949F
:1094800096248111C9CF8091EF0F882309F4A3CFCF
:1094900081E08093F30F809171008560809371006B
:1094A000BBCF809171008E7F8093710081E088BB7B
:1094B000B3CF809171008B7F8093710010929000E8
:1094C0001092910084E088BB80918A11813011F460
:1094D00010928A1180E00C9472431F920F920FB683
:1094E0000F9211240BB60F922F933F934F935F93DC
:1094F0006F937F938F939F93AF93BF93CF93EF938C
:10950000FF9380918A11823009F45FC0833009F49F
:109510008DC0813009F0ABC18091E70F8230B1F08E
:109520000E94594AFF91EF91CF91BF91AF919F91C6
:109530008F917F916F915F914F913F912F910F90FC
:109540000BBE0F900FBE0F901F9018958091E30FE8
:109550009091E40F009739F01092E40F1092E30F0E
:109560000E945A0FDFCF2091EA0F3091EB0F8091CC
:10957000E80F9091E90F2817390791F0F901F7707A
:10958000EA5DFA4FC0818C2F2F5F3F4F3093EB0F76
:109590002093EA0FC11113C08FE70E941614E0CF89
:1095A0000E94594A80E00E9455158091410288230B
:1095B00021F084E08093E70FB5CF85E0FBCFC7FDB6
:1095C000C1950E9460158C2FE8CF8091DB1382300B
:1095D00009F0A8CF0E9448108091F40F882301F170
:1095E000C1E0C8BB1092F40F0E949624882331F08A
:1095F0008091710081608093710094CF8091EF0F12
:10960000882351F0C093F30F80917100856080939F
:1096100071000E944A1186CF80E00E94B24982CF39
:109620008091F30F882309F47DCFF3CF80919003CD
:10963000823019F00E94654875CFE0918B03E150AC
:10964000E83008F09DC0F0E08827E65DF44B8F4FCE
:109650000C9406DC324B3D4B634B6E4B814B8C4B79
:10966000D34B0F4C81E00E94551582E080938B0311
:1096700080915E0390915F0323C080911A029091C4
:109680001B020E94C90F80916803909169030097A3
:1096900029F00197909369038093680380E00E940A
:1096A00055158091680390916903892B11F081E031
:1096B000DDCF83E080938B03809160039091610301
:1096C0000E945A0F2FCF81E00E94551584E08093AD
:1096D0008B038091620390916303F2CF8091180213
:1096E000909119020E94C90F80E00E9455150E94B6
:1096F0004A0F90931D0280931C0225E020938B0358
:10970000DFCF81E00E94551586E080938B03809126
:109710001C0290911D02D4CF8091160290911702E5
:109720000E94C90F8091260290E0959587958093BD
:109730002602892BC9F680917103909172030196DC
:10974000909372038093710320917303309174039B
:109750008217930728F080E00E94551587E086CF96
:1097600080918E0390918F0320918C0330918D0313
:109770008217930741F480912702882309F45DC082
:1097800087E090E05CC0FC01F770EA5DFA4F208151
:1097900020937003019690938F0380938E0380E84B
:1097A00080932602A1CF80911402909115020E940D
:1097B000C90F80911E02882359F00E94654880E0FD
:1097C0000E94551510928B0384E080939003AACEDB
:1097D00080E00E94724381E080938A0310928903A3
:1097E00080916A03811112C08DE590E0909384030B
:1097F0008093830380E29EE49093820380938103AD
:1098000088E080938B030E94690F8CCE8AE091E000
:10981000909384038093830380E49CE9EDCF80914F
:109820007F03909180030E94C90F0E94690F8111EC
:1098300079CE80918903811105C085E090E00E9476
:10984000794870CE40911F0260916B0380916C0348
:1098500090916D030E94280F1092890310928A0341
:1098600081E00E94724380E00E94551520CF8091D4
:1098700071008B7F8093710084E088BB53CE1F936F
:10988000CF93DF931FB7F894109285001092840055
:109890008091000590910105019790938900809334
:1098A000880010928000C1E8D0E088E0888382E0E0
:1098B00086BB8093F60481E00E947243EFE6F0E0FD
:1098C00080818260808389E088831FBF81E0DF918F
:1098D000CF911F9108951F920F920FB60F921124EE
:1098E0000BB60F922F933F934F935F936F937F939A
:1098F0008F939F93AF93BF93EF93FF938091F60461
:10990000823001F180916F008D7F80936F00109203
:10991000810086E08093F60480E00E947243FF910C
:10992000EF91BF91AF919F918F917F916F915F91D7
:109930004F913F912F910F900BBE0F900FBE0F9044
:109940001F9018958091030180FF0DC09091FA043B
:109950008091FB0421E030E001C0220F9A95EAF7E4
:10996000822B8093FB048091FA048F5F8093FA042A
:109970008091FA04883041F52091FB048091040520
:10998000909105054091060550910705BC01641BA7
:10999000750BAB014F3F574048F080916F008D7FB2
:1099A00080936F001092810084E0B4CFFC01F770C7
:1099B000EA5DFA4F20830196909305058093040594
:1099C0001092FB041092FA042091000530910105D9
:1099D0008091FC049091FD044091FE045091FF049D
:1099E000840F951F40910205509103058417950738
:1099F00020F0841B950B2F5F3F4F9093FD048093C5
:109A0000FC0421503109309389002093880087CFCE
:109A1000CF93CFB7F89480916F008D7F80936F00C4
:109A2000109281001092800082E086BB9091FB042E
:109A30008091FA041092FB041092FA04882339F002
:109A40009093F9048093F80481E08093F704809167
:109A5000F604843011F01092F60480E00E94724304
:109A6000CFBFCF9108951F920F920FB60F9211247E
:109A70000BB60F922F933F934F935F936F937F9308
:109A80008F939F93AF93BF93EF93FF938091550371
:109A9000823029F1809171008D7F8093710088E080
:109AA000809391001092900082E088BB80E00E9439
:109AB000724387E080935503FF91EF91BF91AF917F
:109AC0009F918F917F916F915F914F913F912F91D6
:109AD0000F900BBE0F900FBE0F901F9018958091A6
:109AE0004B0381111FC080910805909109052091B9
:109AF000270D3091280D8217930709F44EC0FC0101
:109B0000F770EA5DFA4F408140934C034091330275
:109B10000196411137C0909309058093080588E0AC
:109B200080934B0380914C03282F30E03595279587
:109B300020934C0390914B03915090934B03817071
:109B40000E945515209151033091520380914D038D
:109B500090914E0340914F0350915003840F951FF5
:109B6000409153035091540384179507D8F590936F
:109B70004E0380934D032150310930939900209377
:109B800098009ACF2817390731F680912E0230932A
:109B90000905209308058111C3CF809171008D7F45
:109BA0008093710088E0809391001092900082E091
:109BB00088BB80E00E94724380E00E94551580912E
:109BC0003302882369F020910805309109058091BE
:109BD000270D9091280D2817390711F484E06ACFDA
:109BE00085E068CF841B950B2F5F3F4FC0CF80E08F
:109BF0000C947243CF93CFB7F8940E946548CFBFBF
:109C00000E94A3B30E94F74D0E944C328FB7F89484
:109C100010928F0310928E0310928D0310928C037A
:109C200091E0909327021092900310928B03109270
:109C30008A03109289031092850310928603109272
:109C4000870310928803109284031092830310926A
:109C50008203109281031092800310927F038FBFC2
:109C600010927E0310927D031092790310927A0372
:109C700010927B0310927C0310927503109276036E
:109C8000109277031092780310927403109273036A
:109C900010927203109271031092700380E8809307
:109CA000260210926F0310926E031092DC1381E073
:109CB000CF910C943D430F931F93CF93DF938C016F
:109CC000C62FDFB7F8940E946548DFBF0E94A3B398
:109CD0000E94F74D0E944C32A80161E170E08CEDCA
:109CE00093E10E94E78D8FB7F89410928B03C09395
:109CF00090038FBFDF91CF911F910F910895CF9364
:109D0000DF93EB010E94813C97FF0AC066E070E0A0
:109D100085E09CE00E945B4E80E0DF91CF9108954A
:109D20008C179D0729F067E070E08EE09CE0F2CF91
:109D300081E0F3CFCF93DF93C0917D03D0917E0379
:109D4000209741F48FB7F89491E0909327028FBF4A
:109D500081E00DC00E94BB0F811528E0920750F0F2
:109D600066E070E08CEF9BE00E945B4E80E0DF914C
:109D7000CF9108952FEF37E0281B390B49F3C130FD
:109D800082E0D80710F0C0E0D2E02C173D0708F4BD
:109D9000E901BE0189E29DE00E94813C97FF05C078
:109DA00066E070E083EF9BE0DFCF8C179D0729F022
:109DB00067E070E089EE9BE0D7CF80918C039091B3
:109DC0008D03E9E2FDE0DC01B7702191AA5DBA4F95
:109DD0002C9301969F0129523D402C173D0798F383
:109DE00020917D0330917E032C1B3D0B30937E032D
:109DF00020937D032FB7F89490938D0380938C0369
:109E000080917D0390917E03892B19F481E08093EA
:109E100027022FBF9DCF4F925F926F927F928F92BA
:109E20009F92AF92BF92CF92DF92EF92FF920F93E9
:109E30001F93CF93DF9300D0CDB7DEB7082F0E94DA
:109E4000BB0F892B39F066E070E083E59CE00E944F
:109E50005B4E2DC00E945035C0907903D0907A039C
:109E6000E0907B03F0907C03C616D706E806F9065F
:109E700028F466E070E08AE49CE0E9CFA70196014F
:109E8000261B370B480B590BDA01C9010297A105B4
:109E9000B10528F467E070E08FE39CE0D8CF62E082
:109EA00070E0CE0101960E947F4E811116C010E035
:109EB000812F0F900F900F90DF91CF911F910F91F5
:109EC000FF90EF90DF90CF90BF90AF909F908F90DA
:109ED0007F906F905F904F900895E980FA8067E0DF
:109EE00070E084E39CE032E0E316F10408F4AFCFC5
:109EF0000E9450358090790390907A03A0907B0364
:109F0000B0907C03861A970AA80AB90A2701712C17
:109F1000612C67E070E08AE29CE084149504A6045A
:109F2000B70408F494CF61E070E0CE0103960E947C
:109F30007F4E182F882309F4BACF8B8181508E3F32
:109F400028F467E070E081E29CE081CFC7010197CF
:109F500090937E0380937D038FB7F894109227022D
:109F60008FBF80917D0390917E03892BD9F00E9451
:109F7000BB0F6C010E949A4E81110FC0809190031B
:109F8000863009F494CF80919003873009F48FCF05
:109F900066E070E088E19CE05ACF0E94BB0FC816D3
:109FA000D906F9F60E94BB0F892B41F341E08414D6
:109FB0009504A604B70409F040E06B81002329F062
:109FC000C7010E94280F102F73CFF0926D03E0920B
:109FD0006C0360936B0340931F028FB7F89491E07A
:109FE000909389038FBF64CFCF93DF93C0912710E5
:109FF000D09128102297AC0161E170E08DE790E1EB
:10A000000E94E78D0E94D3180E94F74D84E090E0F3
:10A010009093281080932710229720F40E94FD131C
:10A02000882329F081E0DF91CF910C943D43DF91AB
:10A03000CF910895CF93DF93C0912710D09128102E
:10A0400022970097F9F48DE790E1009731F04EE404
:10A050005AE061E170E00E94D38D0E94D3180E9403
:10A06000F74D84E090E0909328108093271022977A
:10A0700020F40E94FD13882379F081E0DF91CF91D5
:10A080000C943D4340E150E0BC018DE790E10E941B
:10A090008CDD10928D10E1CFDF91CF910895CF9399
:10A0A000DF938091271090912810039791F480916D
:10A0B000791090917A108630910509F04BC00E947A
:10A0C000D014039771F00E94D0140E9425100E94B2
:10A0D000F44F83E090E0909396108093951080E089
:10A0E00036C0209151033091520380914D039091DD
:10A0F0004E0340914F0350915003840F951F4091A0
:10A100005303509154038417950720F0841B950B3B
:10A110002F5F3F4F90934E0380934D0321503109A1
:10A1200030939900209398000E947C430E9430193C
:10A1300082E090E0909328108093271081E090E0D7
:10A1400090939610809395100E94502981E0DF91A2
:10A15000CF9108959C01215031092330310548F4F5
:10A160000E9438498111E2CF8CED93E10E941A5090
:10A17000B0CF0797B1F5909190039330A9F7CFB77F
:10A18000F894809171008A7F809371001092900002
:10A1900010929100109295001092940085E088BB77
:10A1A00082E08093900390938A1190918B0381E0D9
:10A1B000983009F480E00E94724381E0809391001E
:10A1C00080916E0390916F030E94AC0F10926F0309
:10A1D00010926E0380917100846080937100CFBFF4
:10A1E000A5CF8091E70F833009F0BECFDFB7F89499
:10A1F000109295001092940010929000C1E0C093CC
:10A20000910084E088BB82E08093E70F81E00E94A8
:10A2100072438091DF0F9091E00F9093E40F809351
:10A22000E30F1092E00F1092DF0FC0938A1180911C
:10A23000E10F9091E20F0E94AC0F1092E20F10928A
:10A24000E10F80917100846080937100DFBFC8CFFF
:10A250002FB7F894909171009A7F909371001092AB
:10A2600090001092910095E098BB90918A119230E5
:10A2700011F410928A111092F40F1092F30F1092B1
:10A28000F20F2FBF81110E94A3B30C94F74D81E010
:10A290000E9428510E944C320E94522C1092DB13D3
:10A2A0001092FD0F1092FC0F1092FB0F1092FA0FFC
:10A2B0001092F90F1092F80F1092F70F1092F60FFC
:10A2C0001092F50F1092F40F1092F30F1092F20FFC
:10A2D0001092F10F1092F00F81E090E09093450200
:10A2E0008093440290934302809342021092EF0FB6
:10A2F00010921B1010921C1010921D1010921E1024
:10A3000010921710109218101092191010921A1023
:10A310001092211090E080E00E94552910921310B5
:10A3200010921410109215101092161010920F1017
:10A3300010921010109211101092121010920B1017
:10A3400010920C1010920D1010920E101092071017
:10A35000109208101092091010920A101092031017
:10A360001092041010920510109206101092FF0F18
:10A370001092001010920110109202101092FE0F15
:10A380001092EE0F1092ED0F1092EC0F0E94602CC5
:10A3900081E00C943D43CF92DF92EF92FF920F93B6
:10A3A0001F93CF930091FC0F1091FD0F0130110509
:10A3B00009F047C00E946711882381F08091FE0F49
:10A3C000811106C00E943E40811102C0C0E025C03C
:10A3D00083E090E00E945010C1E01FC00E948711EE
:10A3E000C82F882339F10E9477118823F9F080E083
:10A3F0000E94285181E00E94551584E090E09093DE
:10A40000FD0F8093FC0F1092FB0F1092FA0F109229
:10A41000F90F1092F80F1092F70F8C2FCF911F9118
:10A420000F91FF90EF90DF90CF90089581E00E9410
:10A430002851E3CF0E9457118111C0CF82E090E0F4
:10A44000C9CF0230110521F40E94BE118111BACF8B
:10A45000C8010297029738F067E070E08EE899E053
:10A460000E94D324B3CF0230110529F40E94FD13BA
:10A47000C82F8111DBCF80911F109091201002977F
:10A4800001F50E94503500911B1010911C10209175
:10A490001D1030911E10601771078207930708F096
:10A4A0004AC00E94B13E882309F490CF0E94034025
:10A4B000C82F882309F48ACF81E090E00E945010D1
:10A4C000ACCF02301105B9F50E94503500911B1038
:10A4D00010911C1020911D1030911E1060177107F3
:10A4E0008207930740F568017901C61AD70AE80A7E
:10A4F000F90AB701A601409313105093141060930A
:10A5000015107093161000930F10109310102093D5
:10A510001110309312101092071010920810109220
:10A52000091010920A100E94522C0E9403408823A6
:10A5300009F44CCF83CF84E08093DB134DCF9FB7DA
:10A54000F894EFE6F0E080818D7F808310928100A7
:10A550001092800082E086BB9FBF0C94F74D2FB70E
:10A56000F894909171009D7F9093710098E0909382
:10A5700091001092900092E098BB2FBF81110E9431
:10A58000A3B30C94F74DCF9380912710909128108E
:10A59000029789F48091791090917A108630910514
:10A5A000E1F40E94D014029771F00E94D0140E942E
:10A5B00025100E94F44F83E090E0909396108093D2
:10A5C000951080E03CC080E00E94AF528FB7F894B5
:10A5D00093E0909355038FBF23C09C012150310914
:10A5E0002330310508F071C08091DB13823009F00F
:10A5F00067C08091FC0F9091FD0F049721F483E0D8
:10A600008093DB130DC08091FB0F8823D1F00E9453
:10A61000CB51882309F454C08091DB13843079F73F
:10A620000E94D31883E090E0909328108093271025
:10A6300082E090E0909396108093951081E0CF9106
:10A6400008959FB7F89440919400509195002091FF
:10A650004402309145028091F50F882331F081E06A
:10A660004217530730F480E004C081E042175307DB
:10A67000D0F78093F00F8091900085FB882780F9B8
:10A680008093F10F809171008A7F80937100809197
:10A690009100887F80939100809190008F7C8093BF
:10A6A000900085E088BB81E08093F60F83E0809383
:10A6B000DB139FBF80E00E9455150E94F74DB0CF7D
:10A6C0008CED93E10E941A5076CF079701F58091A7
:10A6D00090038230A9F7CFB7F89480919A009091B7
:10A6E0009B002091940030919500C29903C0821B79
:10A6F000930B11F481E090E090936F0380936E03CD
:10A700000E94654883E080939003CFBF65CF80911E
:10A71000E70F8230A9F6CFB7F89480919A00909114
:10A720009B002091940030919500C29903C0821B38
:10A73000930B11F481E090E09093E20F8093E10F8E
:10A740008091E30F9091E40F9093E00F8093DF0FDF
:10A750001092E40F1092E30F0E94594A83E0809315
:10A76000E70FD3CF81E00E94AF528FB7F8941092D9
:10A77000550310924C0310924B038FBF08950E9413
:10A78000F74D0E94B2530E944AA80E9443430E9480
:10A7900047510E94FA4D81E00E943D4310922310E0
:10A7A0001092241010922510109226101092D30FA0
:10A7B0001092D40F1092D50F1092D60F1092CF0F87
:10A7C0001092D00F1092D10F1092D20F1092CE0F84
:10A7D0001092221010922810109227100895CF93F3
:10A7E000DF93EC01FE0164912196662329F082E358
:10A7F00097E10E94AAB4F6CFDF91CF910895CF924E
:10A80000DF92FF920F931F93CF93DF9300D000D07E
:10A810001F921F92CDB7DEB7853608F084E628E098
:10A82000829FC0011124C29664E670E00E94D0DBD2
:10A83000F62E80913402861711F18E010F5F1F4FA3
:10A84000F80180E098E0961B20E0891708F02FE1DE
:10A8500021938F5F8830C1F788E40E9457B4680164
:10A8600088E0C80ED11CF80161918F0182E397E165
:10A870000E94AAB4C016D106B1F7F092340228960D
:10A880000FB6F894DEBF0FBECDBFDF91CF911F9101
:10A890000F91FF90DF90CF9008950C945DB480915C
:10A8A0007310882351F060916D108DE290E10E9449
:10A8B00054A5811102C00E94AAA71092D310109231
:10A8C000D2100C944D54AF92BF92CF92DF92EF9280
:10A8D000FF920F931F93CF93DF93CDB7DEB7AE9761
:10A8E0000FB6F894DEBF0FBECDBF8B017E0123E211
:10A8F000E20EF11CAC016CE070E0C7010E94E78D34
:10A90000FF92EF928FE595E09F938F931F9281E1E5
:10A910008F93CE0101966C019F938F930E94F38BCE
:10A920000E944D54B60180E00E94C08B64E575E042
:10A9300081E00E94A88F0FB6F894DEBF0FBECDBF96
:10A940000E94BFB00817190758F4801B910B4E974F
:10A9500060F464E170E080E090E00E94B2B5F0CF76
:10A960009801281B390BC901F2CF6AEF70E080E033
:10A9700090E00E94B2B50E94E5B55C01BF928F9352
:10A980008CE495E09F938F931F9281E18F936E01EA
:10A9900032E1C30ED11CDF92CF920E94F38BB7013C
:10A9A00080E00E94C08BB60181E00E94C08B6CEBFE
:10A9B00072E080E090E00E94B2B560E475E080E073
:10A9C0000E94A88F68E375E081E00E94A88F0FB60F
:10A9D000F894DEBF0FBECDBF0E94BFB008171907A5
:10A9E00058F4801B910B459760F064E170E080E0C3
:10A9F00090E00E94B2B5F0CF9801281B390BC90135
:10AA0000F2CF68EC70E080E090E00E94B2B5C50142
:10AA1000AE960FB6F894DEBF0FBECDBFDF91CF91DB
:10AA20001F910F91FF90EF90DF90CF90BF90AF906C
:10AA300008950F931F93CF93DF93CDB7DEB72C9775
:10AA40000FB6F894DEBF0FBECDBFFC0100811181AF
:10AA5000011584E0180708F04EC0A281B381A1154A
:10AA600084E0B80708F047C064817581611584E00F
:10AA7000780708F040C046815781411584E05807A7
:10AA8000D0F520853185211584E03807A0F5828531
:10AA900093858115E4E09E0770F51A830983BC83D2
:10AAA000AB837E836D8358874F833A8729879C8742
:10AAB0008B87FE01319620E02F5FBF016E5F7F4FD5
:10AAC000DB01322F363079F08D919D91408151819B
:10AAD0008417950768F48A01081B190BC80144976D
:10AAE00050F03F5FEFCFFB01263031F781E004C02B
:10AAF000841B950BF4CF80E02C960FB6F894DEBF44
:10AB00000FBECDBFDF91CF911F910F9108950E948D
:10AB1000BFB09C0140913502509136024817590749
:10AB200008F05AC0BC01641B750BAB0180913D025B
:10AB300090913E028217930708F051C0F901E81B7B
:10AB4000F90BCF018417950708F04CC0AC0184E0E5
:10AB500090E060913702709138026217730708F035
:10AB600044C0F901E61BF70BBF016417750718F421
:10AB7000AB0181E090E06091390270913A02621776
:10AB80007307B0F5F901E61BF70BBF0164177507F2
:10AB900018F4AB0182E090E060913B0270913C02BE
:10ABA0006217730740F5F901E61BF70BBF01641745
:10ABB000750718F4AB0183E090E060913F0270915B
:10ABC000400262177307D0F4261B370B2417350792
:10ABD00010F485E090E00895481B590BA7CF821B25
:10ABE000930BB0CF90E080E0B4CF621B730BBDCF6E
:10ABF000621B730BCBCF621B730BD9CFFB01E21B24
:10AC0000F30B9F01E3CFCF92DF92EF92FF920E946E
:10AC10000BB66B010E9487552091CB0F3091CC0F62
:10AC20002817390741F09093CC0F8093CB0FD09227
:10AC3000C80FC092C70F2091C70F3091C80FA6014F
:10AC4000421B530B4431510508F45BC02091C90FDE
:10AC50003091CA0F2817390709F453C09093CA0FCF
:10AC60008093C90F2115310541F5009709F449C0BA
:10AC70009093C60F8093C50FD092C40FC092C30F9C
:10AC8000D092C20FC092C10F1092C00F1092BF0F8E
:10AC90009C01215031092230310528F4029751F0EE
:10ACA00081E090E002C090E080E0FF90EF90DF90C4
:10ACB000CF90089583E090E0F8CF0097C9F6235035
:10ACC000310923303105D0F48091C00F811116C0B5
:10ACD00028523D4FF901808190E01092C60F1092EA
:10ACE000C50F1092C40F1092C30F1092C20F109292
:10ACF000C10F1092C00F1092BF0FD7CF90E080E02D
:10AD0000ECCF8091C50F9091C60F009761F2209112
:10AD1000C90F3091CA0F8217930729F62091C30FEC
:10AD20003091C40FA601421B530B9A01AC01415054
:10AD300051094230510508F54091BF0F411113C030
:10AD40002C3B52E03507C8F021E02093BF0FD09292
:10AD5000C20FC092C10F029719F082E090E0A5CF18
:10AD600084E090E0A2CF4091C10F5091C20FB60194
:10AD7000641B750B6837710550F703978330910595
:10AD800008F091CF4091C00F41118DCF2C3B324044
:10AD900008F489CF21E02093C00F85529D4FFC011C
:10ADA000808190E082CFCF93DF93EC01019791F403
:10ADB0000E94F74D0E94A3B381E00E943D4361E0F1
:10ADC00087E10E9475B3D093D010C093CF10DF916C
:10ADD000CF910895D0E0C0E060E0F2CFFC01680FB1
:10ADE000791F90E080E02191820F911DE617F7070F
:10ADF000D1F70895AF92BF92CF92DF92EF92FF9278
:10AE00000F931F93CF93DF93CDB7DEB72C970FB679
:10AE1000F894DEBF0FBECDBF5C01CE0101967C0170
:10AE20008CE0F70111928A95E9F7670100E410E0E0
:10AE3000C8010E94AEDBF60181936F010F5F1F4FC7
:10AE40000C341105A9F789819A81AB81BC818935C0
:10AE50009345A444B34549F58D819E81019729F519
:10AE60000B851C856AE070E0C7010E94EE5608174A
:10AE70001907D9F48F819885A985BA85F501808352
:10AE80009183A283B38381E02C960FB6F894DEBF42
:10AE90000FBECDBFDF91CF911F910F91FF90EF902B
:10AEA000DF90CF90BF90AF90089580E0EDCFAF924C
:10AEB000BF92CF92DF92EF92FF920F931F93CF93A7
:10AEC000DF93CDB7DEB72C970FB6F894DEBF0FBE79
:10AED000CDBF5C01CE0101967C018CE0F70111929F
:10AEE0008A95E9F7670100E310E0C8010E94AEDB34
:10AEF000F60181936F010F5F1F4F0C331105A9F706
:10AF000089819A81AB81BC8183349245A444B34545
:10AF100049F58D819E81019729F50B851C856AE095
:10AF200070E0C7010E94EE5608171907D9F48F8107
:10AF30009885A985BA85F50180839183A283B3831F
:10AF400081E02C960FB6F894DEBF0FBECDBFDF9127
:10AF5000CF911F910F91FF90EF90DF90CF90BF9016
:10AF6000AF90089580E0EDCFAF92BF92CF92DF9285
:10AF7000EF92FF920F931F93CF93DF93CDB7DEB77E
:10AF80002E970FB6F894DEBF0FBECDBF5C01CE0189
:10AF900001967C018EE0F70111928A95E9F767012D
:10AFA00000E210E0C8010E94AEDBF60181936F0160
:10AFB0000F5F1F4F0E321105A9F789819A81AB816E
:10AFC000BC818C349045A444B34541F58D819E816C
:10AFD000019721F50D851E856CE070E0C7010E9488
:10AFE000EE5608171907D1F486E0FE013796D50111
:10AFF00001900D928A95E1F781E02E960FB6F894B4
:10B00000DEBF0FBECDBFDF91CF911F910F91FF909B
:10B01000EF90DF90CF90BF90AF90089580E0EDCF9C
:10B02000AF92BF92CF92DF92EF92FF920F931F9356
:10B03000CF93DF93CDB7DEB764970FB6F894DEBF3A
:10B040000FBECDBF5C01CE0101967C0184E1F7010A
:10B0500011928A95E9F7670110E000E0C8010E94AB
:10B06000AEDBF60181936F010F5F1F4F04311105B5
:10B07000A9F789819A81AB81BC818B349243A44426
:10B08000B34541F58D819E81019721F50B891C897E
:10B0900062E170E0C7010E94EE5608171907D1F46B
:10B0A0008CE0FE013796D50101900D928A95E1F76B
:10B0B00081E064960FB6F894DEBF0FBECDBFDF917E
:10B0C000CF911F910F91FF90EF90DF90CF90BF90A5
:10B0D000AF90089580E0EDCFFF920F931F93CF9331
:10B0E000DF93EC01F62E08811981C8010E94AEDBC6
:10B0F000F81621F06F2DC8010E94B6DBCE01DF915A
:10B10000CF911F910F91FF9008958A3060F085369E
:10B11000E0F084E680934F028091B0008F738093BB
:10B12000B0002C9A08958AE080934F022FEF829FFF
:10B13000C0011124C29664E670E00E94D0DB6093E7
:10B14000B30083E88093B000089580934F02843663
:10B1500019F3ECCFDF92EF92FF920F931F93CF93EF
:10B16000DF93EB018C01FE01D490F801F1908F0187
:10B170008F2D0E94C87DE82E8D2D0E94C87DE8127B
:10B1800004C0FF2059F02196EECF80E0DF91CF91EF
:10B190001F910F91FF90EF90DF90089581E0F6CF1F
:10B1A0002F923F924F925F926F927F928F929F92D7
:10B1B000AF92BF92CF92DF92EF92FF920F931F93C5
:10B1C000CF93DF93CDB7DEB7CA59D1090FB6F89444
:10B1D000DEBF0FBECDBF0E94BF5310927D10809185
:10B1E000791090917A108630910509F0D9C30E94A8
:10B1F000063100917B1010917C1001151105C1F4EE
:10B2000081E090E09093320280933102E09131022C
:10B21000F09132028FE89AE0EE3038F4FF27EE0F1B
:10B22000FF1FED58F54F859194910E94F44FDAC3BA
:10B23000F09078100E944AA884E680932B028BE954
:10B2400080932C02F0922D0210920A051092260D86
:10B250001092290F8FB7F8941092090510920805E3
:10B260001092280D1092270D98E090932E021092C4
:10B2700033028FBFEBE0F5E08AE1DF011D928A9592
:10B28000E9F71092250581E090E0909330028093D9
:10B290002F02C8010E943941811115C082E090E05F
:10B2A0009093300280932F0280912F029091300270
:10B2B00090933202809331028FB7F89491E090938B
:10B2C00033028FBFA3CF0E948F35C357DF4F6883F0
:10B2D00079838A839B83CD58D0406C30710581057A
:10B2E000910528F486E090E00E945732DDCF6CE0B3
:10B2F00070E0CE0187589F4F0E94813C0C9719F057
:10B3000083E090E0F1CFEA968FADEA97823571F550
:10B31000EB968FADEB97893449F5EC968FADEC97B2
:10B32000863421F5ED968FADED978634F9F4CF573D
:10B33000DF4F8881C158D0408735A9F4CE57DF4F01
:10B340008881C258D040813471F4CD57DF4F888155
:10B35000C358D040863539F4CC57DF4F8881C45864
:10B36000D040853431F085E090E0BECF84E090E0BD
:10B37000BBCF89E790E08C0F9D1F04960E94531469
:10B38000683FBFEF7B078B079B0708F098C0DC0185
:10B39000CB010896A11DB11DC357DF4F888099804E
:10B3A000AA80BB80CD58D0408C309105A105B10555
:10B3B00038F088159905AA05BB0510F44C015D010C
:10B3C000C12CD12C312C212CE5E8F0E0EC0FFD1F35
:10B3D0003496CB56DF4FF983E883C559D04009E650
:10B3E00010E00C0F1D1F0C5F1F4FC956DF4F198354
:10B3F0000883C759D04029E630E02C0F3D1F285F55
:10B400003F4FC756DF4F39832883C959D0400E9428
:10B410005035681579058A059B0508F05FC19501CF
:10B420008401061B170B280B390BD901C80108979B
:10B43000A105B10508F452C168E070E0CE018B5758
:10B440009F4F0E94813C089709F05ACFCB56DF4F9F
:10B4500088819981C559D0400E9453142B013C0129
:10B460000E945035CF56DF4F688379838A839B8350
:10B47000C159D040CB57DF4F8881C558D040863660
:10B4800039F5CA57DF4F8881C658D0408D3619F537
:10B49000C957DF4F8881C758D0408437E1F4C85777
:10B4A000DF4F8881C858D0408032A9F410E141169E
:10B4B00051046104710400F58DE090E015CFC3578D
:10B4C000DF4F88809980AA80BB80CD58D04078CF4C
:10B4D000843609F495C085017401A3019201CF5609
:10B4E000DF4F688179818A819B81C159D0400E9458
:10B4F000A83681118CCFE0CF60E170E0CE01875992
:10B500009F4F0E94813C409709F0FACEAB962EAC3B
:10B510003FACAB97AD968EAD9FADAD9790932005A8
:10B5200080931F05C956DF4F88819981C759D04044
:10B530000E94531460930B0570930C0580930D05C6
:10B5400090930E05C756DF4F88819981C959D04025
:10B550000E94531460930F0570931005809311059A
:10B5600090931205E7968EAD9FADE79790932205D5
:10B5700080932105E9968EAD9FADE99790932405C0
:10B58000809323052EEF22162FEF320639F538E28D
:10B59000431651046104710408F48ECF68E170E031
:10B5A000CE0101960E94813C489709F085CF8981A0
:10B5B0009A81469718F489E090E096CE29843A84DF
:10B5C00041E024163104B9F74EE050E065E67AE038
:10B5D000CE010B960E9498D8892B69F785017401DA
:10B5E000A3019201CF56DF4F688179818A819B81C7
:10B5F000C159D0400E94A836D82E811108CF5CCF07
:10B60000CA57DF4F8881C658D040813609F063CFD2
:10B61000C957DF4F8881C758D040843709F05BCFC6
:10B62000C857DF4F8881C858D040813609F053CFC2
:10B63000D301C20180959095A095B095CF56DF4F6C
:10B64000088119812A813B81C159D0408017910717
:10B65000A207B30708F430CFD901C801840D951DA6
:10B66000A61DB71DC357DF4F288139814A815B81F1
:10B67000CD58D040281739074A075B0708F41CCF7C
:10B68000C11018C0CF56DF4F88819981AA81BB8134
:10B69000C159D0408093130590931405A0931505CC
:10B6A000B09316054092170550921805609219053F
:10B6B00070921A05D1101CC085017401A30192017A
:10B6C000CF56DF4F688179818A819B81C159D040F3
:10B6D0000E94A836C82E81119ACEEECE87E090E067
:10B6E000DD2009F401CE88E090E0CC2009F4FCCD07
:10B6F0002A94232809F05FCF80911F05909120059F
:10B70000019719F08AE090E0EFCD809123059091A8
:10B710002405089719F08BE090E0E6CD80910B05A9
:10B7200090910C05A0910D05B0910E058232E6E5D1
:10B730009E07A105B10579F08434FCEA9F07A105B5
:10B74000B10549F080380BEB9007A105B10519F060
:10B750008CE090E0C9CD2091210530912205213067
:10B76000310509F0A9CE40910F0550911005609167
:10B7700011057091120584179507A607B70709F000
:10B780009BCE6091130570911405809115059091E1
:10B7900016050E94CE35882309F4B2CD8091170595
:10B7A00090911805A0911905B0911A0580931B0579
:10B7B00090931C05A0931D05B0931E0581E0809316
:10B7C00025051092300210922F028AE1EBE0F5E09D
:10B7D000A1E3B3E001900D928A95E1F71092320255
:10B7E000109231020E940297882309F40FCD0E9423
:10B7F0000297811105C00E944AA885EA9AE015CDFA
:10B800000E94E195892BB9F310912505111121C0F2
:10B810000E944AA889E99AE00E94F44F812FC656F7
:10B82000DF4F0FB6F894DEBF0FBECDBFDF91CF91D3
:10B830001F910F91FF90EF90DF90CF90BF90AF904E
:10B840009F908F907F906F905F904F903F902F9040
:10B850000895C0903103D0903203E0903303F0900C
:10B86000340360913D0370913E0380913F039091BA
:10B870004003812C912C5401C114D104E104F10442
:10B8800091F1A70196010E94E4DB29013A019B0195
:10B89000AC0188248A94982C540118E3411619E8C5
:10B8A000510611E461067104F0F4A8EEB3E00E94C1
:10B8B0001DDC970186013695279517950795600F32
:10B8C000711F821F931FA70196010E94E4DB4901AB
:10B8D0005A01A8EEB3E0A30192010E941DDC860E7E
:10B8E000971EA81EB91E8092231090922410A09239
:10B8F0002510B0922610D701C6010197A109B10900
:10B900008F3F9F4FA105B10550F087E0809355030D
:10B910000E944AA80E94D0140E94251086CC60E0A4
:10B9200074E284EF90E0A70196010E94E4DB4901F4
:10B930002B01DA01C9010197A109B1098F3F9F4F7E
:10B94000A105B10510F086E0E1CF81E00E94AF5281
:10B950008FB7F8941092950010929400D0925403EF
:10B96000C09253039092520380925103509250031D
:10B9700040924F0310924E0310924D0310924C03CD
:10B9800010924B0391E0909355038FBF10922210B9
:10B9900081E090E0909328108093271011E03ECF33
:10B9A0009C01245031092230310508F08BC010E190
:10B9B000059709F012E3E0907B10F0907C100E9454
:10B9C0004343E114F10421F0103171F0123361F0BE
:10B9D00067E070E084EC9AE00E94F2208CED93E145
:10B9E0000E941A5010E01ACF81E0103109F080E077
:10B9F0008093E60F1092E50F1092DC138FB7F89446
:10BA00001092EB0F1092EA0F1092E90F1092E80FCC
:10BA1000109241028FBF1092E40F1092E30F109228
:10BA2000E20F1092E10F1092E00F1092DF0F1092D0
:10BA3000D70F1092D80F1092D90F1092DA0FC701BA
:10BA40000E943941811105C066E070E08AEB9AE0FE
:10BA5000C3CF0E948F356093DB0F7093DC0F809310
:10BA6000DD0F9093DE0F672B682B692B21F18091FE
:10BA7000410281110CC00E9445148C018091410249
:10BA80008823A9F00E9445140817190781F70E941E
:10BA90004514892B81F081E08093E70F10922310E9
:10BAA0001092241010922510109226106FCF0E9431
:10BAB0008E408111E7CF0E944C3267E070E08FEA40
:10BAC0009AE08ACF9C01215031092330310510F0D2
:10BAD0000C94FD65A0907610B090771041E0A4160C
:10BAE000B10421F4019711F1B12CA12C80907910AF
:10BAF00090907A1000917B1010917C100E94475119
:10BB00001092DC1310922110C5010E9455290115D5
:10BB1000110529F0C4010197039708F45EC167E09D
:10BB200070E080E89BE00E94D32458CF89E29DE03A
:10BB30000097D1F260917B1070917C1061157105B6
:10BB400011F40C9475680E94A7C7882369F289E2F2
:10BB50009DE00E946731882339F289E29DE00E94CE
:10BB60003941882309F20E948F356B01DC01CB013A
:10BB70000197A109B1098F379105A105B10518F009
:10BB80000E944C32B1CFB60189EC9DE00E94813C0D
:10BB90008C010E944C320C151D0509F0A5CFF8014F
:10BBA000E753F24F108289EC9DE0009709F49CCF97
:10BBB000FC012191222329F02D3019F02A3009F0BF
:10BBC00078C08D5C9D4009F08FCF44E050E06DEC73
:10BBD0007AE089EC9DE00E9498D8892B09F084CF07
:10BBE0002CE030E0AE014F5F5F4F60E37BE089EC1B
:10BBF0009DE00E948D19882309F476CF6DE27BE0E9
:10BC0000CE0101960E94AA5852E0A52EB12C8111B6
:10BC10006DCF64E27BE0CE0101960E94AA5843E01A
:10BC2000A42EB12C811162CF6BE17BE0CE01019695
:10BC30000E94AA5834E0A32EB12C811157CF25E0E1
:10BC400030E0AE0147595F4F65E17BE089EC9DE054
:10BC50000E948D19882309F447CF6EE07BE0CE0166
:10BC600001960E94AA588823A1F16AE07BE0CE01E8
:10BC700087599F4F0E94AED8892B09F435CF66E0D3
:10BC80007BE0CE0187599F4F0E94AED82BE0A22EB9
:10BC9000B12C892B09F42ACF62E07BE0CE018759D1
:10BCA0009F4F0E94AED8892B31F49CE0A92EB12C75
:10BCB0001DCFCF017DCF6EEF7AE0CE0187599F4F28
:10BCC0000E94AED8892B09F00FCF8EE0A82EB12CA0
:10BCD0000DCF68EF7AE0CE0101960E94AA58882322
:10BCE000D9F064EF7AE0CE0187599F4F0E94AED819
:10BCF0000DE0A02EB12C892B09F4F8CE60EF7AE08C
:10BD0000CE0187599F4F0E94AED815E0A12EB12CCD
:10BD1000892B09F4EBCEE8CE6DEE7AE0CE010196E8
:10BD20000E94AA58882341F169EE7AE0CE01875932
:10BD30009F4F0E94AED8B6E0AB2EB12C892B09F4F0
:10BD4000D5CE65EE7AE0CE0187599F4F0E94AED8DE
:10BD5000A7E0AA2EB12C892B09F4C8CE61EE7AE0B7
:10BD6000CE0187599F4F0E94AED8F8E0AF2EB12C7C
:10BD7000892B09F4BBCEB8CE6EED7AE0CE010196E8
:10BD80000E94AA58882309F4AFCE6AED7AE0CE016A
:10BD900087599F4F0E94AED8EFE0AE2EB12C892B71
:10BDA00009F4A4CE66ED7AE0CE0187599F4F0E9438
:10BDB000AED879E0A72EB12C892B09F497CE62ED8D
:10BDC0007AE0CE0187599F4F0E94AED8892B09F0A7
:10BDD0008BCE6AE0A62EB12C89CE90922010809254
:10BDE0001F10C8010E943941811105C066E070E052
:10BDF00087E79BE098CE0E948F3560931B1070936D
:10BE00001C1080931D1090931E10603871058105E1
:10BE1000910538F40E944C3267E070E08DE69BE0BB
:10BE200082CE10925A0310925B0310925C03109220
:10BE30005D031E0179E6270E311CD1011D921D9272
:10BE40001D921C92139710921710109218101092B6
:10BE5000191010921A1060E070E0CB010E94CE35EC
:10BE6000811107C066E070E080E59BE00E94D3246A
:10BE70006BC080911F10909120100297A9F5C1010D
:10BE80000E94DA3D882309F45FC00E94503500917A
:10BE90001B1010911C1020911D1030911E10601766
:10BEA00071078207930758F3F101608171818281E4
:10BEB00093816F3FFFEF7F078F079F0709F047C010
:10BEC00060931710709318108093191090931A10A4
:10BED00060E070E0CB010E94CE35811152C066E077
:10BEE00070E087E49BE0C2CFC1010E94DA3D882365
:10BEF00059F140901B1050901C1060901D107090D4
:10BF00001E100E945035461A570A680A790A61F2D3
:10BF10009E0127583F4FAE014F5F5F4FC301B201F3
:10BF20000E942D3D882381F0EB96EEACFFACEB97A1
:10BF300009811A812B813C816101B301A20180E05A
:10BF40000E94272A8111B0CF0E944C3247CD209108
:10BF50001302220F30E050E040E00E94E4DB672B48
:10BF6000682B692B49F420931710309318104093D5
:10BF7000191050931A10ACCF2F5F3F4F4F4F5F4FA8
:10BF8000F2CF0E94B13E8823F9F280915A0390913A
:10BF90005B03A0915C03B0915D038F3F0FEF9007AF
:10BFA000A007B00709F0F4C0809317109093181001
:10BFB000A0931910B0931A100E945035609303108B
:10BFC00070930410809305109093061080911310C5
:10BFD00090911410A0911510B09116108093FF0F3E
:10BFE00090930010A0930110B09302100E9450355E
:10BFF000C357DF4F688379838A839B83CD58D040B2
:10C0000020911B1030911C1040911D1050911E105A
:10C01000CF56DF4F288339834A835B83C159D04091
:10C020000E94602CA114B10409F4D8C1C5010B977A
:10C03000049708F4D3C18A94892809F0CFC18BE80A
:10C0400091E1892B09F4CAC160918B11613019F01B
:10C05000663709F0C3C160939E1381E1ECE8F1E11A
:10C06000AFE9B3E101900D928A95E1F780919D11BE
:10C0700090919E11909399138093981340919F11E2
:10C080005091A01150939B1340939A132091A111AA
:10C090003091A21130939D1320939C132DE0EDE974
:10C0A000F1E1A0EBB3E101900D922A95E1F7C357BE
:10C0B000DF4F088119812A813B81CD58D040009300
:10C0C000BD131093BE132093BF133093C01300977A
:10C0D00009F484C12A01712C612CB0E0A0E0730145
:10C0E0006A01C80ED91EEA1EFB1E11E0C116D1045A
:10C0F000E106F10408F072C1C357DF4F08811981CE
:10C100002A813B81CD58D040800F911FA21FB31FC1
:10C11000CF56DF4F088119812A813B81C159D04018
:10C12000081719072A073B0708F458C1C5010697E5
:10C130008330910508F455C11FE0A116B10409F43C
:10C14000FEC19501295031092230310508F477C725
:10C1500023E0A216B10409F0C5C781E1C816D806CC
:10C16000E104F10420F04037514108F4D6C183E0E6
:10C1700090E0909393138093921310928F1380E129
:10C1800091E1909395138093941380E690E01EC004
:10C190000196A11DB11DB695A7959795879504CFDA
:10C1A000612F88E091E10E947018882309F46FC71D
:10C1B00084E090E0909393138093921388E091E150
:10C1C0009093951380939413812F90E090939713FD
:10C1D0008093961381E080938B130E94D4118093F7
:10C1E00021100E946711882309F416C28FE993E198
:10C1F000892B09F4E6C0D0909C13E0909D13B09079
:10C200009A13C0909B1390909813A0909913F0905C
:10C21000961300919413109195136F2DC8010E94ED
:10C2200086B2882309F4CDC00E946EB2811101C08C
:10C2300081E0075B1F4F6FEA6093A31191E2909337
:10C24000A4111092A51150ED5093A61177E77093A9
:10C25000A71121E12093A81141E04093A911509327
:10C26000AA114093AB1137EE3093AC1133E0309309
:10C27000AD113DEE3093AE11E0EBE093AF11909332
:10C28000B0110093B1111093B2112093B311109219
:10C29000B4115093B5114093B6118093B711109219
:10C2A000B8113093B911E093BA1186E18093BB11B4
:10C2B00084EE8093BC114EE14093BD1140EE40935B
:10C2C000BE119093BF111092C0111092C1114AE497
:10C2D0004093C2113093C31159E75093C4114EE7F4
:10C2E0004093C5114BE44093C6113093C71150934E
:10C2F000C8117093C91133E23093CA113BEC3093EB
:10C30000CB1134E63093CC1138E23093CD1133EFBA
:10C310003093CE113EE33093CF1135E13093D011FD
:10C3200032E33093D1114093D2113AE03093D311DC
:10C330009093D4119092D511A092D61132E23093FD
:10C34000D71142E04093D8112093D9119093DA117C
:10C35000B092DB11C092DC113093DD1194E0909328
:10C36000DE112093DF119DEC9093E0119AE29093FF
:10C37000E1111092E2119AED9093E3119EEF9093E8
:10C38000E4111092E5116093E61193ED9093E7119B
:10C390008093E81183EC8093E911D092EA11E09246
:10C3A000EB110E946EB230E020E0811123C1E5EC78
:10C3B000F7E1E491E093EC1181E0875BF81609F472
:10C3C00052C10E944C3267E070E082E69BE0ABCB4A
:10C3D00088159905AA05BB0508F073C60E9403409D
:10C3E000AFC320E630E0F5E0AF16B10409F05AC063
:10C3F0008FE993E110E0892B39F00E946EB2811130
:10C4000001C081E019E4180F8FEF810F883630F7F3
:10C41000812E912CB12CA12CD501C401885F9E4E98
:10C42000AF4FBF4F09E0C01601E1D006E104F104AF
:10C4300048F1481659066A067B0620F580919A1342
:10C4400090919B13B0E0A0E020EC920EA11CB11CD7
:10C450002091981330919913AC01BD01420F531FE5
:10C46000611D711D4130504C61057105A8F4612FAB
:10C4700080E090EC0E947018882309F4AFCF87E029
:10C4800090E029C6612F88E091E10E94701888230E
:10C49000A9F286E090E08ECE88159905AA05BB0525
:10C4A00030F79CCF73E0A716B10409F456CE833061
:10C4B000910508F046C0613009F090CFA90170E005
:10C4C00060E0405F5E4E6F4F7F4FB1E1CB16DB0601
:10C4D000E104F10430F0441655066606770608F4C8
:10C4E0007DCF80519D4FFC01808190E0909393130C
:10C4F0008093921380E191E190939513809394132C
:10C500008091921390919313029711F4215F3F4F02
:10C5100030939713209396135DCEA1E0CA16A0EC3A
:10C52000DA06E104F10408F059CF83E090E090933B
:10C5300093138093921381E080938F1320CE2AE58A
:10C5400030E0A90170E060E0FFE0AF16B104D1F087
:10C5500009E0A01AB10812E0A116B10498F05F5EDC
:10C560006F4F7F4F81E0C81681E1D806E104F104E6
:10C5700058F581E090E0909393138093921380E0BC
:10C5800091E1BACF5C526F4F7F4FA1E0CA16A4ED84
:10C59000DA06E104F10430F0441655066606770623
:10C5A00008F41CCF8A30910560F480519D4FFC0146
:10C5B000808190E0909393138093921380E094EDA8
:10C5C0009BCF90E080E0F6CF4416550666067706CE
:10C5D00080F6F1E0CF16F0ECDF06E104F10408F09C
:10C5E000FDCE82E090E0909393138093921380E0CD
:10C5F00090EC82CF281708F0E0CEF901E557FC4E09
:10C60000E489F0E0EB55F84EE491D901A451BE4E17
:10C61000EC932F5F3F4FEECF0E947711882309F4F0
:10C6200040C068E670E0CE0101960E946F158C0153
:10C6300080919613909197130817190709F0C1CEAE
:10C64000602F80919413909195130E9486B2882355
:10C6500009F4B7CEA8015527BE016F5F7F4F83EA6B
:10C6600091E10E9465DD0E9487118111CDC00E9479
:10C6700057118111C9C00E9467118111C5C060E0C6
:10C6800072E089E29DE00E946F159C012150310902
:10C690002F3F374008F480C067E070E085E39BE0FF
:10C6A000E5CB80919213909193139C01285031090E
:10C6B00000919413109195138330910519F0233054
:10C6C0003105D0F44BEB40938B1110929D111092D9
:10C6D0009E1110929F1142E14093A0110093A1116D
:10C6E0001093A2112330310558F180919E1380934D
:10C6F000A311809199132DC00E94B511209196131A
:10C70000909197138823D9F120939D1190939E11B6
:10C7100000939F111093A0110093A1111093A211E7
:10C7200083EA91E1009709F49ECFEFE3FBE0DC019F
:10C7300084918D93319601E1AB3AB007C9F793CF5D
:10C7400021E02093A31189309105B9F00A9799F45B
:10C7500080E28093A41186E0E0EBF3E1A5EAB1E189
:10C7600001900D928A95E1F760E670E08BEA91E125
:10C770000E946F1578CF81E1ECCF86E1EACF20935C
:10C780009D1190939E1100939F111093A0110093FF
:10C79000A1111093A21167CFE9E2FDE030E020E0A3
:10C7A0004191D901AA5DBA4F4C932F5F3F4F821739
:10C7B0009307B1F72FB7F8941092590310925803CA
:10C7C000909357038093560331E0309312022FBFAA
:10C7D000B0E0A0E08093131090931410A093151074
:10C7E000B09316108093071090930810A09309102F
:10C7F000B0930A1010920F10109210101092111096
:10C80000109212101092FE0F109217101092181022
:10C810001092191010921A100E94BE11882309F468
:10C8200085C1D1011D921D921D921C9213973BE868
:10C83000E32E31E1F32E4BE0C42E42E1D42E10E082
:10C8400000E0412C512C3201F70181917F010E94BF
:10C850001D2A480E511C611C711C080F111DCE149D
:10C86000DF0491F749825A826B827C82EB961FAF7C
:10C870000EAFEB973F922F921F921F928EE38F93F2
:10C8800080E88F931F921F928FE18F9380E48F93A4
:10C890001F9282E08F931F921F9288E2882E912C24
:10C8A00098E2A92EB12C28ECC22E28E1D22EE12C40
:10C8B000F12CA301920160E870E080E090E00E941A
:10C8C0001AC80FB6F894DEBF0FBECDBF882309F497
:10C8D000B3C00E94D411811148C0609103107091BF
:10C8E000041080910510909106100E94CE35882387
:10C8F00009F4A2C06091FF0F7091001080910110A7
:10C90000909102109E0127583F4FAE014F5F5F4F3D
:10C910000E942D3D182F882309F4C4C0EB960EAD5C
:10C920001FADEB9729813A814B815C814090FF0FCD
:10C93000509000106090011070900210E0919213DE
:10C94000F09193133697E830F10508F054C1882729
:10C95000E355FB498F4F0C9406DCC865C865BC6580
:10C96000EF652965E065D465EC6560E072E089E219
:10C970009DE00E946F157C01892B09F45DC08091B8
:10C980008B13882309F458C08091961390919713C4
:10C99000E816F90609F050C0B9E2CB2EBDE0DB2E57
:10C9A00010E000E0412C512C3201C60189529D401B
:10C9B0008E159F0560F4D6018D916D010E941D2A90
:10C9C000480E511C611C711C080F111DEECF4982CD
:10C9D0005A826B827C82EB961FAF0EAFEB97B7014A
:10C9E00090E080E03F922F921F921F922EE32F93B0
:10C9F00020E82F931F921F922FE12F9320E42F9373
:10CA00001F921F921F9222E62F93E4E18E2E912C0B
:10CA1000F4E1AF2EB12CA8ECCA2EA8E1DA2EE12C5D
:10CA2000F12CA30192010E941AC80FB6F894DEBF40
:10CA30000FBECDBF811151CF0E944C328091DB13CC
:10CA4000863011F40C94EE5C67E070E089E59BE0C1
:10CA50006AC892E080E07CE7C72E75E1D72EE12C12
:10CA6000F12C70E0EEE160E13F922F921F921F9255
:10CA7000EF937F931F921F926F931F921F929F932A
:10CA80001F928F9364E1862E912C74E1A72EB12C16
:10CA9000C301B2010E941AC8182F0FB6F894DEBF66
:10CAA0000FBECDBF609103107091041080910510EE
:10CAB000909106100E94CE35882309F4BDCF112332
:10CAC00009F4BACF0E946711D1014D915D916D912A
:10CAD0007C91882389F0403EBCEF5B07BFEF6B077A
:10CAE0007B0708F0A9CF405E5C4F6F4F7F4FF1018D
:10CAF0004083518362837383F10180819181A2819C
:10CB0000B3818F3FFFEF9F07AF07BF0739F0019653
:10CB1000A11DB11DB695A795979587958093171080
:10CB200090931810A0931910B0931A100E945711E7
:10CB3000811104C00E946711882329F00E943E40A1
:10CB4000882309F401CA81E090E00E94501081E03E
:10CB50008093DB138091171090911810A0911910F9
:10CB6000B0911A108093231090932410A093251055
:10CB7000B09326100C94C65C92E080E0FCE7CF2EC8
:10CB8000F5E1DF2EE12CF12C70E0E5E16CE06CCFFB
:10CB900092E080E06CE7C62E65E1D62EE12CF12C08
:10CBA00070E0E4E16AE060CF90E082E6B7EECB2E81
:10CBB000BBE2DB2EE12CF12C70E0E4E262E154CF29
:10CBC00090E082E6AAE1CA2EABE3DA2EE12CF12C4A
:10CBD00070E8E9E16EE048CF90E082E6CFCF92E0E6
:10CBE00080E0ECE7CE2EE5E1DE2EE12CF12C70E0CA
:10CBF000EAE16DE039CF10E055CF079709F01BC28D
:10CC00000091C5101091C610E0907B10F0907C1040
:10CC10000E94FA4DE114F10469F00130110509F4A4
:10CC2000E1C080F00230110509F4E0C003301105C5
:10CC300009F4E0C067E070E086ED9BE00E945B4E87
:10CC40000C94EE5C8AE0E0EBF2E0AEE5B3E001903C
:10CC50000D928A95E1F71092DC13109279031092ED
:10CC60007A0310927B0310927C031092750310924A
:10CC70007603109277031092780310927E0310923D
:10CC80007D0340915E0350915F0370E060E0DB0143
:10CC9000CA01880F991FAA1FBB1F81509F4FAF4F1A
:10CCA000BF4F892F9A2FAB2FBB270097A105B10546
:10CCB00021F481E090E0A0E0B0E090931B0280932B
:10CCC0001A02209160033091610380916203909178
:10CCD0006303B0E0A0E0820F931FA11DB11D81503E
:10CCE0009F4FAF4FBF4F892F9A2FAB2FBB27009776
:10CCF000A105B10521F481E090E0A0E0B0E09093BF
:10CD00001902809318022091640330916503809189
:10CD1000660390916703B0E0A0E0820F931FA11D0E
:10CD2000B11D81509F4FAF4FBF4F892F9A2FAB2F0F
:10CD3000BB270097A105B10521F481E090E0A0E0B8
:10CD4000B0E0909317028093160241505F4F6F4FEF
:10CD50007F4F452F562F672F7727411551056105C6
:10CD6000710521F441E050E060E070E0509315025D
:10CD7000409314028BEE90E0909321028093200266
:10CD80008FE490E090932502809324028DE990E057
:10CD900090932302809322028FB7F89410928F030E
:10CDA00010928E0310928D0310928C0391E0909359
:10CDB000270210928A031092890310928B0310921B
:10CDC00085031092860310928703109288038FBF09
:10CDD000C7010E943941811111C066E070E08DECFD
:10CDE0009BE02CCF8AE0EAEBF2E02FCF8AE0E4EC84
:10CDF000F2E02BCF8AE0EEECF2E027CF0E948F35F5
:10CE00006093790370937A0380937B0390937C0300
:10CE1000672B682B692B29F467E070E083EC9BE0BB
:10CE20000DCF109275031092760310927703109233
:10CE30007803812C912C54018091790390917A038D
:10CE4000A0917B03B0917C0388169906AA06BB06C5
:10CE500008F0CBC088199909AA09BB090297A10556
:10CE6000B10528F467E070E088EB9BE0E7CEC501F0
:10CE7000B4010E94CE35811105C066E070E08FEAF2
:10CE80009BE0DCCE62E070E0CE0101960E947F4E16
:10CE9000882311F40C94EE5C09811A81023011058B
:10CEA00028F467E070E084EA9BE0C8CE6801F12CCA
:10CEB000E12C22E0C20ED11CE11CF11CC80CD91CD3
:10CEC000EA1CFB1CC814D904EA04FB0468F0809136
:10CED000790390917A03A0917B03B0917C038C1528
:10CEE0009D05AE05BF0528F467E070E08AE99BE088
:10CEF000A5CE61E070E0CE0187599F4F0E947F4E22
:10CF0000882311F40C94EE5CAA968FADAA979FEF3C
:10CF1000980F9E3F28F467E070E081E99BE08ECE99
:10CF20008090790390907A03A0907B03B0907C036B
:10CF300020EC3FE040E050E0882321F02AE436E096
:10CF400040E050E0A0911A02B0911B020E941DDC4B
:10CF50000E94F30F609118027091190290E080E036
:10CF60000E94F30FA0911602B091170298010E943F
:10CF70000EDC23E0660F771F881F991F2A95D1F7D3
:10CF80000E94F30F609114027091150290E080E00E
:10CF90000E94F30FC814D904EA04FB0409F44CCF2F
:10CFA0002091200230912102AA968FADAA9781117B
:10CFB00011C0ADE5B0E00E940EDC0E94F30F60915D
:10CFC00024027091250290E080E00E94F30F460158
:10CFD000570132CFAAE0B1E00E940EDC0E94F30FAD
:10CFE0006091220270912302EECF60E070E0CB01ED
:10CFF0000E94CE35811105C066E070E088E89BE0B4
:10D000001DCE8091750390917603A0917703B09126
:10D010007803892B8A2B8B2B11F40C94EE5C81E026
:10D020000E940B4F882311F40C94EE5C81E08093F6
:10D0300090030C944E5D8EED9BE00C9415592AE5FF
:10D0400030E074E0A716B10409F0CDC911E541152F
:10D05000504108F413E50E949D11180F1F5F812EA7
:10D06000912CB12CA12CD501C401885F9E4EAF4FED
:10D07000BF4F49E0C41641E1D406E104F10408F4CD
:10D080008FC8481659066A067B0608F089C8809141
:10D090009A1390919B13B0E0A0E050EC950EA11C68
:10D0A000B11C2091981330919913AC01BD01420F2E
:10D0B000531F611D711D4130504C6105710508F011
:10D0C00087C9612F80E090EC0E947018882309F4D2
:10D0D00085C985E090E0909393138093921380E04C
:10D0E00090EC6EC825E530E0ACCF0E94475110921D
:10D0F000DC131092211090E080E00E9455290C94DE
:10D100008F5D0F931F93CF93DF93809127109091A2
:10D110002810019709F089C080912210811181C0E7
:10D120008091791090917A108630910509F0B0C005
:10D130000E94D014019709F0A2C080914B03811185
:10D140001FC080910805909109052091270D30910D
:10D15000280D8217930709F480C0FC01F770EA5D7F
:10D16000FA4F408140934C034091330201964111A4
:10D1700068C0909309058093080528E020934B032D
:10D1800080914C03282F30E03595279520934C0350
:10D1900090914B03915090934B0381700E945515D1
:10D1A000209151033091520380914D0390914E0391
:10D1B00040914F0350915003840F951F40915303AA
:10D1C000509154038417950720F0841B950B2F5F13
:10D1D0003F4F90934E0380934D032150310930937C
:10D1E0009900209398000E947C4380E00E943D4378
:10D1F0000E94301982E090E09093281080932710CD
:10D2000081E090E090939610809395100E945029B1
:10D2100080918E1090918F10892B09F4DEC081E0EF
:10D220000BC00E94D05881117BCF83E090E0909397
:10D2300096108093951080E0DF91CF911F910F9110
:10D2400008958217930709F094CF20912E029093AE
:10D25000090580930805211191CF8091330288231D
:10D26000A9F020910805309109058091270D909132
:10D27000280D2817390751F484E0809355030E9444
:10D28000D0140E9425100E94F44FCFCF85E0F5CF37
:10D290009C01215031092330310548F40E9438495E
:10D2A0008111A6CF8CED93E10E941A50BECF079753
:10D2B00009F048C0C0919003C130A1F740911E020F
:10D2C00060916A0380917303909174030E94280F08
:10D2D00080E00E945515DFB7F894809171008A7F35
:10D2E000809371001092900010929100109295001E
:10D2F0001092940085E088BBC0938B031092850345
:10D300001092860310928703109288031092800374
:10D3100010927F0382E08093900383E080938A11D0
:10D3200081E00E947243C093910080915E039091CE
:10D330005F030E94AC0F8091710084608093710044
:10D34000DFBF53CFD091E70FD13009F0ABCF2091A1
:10D35000EA0F3091EB0F8091E80F9091E90F2817B9
:10D360003907A1F1F901F770EA5DFA4FC0818C2FFE
:10D370002F5F3F4F3093EB0F2093EA0FCC2331F117
:10D38000C7FDC1950E9460158C2F0E9416148C0158
:10D39000CFB7F894109295001092940010929000DC
:10D3A000D093910084E088BB82E08093E70F81E016
:10D3B0000E947243D0938A11C8010E94AC0F8091E1
:10D3C0007100846080937100CFBFBBCF67E070E0D5
:10D3D00080EC99E00E94F22065CF809179109091C5
:10D3E0007A100197039708F01ACF0E94FD13882343
:10D3F00009F415CF91E0909393101ECF8F929F92D6
:10D40000AF92BF92EF92FF920F931F93CF93DF9350
:10D410008091271090912810029741F58091791002
:10D4200090917A108630910509F054C080913302B2
:10D43000811134C00E94E195893F9D4378F50E9497
:10D44000F79581112BC00E94B253E0913102F09107
:10D4500032028FE89AE0EE3038F4FF27EE0FFF1F1C
:10D46000ED58F54F859194910E94F44F80912710CB
:10D47000909128108330910509F466C48430910599
:10D4800009F497C4029709F09FC481E090E090935B
:10D490009610809395100E9450295CC40E94D0146D
:10D4A0008430910571F40E94B2530E94191981E0F1
:10D4B0008093221081E090E09093281080932710B1
:10D4C000D5CF9C01255031092330310578F60E94D3
:10D4D0002510CACF9C01215031092330310508F0B5
:10D4E00098C38091DB13823091F58091FB0F8823E4
:10D4F00009F49BC08091FB0F882349F18091DB13D5
:10D50000823029F50E94FD13C82F8091FC0F909165
:10D51000FD0FCC2309F4A0C48230910549F40E9488
:10D520008711C1E0C8270E94D4119C2FC82F08C0C2
:10D53000C0E0019709F093C40E948711982FC0E0C2
:10D54000992309F48CC40E94CB51811141C09FB72B
:10D55000F8948091DB139FBF843009F4A6CF08F4C0
:10D5600085CF883008F4ABC381CF2091FA0F2223F6
:10D5700011F0CC2341F32091F70F3091F80FEB011C
:10D58000C21BD30B8091FC0F9091FD0F8130910550
:10D5900059F40E945711811104C00E946711882319
:10D5A000A1F089E591E00CC0029779F40E94BE11C8
:10D5B000882359F00E94D411882399F38EE690E0D5
:10D5C000C817D90708F0BFCFC2CF88E790E0F8CFDF
:10D5D0008091DB13843009F4BACF8091FC0F9091D5
:10D5E000FD0F0497A1F40E941B368111B0CF8AEC85
:10D5F00093E10E9456B28091DB13823009F0A7CFED
:10D6000067E070E080EF99E00E94D324A0CF0E94F1
:10D61000864881119CCF8091DB13823009F097CF2F
:10D6200067E070E086EE99E0EFCF8091FC0F90917B
:10D63000FD0F8430910509F06DC280918B13882312
:10D6400021F080918C13811109C08CE39AE00E9433
:10D6500096208AEC93E10E9456B279CF80918D1387
:10D6600081111AC28091901390919113823091058B
:10D6700009F49AC08330910509F4CBC00197F1F504
:10D6800080919213909193132CEB822E22E0922E94
:10D69000A12CB12C039729F094E6892E912CA12C72
:10D6A000B12C0E940BB60091C5131091C6132091A6
:10D6B000C7133091C813601B710B820B930B681555
:10D6C00079058A059B05D0F0809192139091931370
:10D6D000039709F066C081E00E9455150E948DB540
:10D6E0006093C5137093C6138093C7139093C813A8
:10D6F00082E090E090939113809390138091901327
:10D7000090919113049709F0C2C180918E1300E4A7
:10D710008823E9F08091C9130E94C420882309F46A
:10D7200098CF10928E138091C1139091C213A09143
:10D73000C313B091C4130196A11DB11D8093C113F1
:10D740009093C213A093C313B093C4130FE34091FB
:10D75000C1135091C2136091C3137091C41380918F
:10D760009813909199134C01B12CA12C481559058F
:10D770006A057B0508F060C1841B950B10E08017DB
:10D78000910708F48C01B80189E29DE00E94813C78
:10D790008017910709F45BC097FF56C08BE19AE0B0
:10D7A00056CF84E090E0A6CF0E948DB50091C513BE
:10D7B0001091C6132091C7133091C813601B710BD1
:10D7C000820B930B683E73408105910508F496CF58
:10D7D00061E070E089EC93E10E94813C8130910529
:10D7E00041F097FF03C084E39AE031CF8BE29AE0E7
:10D7F0002ECF81E080938E130E948DB56093C51368
:10D800007093C6138093C7139093C81383E090E07E
:10D8100071CF8091030180FFC4CF0E948DB500912C
:10D82000C5131091C6132091C7133091C813601B04
:10D83000710B820B930B61347B448C44910508F48B
:10D840005DCF83E29AE003CF82E19AE000CF80913E
:10D850009213909193130497C9E2DDE0029708F0C8
:10D86000CBC089E2E82E8DE0F82E8091C113909113
:10D87000C213A091C313B091C413970129523D4024
:10D880002017310708F0D8C0F701C1917F01C0957A
:10D89000CC0FC11DCC0FC11D892B8A2B8B2B09F0FE
:10D8A00086C00E948DB54B015C010E945511749A8F
:10D8B0008091030180FD0EC00E948DB56819790921
:10D8C0008A099B0961347B448C44910588F38AE082
:10D8D0009AE0BDCE80E00E9497118091030180FF05
:10D8E0000EC00E948DB5681979098A099B096134B7
:10D8F0007B448C44910588F382E09AE0A8CE8C2F7B
:10D90000881F8827881F0E9497115B9840E068E471
:10D9100081E00E944219882309F49BCEC6FB882728
:10D9200080F90E9497110E94551140E06CE480E05C
:10D930000E944219882309F48CCECC0FCC0FD1E081
:10D940004D2F6CE480E00E944219882309F481CEB7
:10D950008C2F881F8827881F0E9497115B984D2F56
:10D9600068E481E00E944219882309F472CEC6FB64
:10D97000882780F90E9497110E945511CC0FCC0F77
:10D98000DF5FD430E9F68091C1139091C213A0916A
:10D99000C313B091C4130196A11DB11D8093C1138F
:10D9A0009093C213A093C313B093C4135ECFD0E07F
:10D9B0004D2F6CE480E00E944219882309F449CE7F
:10D9C0008C2F881F8827881F0E9497115B984D2FE6
:10D9D00068E481E00E944219882309F43ACEC6FB2C
:10D9E000882780F90E9497110E945511CC0FCC0F07
:10D9F000DF5FD430E9F6C7CFCE0189529D40801752
:10DA00009107D0F489910E94C420882309F421CE83
:10DA10008091C1139091C213A091C313B091C4130C
:10DA20000196A11DB11D8093C1139093C213A093C1
:10DA3000C313B093C413E0CF8091981390919913BE
:10DA4000B0E0A0E04091C1135091C2136091C313A4
:10DA50007091C413481759076A077B07C0F080917B
:10DA60009213909193130497029708F04DC00E946F
:10DA70008DB54B015C018091030180FD14C081E0F4
:10DA800080938D1380E00E9455150E94501580915F
:10DA90008D13882309F45BCD84E08093DB1381E050
:10DAA0000E943D4354CD0E948DB5681979098A09B9
:10DAB0009B09613472448F409105E8F285E58093BB
:10DAC000CA138CE48093CB1387E38093CC138091AB
:10DAD0009213909193130597A9F488E48093CD1342
:10DAE00080E28093CE1395E49093CF139EE49093BD
:10DAF000D01394E49093D1138093D21389E00E94C1
:10DB000039B3A7CD8CE4EACF80E00E949D2081113B
:10DB1000B6CF9FCD20912903222309F44AC0029752
:10DB200009F047C08091ED0F882309F44AC09FB7E0
:10DB3000F8948091ED0F81111092ED0F9FBF882313
:10DB4000C1F160910B1070910C1080910D109091AB
:10DB50000E100E94CE35811110C066E070E089EF92
:10DB600099E00E94D3248091DB13823009F0EFCC3E
:10DB700066E070E083E49AE047CD109207101092BF
:10DB800008101092091010920A100E94522C8091D5
:10DB9000131090911410A0911510B0911610892BAC
:10DBA0008A2B8B2B89F58FB7F89491E09093EC0F2B
:10DBB0008FBF8091FC0F9091FD0F0297029708F0A4
:10DBC000C6CC8091FB0F8111C2CC0E943C11811503
:10DBD000964008F0BCCC409107105091081060911D
:10DBE000091070910A108091131090911410A09157
:10DBF0001510B0911610481759076A077B0708F0EF
:10DC0000A6CC0E943C3FA3CC0E943C3F8111CBCFCD
:10DC1000AACF079709F06EC00E94210F82309105AC
:10DC200059F52FB7F89490918A03809189032FBFFB
:10DC3000992379F081110DC080917D0390917E032D
:10DC4000892B09F441C066E070E08DED99E00E94F7
:10DC50005B4E0E94210F029769F480917D039091A1
:10DC60007E03892B39F00E94BB0F8115964010F47A
:10DC70000E949A4E0E94210F9C01245031092430A9
:10DC8000310590F42CED33E14091DC1341110AC0D1
:10DC90008530910511F544ED59E061E170E0C9016D
:10DCA000232B29F50E944C320E94210F84309105CC
:10DCB00009F4FBCB08F4DACB089708F0D7CB8CED4E
:10DCC00093E10E941A50D2CB0E94BB0F892B09F01E
:10DCD000BACF80E00E940B4FBCCF079719F7232BD8
:10DCE00009F34BEC59E061E170E08CED93E10E94A7
:10DCF000D38DD8CF8091E70F823079F480914102A3
:10DD000081110BC00E9445148115964030F480911A
:10DD10004102811102C00E948E408091E70F843041
:10DD200061F08091E70F853041F08091E70F8630F8
:10DD300021F08091E70F873011F40E944C329FB799
:10DD4000F8948091E70F07CC82E090E090939610D2
:10DD50008093951080918E1090918F10892BF1F403
:10DD6000809195109091961083309105B9F0209193
:10DD70009310211113C020919410222391F10E943D
:10DD80003843882359F080912710909128100197EB
:10DD900029F40E948168811110929410DF91CF9133
:10DDA0001F910F91FF90EF90BF90AF909F908F9039
:10DDB000089583E090E090939610809395101092D0
:10DDC00094101092931067CB8091951090919610BB
:10DDD0000197029708F0BECF1092961010929510FE
:10DDE000EECF019781F08091951090919610029757
:10DDF000A9F680912A108111D1CF0E943843811158
:10DE000018C081E013C00E9438438111ECCF0E94FA
:10DE1000C352882319F210922A1081E020919510A4
:10DE2000309196102230310509F080E0809329105E
:10DE3000B5CF80912910882309F4B0CF1092291012
:10DE4000DF91CF911F910F91FF90EF90BF90AF9016
:10DE50009F908F900C944F50029709F464CB0E94CE
:10DE60003843882309F473CB0E940BB62091F90F35
:10DE700021117BCB7093F80F6093F70F81E08093B3
:10DE8000F90F8091FA0F882309F461CBCC2309F4B0
:10DE90005ACB5DCB2F923F924F925F926F927F92BF
:10DEA0008F929F92AF92BF92CF92DF92EF92FF92AA
:10DEB0000F931F93CF93DF93CDB7DEB7CC52D140F2
:10DEC0000FB6F894DEBF0FBECDBF6C01C55DDE4F4F
:10DED00079836883CB52D140CE018F5B9F4F0E94E4
:10DEE000DA31CE018F579F4F0E94DA31CE01019671
:10DEF0005C010E94DA31C114D10439F0F60180814D
:10DF00008F3219F48181811120C08CE594E00E9448
:10DF1000B83110E0812FC45DDE4F0FB6F894DEBF3C
:10DF20000FBECDBFDF91CF911F910F91FF90EF906A
:10DF3000DF90CF90BF90AF909F908F907F906F9029
:10DF40005F904F903F902F9008950E9470328823E9
:10DF500001F3C6010E94EBB1182F811122C060911C
:10DF60001C1770911D176115710561F1CF53DF4FBB
:10DF70001882C15CD040CE53DF4F1882C25CD040C3
:10DF8000CD53DF4F1882C35CD040605D7D4F21E0F0
:10DF9000A601CE018F539F4F0E94B17A882309F4C6
:10DFA00066C040E0B601CE010D960E94EE31182FFA
:10DFB0008111CDC00E947032882309F4AACF88E471
:10DFC00094E05CC0E0901E17F0901F17E114F1047C
:10DFD00009F44DC0C45EDE4F1882CC51D140C35EFF
:10DFE000DE4F1882CD51D140C25EDE4F1882CE5135
:10DFF000D140C75DDE4FD982C882C952D140C351DA
:10E00000DF4F1882CD5ED040C251DF4F1882CE5E06
:10E01000D040C151DF4F1882CF5ED040F701E45AA3
:10E02000FD4F8081807519F1F60180818F3249F5AD
:10E03000C75DDE4FE881F981C952D14080818F32BE
:10E0400041F43196C75DDE4FF983E883C952D14070
:10E05000EFCFF0EDEF1AFDEFFF0AF70160A171A11C
:10E06000CE018F539F4F0E94C47F811155C00E94E3
:10E070007032882309F44DCF81E594E00E94B831D5
:10E0800049CFF0EDEF1AFDEFFF0AC75DDE4F688163
:10E090007981C952D1409E01275D3E4FAE01415E5C
:10E0A0005E4FCE0180519F4F0E9488848823F9F2F1
:10E0B000C75DDE4FE881F981C952D1408081882354
:10E0C000E1F120E0AE01415E5E4FB701CE0180512B
:10E0D0009F4F0E94EB87882321F18FE2FE01E051E0
:10E0E000FF4FDE01AF53BF4F01900D928A95E1F7CC
:10E0F000CE0180519F4F0E945F80C45EDE4F188228
:10E10000CC51D140C25EDE4F1882CE51D140FE01CB
:10E11000EF53FF4F7F01B9CFCE018F539F4F7C014B
:10E12000B4CFAE01415E5E4FB701CE0180519F4F2B
:10E130000E949B8A8111D1CF9ACFAE01415E5E4F82
:10E14000B701CE0180519F4F0E949B8A27CFCE01FD
:10E150000D960E947A41182FCE010D96111105C01F
:10E160000E94F6BB80E494E089CF0E94F6BB8DE369
:10E1700094E00E94B83101E410E00C0F1D1F045F11
:10E180001F4F40E0B601C8010E94EE31811111C05D
:10E1900001E410E00C0F1D1F045F1F4FC8010E9417
:10E1A0003E32882319F0C8010E94F6BB8CE794E048
:10E1B000AECEC8010E947A41882351F3F12CE12CA4
:10E1C000280101E810E00C0F1D1F045F1F4F3E01E6
:10E1D000F8E06F0E711C8AE0282EB201C8010E947F
:10E1E00014BF882309F48BC0F50180E411928A954D
:10E1F000E9F7B501C8010E94EBC221961FAE219735
:10E20000C8010E947A41811169C0F5010190002086
:10E21000E9F7CF010C978A159B0509F05FC089814A
:10E220000E94C87D823509F059C08A810E94C87D4C
:10E23000853409F053C08B810E94C87D833409F076
:10E240004DC088858E3209F049C0FE013496912C6C
:10E25000812C819190ED980F9A3008F03FC0289C56
:10E260006001299CD00C1124C80ED11C87FDDA94C2
:10E27000460180E3881A9108E615F70551F789856C
:10E280000E94C87D8735B9F48A850E94C87D813493
:10E2900029F58B850E94C87D863501F5E1E3CE1A0C
:10E2A000D108FFE0CF16F7E2DF06C0F4E814F90466
:10E2B000A8F4740113C08C34A9F43A84832D0E940D
:10E2C000C87D853429F48B850E94C87D803531F363
:10E2D00091E3391203C08B85863301F3C8010E9494
:10E2E000F6BB7BCF8D34D1F78A850E94C87D8A35F5
:10E2F000A9F78B850E94C87D863481F7CFCFC201F4
:10E300000E94F6BB0E947032182F882309F402CEB7
:10E310008FE0E81687E2F80618F08DE694E0F7CD76
:10E320009FEFE91AF90AC55DDE4FE881F981CB520A
:10E33000D140F182E0828AE694E0A0CEFF920F9372
:10E340001F93CF93DF931F921F92CDB7DEB7082F95
:10E35000F92EBE016F5F7F4F0E944A6F182F811107
:10E3600013C040E150E06AE27FE088E791E10E945B
:10E370008CDD10928811812F0F900F90DF91CF913B
:10E380001F910F91FF9008958A818F9389818F93B8
:10E39000FF920F9387EF9CE09F938F931F9280EAE9
:10E3A0008F9388ED90E19F938F930E94F38B019759
:10E3B0000FB6F894DEBF0FBECDBF8F399105D8F2EE
:10E3C00089EE9CE00E94189710E0D5CFFF920F9342
:10E3D0001F93CF93DF931F921F92CDB7DEB7082F05
:10E3E000F92EBE016F5F7F4F0E944A6F182F811177
:10E3F00022C08AE29FE0892B99F488E791E1009797
:10E4000031F04CE55CE061E170E00E94D38D812F3A
:10E410000F900F90DF91CF911F910F91FF90089572
:10E4200040E150E06AE27FE088E791E10E948CDD04
:10E4300010928811ECCF89819A81209199103091A6
:10E440009A102530310501F59F938F93FF920F931A
:10E4500084E89CE09F938F931F9280EA8F9388EDCE
:10E4600090E19F938F930E94F38B0FB6F894DEBFD9
:10E470000FBECDBF01978F39910548F287E69CE02A
:10E480000E94E02410E0C3CF9F938F93FF920F93DD
:10E4900085E79CE0DFCFAF92BF92CF92DF92EF9201
:10E4A000FF920F931F93CF93DF93FB01E05CFF4F2D
:10E4B0002081FC01E05CFF4F3081332321F02111EA
:10E4C00004C08FEF2FC0211118C08B01EC016C012B
:10E4D0005B01F60181916F01F501F1905F018823E5
:10E4E00071F0FF2051F00E94C87DE82E8F2D0E9410
:10E4F000C87DE81630F38E1560F781E013C0F11087
:10E50000E0CFCA5BDF4F48815981F801EA5BFF4FDA
:10E510002081318142175307A0F281E0241735078B
:10E5200008F080E0DF91CF911F910F91FF90EF9065
:10E53000DF90CF90BF90AF900895CF93DF93FC0111
:10E54000E05CFF4F208121112AC0319620812111EA
:10E5500026C0EC0109900020E9F72197C81BD90BD0
:10E56000C430D10500F1C80FD91FFE013497808156
:10E570008E32C9F4319680810E94C87D8D3499F421
:10E58000FE01329780810E94C87D8A3561F421970F
:10E5900088810E94C87D21E0893409F420E0822F1F
:10E5A000DF91CF91089521E0FACFFC01662399F025
:10E5B000DC0190E08D91811109C0DF01A90FB11D2F
:10E5C00080E29F5F8D939031E1F703C09F5F9031B0
:10E5D00089F76787108A0895CF92DF92EF92FF92B2
:10E5E0000F931F93CF93DF9300D01F921F92CDB74D
:10E5F000DEB78C01362FCA01AE014F5F5F4F7A0143
:10E60000FA0120E04AE0C42ED12C2F5FB6010E940F
:10E61000D0DB805D8193CB01009711F02530A9F705
:10E62000EFEFE20FF0E03196EE0DFF1D832FD801E2
:10E63000A80FB11D92919C938F5FEE15FF05B9F75E
:10E64000832F820F0F900F900F900F900F90DF91FC
:10E65000CF911F910F91FF90EF90DF90CF90089591
:10E6600010926C0F10926B0F10926A0F08954FB7B3
:10E67000F89420910805309109058091270D90911B
:10E68000280D4FBF821B930B08954FB7F89420912C
:10E6900006053091070580910405909105054FBF4F
:10E6A000821B930B089510922B1010922C1008953A
:10E6B000CF92DF92EF92FF92CF93DF93FB01E901BC
:10E6C0003097C9F09C01A4E6B0E00E940EDC6B011B
:10E6D0007C019F01DA010E940EDCC616D706E8060F
:10E6E000F90648F0DE010E940EDC21E06C157D0584
:10E6F0008E059F0508F420E0822FDF91CF91FF90D7
:10E70000EF90DF90CF9008958091800F882351F093
:10E7100080917F0F882331F081E09091760F9111E5
:10E7200001C080E00895982F8F7D81548A31A8F030
:10E7300080ED890F8A3088F0903279F083ED890F6F
:10E74000823058F09F3549F088ED890F823028F0EB
:10E7500081E09B3219F080E0089581E00895DF9216
:10E76000EF92FF920F931F93CF93DF93082FD62E34
:10E7700082E8E82E8FE0F82E10E0D0E0F701C1919A
:10E780007F01CC23D1F0CD30C1F0D11005C0EC2FEA
:10E79000F0E0EA5AF04FC4918C2F8F7D81548A317A
:10E7A000A8F080ED8C0F8A3088F08C2F0E94937334
:10E7B000811110C01F5F0113E1CF8D2FDF91CF9129
:10E7C0001F910F91FF90EF90DF900895DE3F90F73B
:10E7D000DE5FF0CFC03271F3DF3F61F3DF5FEACF7E
:10E7E000AF92BF92CF92DF92EF92FF920F931F935F
:10E7F000CF93DF93C82E61E00E94AF73B82E60E024
:10E800008C2D0E94AF73A82E82E8E82E8FE0F82EA0
:10E8100010E0D12CD0E000E00F5FF701C1917F0143
:10E82000CC2359F1CD3049F1BA1428F4EC2FF0E0A3
:10E83000EA5AF04FC491C03211F0CE3211F4DD2308
:10E84000D1F08C2F0E949373811124C0D11013C07A
:10E85000CFE5DD24D3948C2F8F7D81548A3120F035
:10E8600080ED8C0F8A3008F411E0ED2FF0E0EE57C8
:10E87000F04FC083DF5FC012CFCFED2FF0E0EE5737
:10E88000F04FDD2349F08291803211F08E3221F475
:10E89000D150F7CFD12CDFCFED2FF0E0EE57F04F76
:10E8A0001082112321F011E0D11101C010E0812F5D
:10E8B000DF91CF911F910F91FF90EF90DF90CF905C
:10E8C000BF90AF9008958F929F92AF92BF92CF92D8
:10E8D000DF92EF92FF920F931F9342305105610533
:10E8E000710560F480E01F910F91FF90EF90DF9031
:10E8F000CF90BF90AF909F908F900895FC01E45E01
:10E90000FD4FC080D180E280F380EFEFCE1ADE0AA7
:10E91000EE0AFE0AC416D506E606F70618F3480105
:10E9200059016A01FC01E05FFD4F37E0769567957C
:10E93000579547953A95D1F700811181228133810E
:10E94000400F511F621F731F21E00E9426BA0097DB
:10E9500049F2CC0CDD1CCC0CDD1CF1E0DF22C80E32
:10E96000D91EF60180829182A282B38281E0BBCF60
:10E970000F931F93CF93DF93EB01E42FDC01AC5D8A
:10E98000BD4F4D915D916D917C9113970C811D81CF
:10E990002E813F81402351236223732329E0769502
:10E9A0006795579547952A95D1F7088119812A814E
:10E9B0003B8102501109210931091B96FC9104C0C9
:10E9C000000F111F221F331FFA95D2F7400F511F5E
:10E9D000621F731F57970D911D912D913C91400F10
:10E9E000511F621F731F2E2F0E9426BA009729F015
:10E9F0002C813D813170820F931FDF91CF911F9148
:10EA00000F9108952091B8046091BD047091BE04E7
:10EA10008091BF049091C004222359F1322F369582
:10EA2000630F711D811D911D30E050E040E00E9498
:10EA3000E4DBEAEBF4E08CE0DF011D928A95E9F774
:10EA400085E08093B704B90190E080E0660F771FFE
:10EA5000881F991F6F5F7F4F8F4F9F4F23E030E0DC
:10EA600040E050E00E94E4DB3093B9042093B80406
:10EA7000089530E020E0DDCFCF93DF93C091B8045C
:10EA80006091BD047091BE048091BF049091C00458
:10EA900030E020E0CC2361F02C2F2695620F711D11
:10EAA000811D911D2C2F30E050E040E00E94E4DBFE
:10EAB000ECEBF4E08AE0DF011D928A95E9F782E051
:10EAC0008093B7043093B9042093B804D0E0D09376
:10EAD000BB04C093BA048FEF8093BC04DF91CF9145
:10EAE0000895CF93DF93EC010E94F0B8882341F0A2
:10EAF000C45DDD4F88819981DF91CF910C9448B935
:10EB000080E0DF91CF9108954F925F926F927F9254
:10EB10008F929F92AF92BF92CF92DF92EF92FF922D
:10EB20000F931F93CF93DF936C014B01D42F5901A7
:10EB3000F8012115310521F0D9018C9181113AC0DC
:10EB4000F4019C2DD60184918D9331968A2F891BD7
:10EB50008D17C8F3F601ED0FF11D82E58083E1E02A
:10EB6000ED0FEC0DFD2DF11D85E4808383E08D0F0D
:10EB7000E2E0ED0FEC0DFD2DF11D93E49083F60125
:10EB8000E80FF11D90E291938F5F8031E1F7F6017C
:10EB9000108ADF91CF911F910F91FF90EF90DF903E
:10EBA000CF90BF90AF909F908F907F906F905F902D
:10EBB0004F90089510E1141B00E08D91882309F413
:10EBC00060C00F5F0F33C9F7808181110AC081E0F7
:10EBD00080830E940BB6D7016D937D938D939C9398
:10EBE0001397C02FC11B2C2F30E0ACE2B1E00E9484
:10EBF0000EDC2B013C010E940BB6F7012081318114
:10EC000042815381621B730B840B950BA30192010C
:10EC10002053384F4F4F5F4F0E94E4DB603BF4E0DE
:10EC20007F078105910580F1605B7440810991093E
:10EC3000641575058605970550F42CE231E040E037
:10EC400050E00E94E4DB2F5F2C1708F4C22FF40180
:10EC50009C2DD60184918D9331968A2F891B8D1717
:10EC6000C8F3F601ED0FF11D1C0F80E2C01720F470
:10EC7000D501AC0FB11D8C918193CF5F1C13F5CFE3
:10EC800086CF101708F4A0CFC0E0E1CFCF93C82FF4
:10EC90000E940BB620916C0F2C1751F0C0936C0F93
:10ECA00066577D4F70936B0F60936A0F80E00BC0C7
:10ECB00020916A0F30916B0F621B730B77FDF6CFBB
:10ECC0000E94307381E0CF9108951092AA100E94A3
:10ECD0000BB66C577C4F709372106093711008954F
:10ECE000CF93DF931F921F92CDB7DEB780914E0274
:10ECF0008823B9F08091460290914702019739F537
:10ED00008091460F882369F080913C0F90913D0FD0
:10ED10008A3038F4BE016F5F7F4F0E94682C8111EA
:10ED200020C080914E02882301F18091460290918B
:10ED300047020197D1F0E091760F8FEF8E0F883068
:10ED4000A0F4F0E0EE0FFF1FE353FC4E1AC08091D9
:10ED5000750F882331F38091D4109091D5109A8348
:10ED60008983E981FA81E03138F080E090E00F900A
:10ED70000F90DF91CF910895FF27EE0FFF1FE3550E
:10ED8000FC4E85919491F3CF9F92AF92BF92CF9218
:10ED9000DF92EF92FF920F931F93CF93DF93EC01DB
:10EDA000A62E942E0E9470768C01892B09F4C4C083
:10EDB000B0904E02BB2009F484C08091460290912D
:10EDC0004702019709F08AC08091460F882309F411
:10EDD000B3C0C090420FD090430FE090440FF0902A
:10EDE000450FC114D104E104F10409F488C08091F5
:10EDF0003E0F90913F0FA091400FB091410F80388E
:10EE00009105A105B10520F480E890E0A0E0B0E014
:10EE100080589109A109B1099601A7018C159D059A
:10EE2000AE05BF0510F49C01AD01A4E6B0E00E9460
:10EE30001DDCA70196010E94E4DBFE01CE01409695
:10EE400030E231938E179F07E1F782E5A11080E54C
:10EE5000888385E4A11081E4898383E4A11085E59A
:10EE60008A83DE01149690E080E0F801E80FF91F34
:10EE7000E491EE2329F0ED93019687309105A9F7EF
:10EE800080E2243608F081E38B8790E22A3040F05C
:10EE90003AE0822F632F0E94C4DB0E94C4DB905DA6
:10EEA0009C87822F6AE00E94C4DB905D9D8785E28B
:10EEB0008E87AA2029F0911002C08FE3982E9F869A
:10EEC000188A8B2DDF91CF911F910F91FF90EF90BA
:10EED000DF90CF90BF90AF909F90089580917F0F6B
:10EEE000882351F1C0907B0FD0907C0FE0907D0F74
:10EEF000F0907E0FC114D104E104F10411F424E672
:10EF00009CCF2091770F3091780F4091790F5091DD
:10EF10007A0FA4E6B0E00E941DDCA70196010E94D2
:10EF2000E4DB253631054105510508F486CF24E69A
:10EF300030E040E050E081CFB12CC3CF0E949F521F
:10EF4000E4E0F1E080818E7F8083E5E0F1E0808184
:10EF50008E7F8083109203051092020510920105A6
:10EF6000109200051092FF041092FE041092FD040E
:10EF70001092FC041092FB041092FA041092F9040F
:10EF80001092F8041092F7041092F6041092690F90
:10EF90001092680F1092D810109278111092640F8E
:10EFA0001092650F1092660F1092670F1092600F0B
:10EFB0001092610F1092620F1092630F10925F0F08
:10EFC00010925E0F10925D0F089560937B0F709307
:10EFD0007C0F80937D0F90937E0F1092770F10928D
:10EFE000780F1092790F10927A0F21E020937F0F03
:10EFF0000C9423B2DF92EF92FF920F931F93CF9363
:10F00000DF93CDB7DEB7E7970FB6F894DEBF0FBE3C
:10F01000CDBF7C018B015FAB4EABD22E19821A8221
:10F020001B82FC018081882379F080E0E7960FB68F
:10F03000F894DEBF0FBECDBFDF91CF911F910F912E
:10F04000FF90EF90DF900895FB018081807D69F350
:10F05000EEA9FFA980818F32D9F4EEA9FFA98081A2
:10F060008F3221F43196FFABEEABF7CFF80166811A
:10F070007781811104C0C7010E9418C2D7CFCE0189
:10F0800001960E9418C2882381F28E010F5F1F4FE4
:10F09000AE014A5C5F4FBE016F5D7F4F8EA99FA995
:10F0A0000E9406B1882309F4C0CFEEA9FFA9808190
:10F0B0008823D1F020E0AE014F5D5F4FB801C7015A
:10F0C0000E94B5BF882309F4B0CF80E2F701DE01CA
:10F0D000119601900D928A95E1F7C7010E94B9BB84
:10F0E000F70110821282D1CF2D2DAE014F5D5F4FFF
:10F0F000B801C7010E94B5BF99CFCF93DF93EC0150
:10F10000262F4C895D896E897F898E819F818496A7
:10F110000E9426BA009759F02C813D812F70332729
:10F1200045E0220F331F4A95E1F7820F931FDF91CD
:10F13000CF9108953F924F925F926F927F928F92FC
:10F140009F92AF92BF92CF92DF92EF92FF920F9376
:10F150001F93CF93DF9300D01F92CDB7DEB75C0132
:10F16000FC01448455846684778486809780F4010A
:10F17000C184D284E384F484C414D504E604F7047F
:10F18000C0F47301620110E0FFEFCF1ADF0AEF0A4B
:10F19000FF0AF401818D928DA38DB48D8C159D0590
:10F1A000AE05BF0540F4111132C0C184D284E3849E
:10F1B000F48411E0E9CF4C145D046E047F0439F14E
:10F1C0009E012F5F3F4FB701A601C4010E94E5BA1F
:10F1D00087FD1DC08823C1F289819A81AB81BC81E2
:10F1E000892B8A2B8B2B81F6112329F0F401C18600
:10F1F000D286E386F4860FEF1FEF2FEF3FE0B701D3
:10F20000A601C4010E9470BA382E811118C0312C99
:10F21000832D0F900F900F900F90DF91CF911F9142
:10F220000F91FF90EF90DF90CF90BF90AF909F90A5
:10F230008F907F906F905F904F903F900895411412
:10F24000510461047104B9F4F501C486D586E686DB
:10F25000F78682814114510461047104B1F0FFEF1B
:10F260004F1A5F0A6F0A7F0A4C145D046E047F0414
:10F2700079F08F7B0BC097018601B301A201C40115
:10F280000E9470BA8111E0CFC2CF8064F501828301
:10F29000F501828180688283BBCFAF92BF92CF920B
:10F2A000DF92EF92FF920F931F93CF93DF93EC01C6
:10F2B000888186FF0DC010E0812FDF91CF911F91D3
:10F2C0000F91FF90EF90DF90CF90BF90AF90089597
:10F2D00088899989AA89BB8981159E4FAF41B1055B
:10F2E00050F7CE010E949A78182F882321F3EE81DF
:10F2F000FF81CC84DD84EE84FF8432E0C31AD10820
:10F30000E108F108848104C0CC0CDD1CEE1CFF1C5C
:10F310008A95D2F781899289A389B489C80ED91EAA
:10F32000EA1EFB1E00E0A12C82E0B82EEE81FF81D8
:10F3300082810817B0F425E0B701A601400F511DE6
:10F34000611D711DCF0184960E9426BA009709F4B1
:10F35000B2CFFC019501119221503040E1F70F5FCF
:10F36000E5CF848120E032E002C0220F331F8A956E
:10F37000E2F788899989AA89BB89820F931FA11D09
:10F38000B11D888B998BAA8BBB8B96CFCF93DF93C4
:10F39000EC01AB0170E060E085E0440F551F661F93
:10F3A000771F8A95D1F7CE010E944ABC882329F0A5
:10F3B000CE01DF91CF910C94F7BE90E080E0DF9119
:10F3C000CF910895CF93DF93EC0184960E94F0B81B
:10F3D000882331F088819981DF91CF910C9448B9CD
:10F3E00080E0DF91CF910895DF92EF92FF920F932B
:10F3F0001F93CF93DF93CDB7DEB7A0970FB6F894E6
:10F40000DEBF0FBECDBF8C01DB019C91907D09F466
:10F4100099C07B0122E5C8010E94B5BF882309F489
:10F4200091C081E0F801828380E1D82ED082C801AA
:10F430000E944D79882309F485C0F801848595855B
:10F44000A685B785848F958FA68FB78F40E050E053
:10F45000BA01C8010E944ABCC8010E94B9BB8823F6
:10F4600009F470C061E0C8010E947D78FC01892B1D
:10F4700009F468C0D38680E2DE01119601900D92F6
:10F480008A95E1F78EE28983FE013296CE010C96D1
:10F4900020E22193E817F907E1F7D8011696ED91DC
:10F4A000FC9117975C964D915D916D917C915F9762
:10F4B0004250510961097109848104C0440F551FEC
:10F4C000661F771F8A95D2F781899289A389B489AB
:10F4D000480F591F6A1F7B1F21E0CF0184960E94AD
:10F4E00026BA009779F120E2FE013196DC01019005
:10F4F0000D922A95E1F72EE22A83F701448D558D6E
:10F50000668D778D7E8B6D8B5C8F4B8F20E2FE013D
:10F510003196DC01909601900D922A95E1F7D80181
:10F5200016968D919C91A0960FB6F894DEBF0FBEF3
:10F53000CDBFDF91CF911F910F91FF90EF90DF90A2
:10F540000C94E27980E0A0960FB6F894DEBF0FBE6F
:10F55000CDBFDF91CF911F910F91FF90EF90DF9082
:10F560000895DF92EF92FF920F931F93CF93DF9353
:10F57000CDB7DEB7E7970FB6F894DEBF0FBECDBFAD
:10F580007C018B015FAB4EABD22E19821A821B829B
:10F59000FC018081882379F080E0E7960FB6F8942B
:10F5A000DEBF0FBECDBFDF91CF911F910F91FF90B6
:10F5B000EF90DF900895FB018081807D69F3EEA9D3
:10F5C000FFA980818F32A9F4EEA9FFA980818F3233
:10F5D00021F43196FFABEEABF7CFF801668177816E
:10F5E000CE0101960E9418C28823B1F28E010F5FEE
:10F5F0001F4FAE014A5C5F4FBE016F5D7F4F8EA90A
:10F600009FA90E9406B1882339F2EEA9FFA9808143
:10F61000882331F120E0AE014F5D5F4FB801C70193
:10F620000E94B5BF882379F080E2F701DE011196D0
:10F6300001900D928A95E1F7C7010E94B9BBF701CD
:10F6400010821282D3CFDD2009F4A6CFAE014F5D28
:10F650005F4FB801C7010E94F4798111E5CF9CCFBB
:10F66000AE014F5D5F4FB801C7010E94F47995CF9D
:10F67000CF92DF92EF92FF920F931F93CF93DF937E
:10F68000E901FC01E45EFD4F00811181228133819B
:10F690000F5F1F4F2F4F3F4F0417150726073707E0
:10F6A00050F48FEFDF91CF911F910F91FF90EF906A
:10F6B000DF90CF9008956A01FC01E05FFD4F37E0D5
:10F6C00076956795579547953A95D1F700811181C1
:10F6D00022813381400F511F621F731F20E00E945F
:10F6E00026BA0097F1F2CC0CDD1CCC0CDD1C21E01D
:10F6F000D222C80ED91EF60180819181A281B381E8
:10F700008F3FFFEF9F07AF07BF0731F088839983D3
:10F71000AA83BB8381E0C6CF80E0C4CF4F925F92C3
:10F720006F927F928F929F92AF92BF92CF92DF9211
:10F73000EF920F931F93CF93DF936C014801590110
:10F74000DB01CA010297A109B109AC01BD01480D55
:10F75000591D6A1D7B1DF601E45EFD4F008111817C
:10F7600022813381041715072607370708F47FC065
:10F7700070974080518062807380EE2009F46CC0E5
:10F78000481659066A067B0688F044165506660632
:10F79000770660F4401751076207730718F040E0DE
:10F7A00050E0BA0140835183628373839C012770C8
:10F7B000332711E001C0110F2A95EAF72C013D0112
:10F7C0002CE076946794579447942A95D1F7F601E4
:10F7D000E85EFD4F4081518162817381440D551D6A
:10F7E000661D771D33E0B695A795979587953A9551
:10F7F000D1F7EC01D1702A013B012FEF421A520AD6
:10F80000620A720A21E0C6010E9426BA009779F1C5
:10F81000FC01EC0FFD1FA12F2081422F4A2331E074
:10F8200009F430E03E1519F12A272083B1E08B1A44
:10F830009108A108B10861F1AA0F71F73196B301DF
:10F84000A201D0E0C0E011E0A1E09F01281B390B2C
:10F850002115324009F7CFCF84159505A605B705C8
:10F8600008F0A4CF80839183A283B3839FCF80E0ED
:10F87000DF91CF911F910F91EF90DF90CF90BF90CC
:10F88000AF909F908F907F906F905F904F90089572
:10F8900081E0EECF4F925F926F927F928F929F9214
:10F8A000AF92BF92CF92DF92EF92FF920F931F938E
:10F8B000CF93DF9300D01F92CDB7DEB74C016A0122
:10F8C0007B012A013B019E012F5F3F4FB701A6013B
:10F8D000C4010E94387BA82E87FD49C000E010E0DB
:10F8E0009801B701A601C4010E946374B82E882351
:10F8F000F1F18FEFC81AD80AE80AF80AAA2049F0ED
:10F9000089819A81AB81BC818C159D05AE05BF05AF
:10F9100091F0970186010419150926093709E12C90
:10F92000B301A201C4010E948E7B882301F14980AA
:10F930005A806B807C80C980DA80EB80FC80A110CB
:10F94000C2CF8B2D0F900F900F900F90DF91CF9122
:10F950001F910F91FF90EF90DF90CF90BF90AF90ED
:10F960009F908F907F906F905F904F900895B12CF3
:10F97000E8CF2F923F924F925F926F927F928F9239
:10F980009F92AF92BF92CF92DF92EF92FF920F932E
:10F990001F93CF93DF93CDB7DEB72E970FB6F894B2
:10F9A000DEBF0FBECDBF9E878D8749835A836B8391
:10F9B0007C830F83188729873A872A013B0122E03D
:10F9C000421A510861087108452B462B472B41F418
:10F9D000ED85FE85E45FFD4F40805180628073803D
:10F9E000ED85FE85E45EFD4F80819181A281B3812A
:10F9F000481659066A067B0618F0412C512C320134
:10FA0000D301C20133E0B695A795979587953A95AE
:10FA1000D1F71C0141E0342211E0C201877099271F
:10FA200001C0110F8A95EAF7530142017301620187
:10FA30008D859E85885E9D4F9E838D83AD85BE8519
:10FA4000A45EBD4FBC87AB87ED81FE818081918133
:10FA5000A281B381B701A6012CE0769567955795F1
:10FA600047952A95D1F7480F591F6A1F7B1F20E041
:10FA70008D859E850E9426BA9C01892B09F47FC042
:10FA8000F901E20DF31D0081FFEFCF1ADF0AEF0A43
:10FA9000FF0A902F912309F047C0B701A60148192A
:10FAA00059096A097B098F819885A985BA85481704
:10FAB00059076A077B07D1F589819A81AB81BC819F
:10FAC000892B8A2B8B2B89F48F819885A985BA8500
:10FAD0000197A105B10549F4AD85BE85A45FBD4F71
:10FAE000FD0180829182A282B382C501B4016E5F62
:10FAF0007F4F8F4F9F4F2E960FB6F894DEBF0FBEED
:10FB0000CDBFDF91CF911F910F91FF90EF90DF90CC
:10FB1000CF90BF90AF909F908F907F906F905F90AD
:10FB20004F903F902F900895460157014C145D046B
:10FB30006E047F0441F1AB85BC854D915D916D9163
:10FB40007C91C416D506E606F70678F4110F09F085
:10FB50009BCFC1010196312C212C11E08115B2E01F
:10FB60009B0708F071CF1C018BCF212C82E0382E2F
:10FB7000812C912C5401C12CD12C7601EACF60E06C
:10FB800070E0CB01B8CF61E070E080E090E0B3CFEF
:10FB90009FE9980F9A3108F4805208954F925F922E
:10FBA0006F927F928F929F92AF92BF92EF92FF924D
:10FBB0000F931F93CF93DF93EC0188A199A1488DF8
:10FBC000598D6A8D7B8D411551056105710519F1BE
:10FBD0004F5F5F4F6F4F7F4F01E010E020E030E05C
:10FBE0000E94B97C4B015C0122E082169104A104C1
:10FBF000B104A8F4F12C8F2DDF91CF911F910F91BB
:10FC0000FF90EF90BF90AF909F908F907F906F90FC
:10FC10005F904F90089540E050E0BA01DDCFEE24B0
:10FC2000E39401E010E020E030E0BC01A40188A1F1
:10FC300099A10E948E7BF82E8823E1F2488D598D80
:10FC40006A8D7B8D8EA5411551056105710539F4CD
:10FC500080648EA7888E998EAA8EBB8ECCCF86FFAD
:10FC60002AC04F5F5F4F6F4F7F4F481559056A0598
:10FC70007B0581F38F7B8EA74C8D5D8D6E8D7F8D87
:10FC800088A199A1488C598C6A8C7B8C44155505A8
:10FC90006605770580F42A013B012FEF421A520ACC
:10FCA000620A720A930182010E946374B301A20185
:10FCB0008111E6CF9FCF0FEF1FEF9801B501A4018F
:10FCC00088A199A10E946374882309F493CF488D79
:10FCD000598D6A8D7B8D411551056105710509F4BA
:10FCE000B9CF9501840188A199A10E946374811103
:10FCF000B1CF80CF2F923F924F925F926F927F92BF
:10FD00008F929F92AF92BF92CF92DF92EF92FF922B
:10FD10000F931F93CF93DF93CDB7DEB762970FB6E4
:10FD2000F894DEBF0FBECDBF988B8F874801222E7F
:10FD30003D834E83352E2B01DC0158962D913D914C
:10FD40004D915C915B972B873C874D875E879C9696
:10FD5000BC91BF83BB2309F4E3C0FC01F081F887A9
:10FD6000DC011196BC91B987FC01F281FA87DC01B4
:10FD700013966C90139714967C9014971596BC91DB
:10FD8000FC01F681F98BFC01F781FA8B2885398516
:10FD90004A85562D672D7B2F89899F2F5801C22CAC
:10FDA000DD80EE80F32C82010E943BDDF1F09401B6
:10FDB000422D5D2D6E2D732DC201A0E00E9444DD09
:10FDC000B1F4AF85B88958961D921D921D921C9270
:10FDD0005B97EF85F8898082918222822D8123832F
:10FDE0003E81348335824682578281E0A4C0EF8110
:10FDF000E3FF10C0EF85F889208531854285538562
:10FE00006485758586859785DD80EE800E943BDD63
:10FE100008F486C0EF85F889A0A0B1A0C501815D76
:10FE20009D4FFC011081175F9401422D5D816E8111
:10FE3000732DC201AFEF0E9426DD012F0E9402DD6B
:10FE4000942F852FA901692F782F69017B01EF85F8
:10FE5000F88986A586FF0DC0848D958DA68DB78DFA
:10FE6000840F951FA61FB71F808F918FA28FB38F0E
:10FE7000B0CF288539854A85562D672D7B2F8989F6
:10FE80009A89AFEF0E9426DD0E9402DD29833A8322
:10FE90004B835C8329813A814B815C81C216D306F6
:10FEA000E406F50668F0288539854A85562D672DC4
:10FEB0007B2F89899A89A0E00E9444DD09F05BC00C
:10FEC000BF81B6FF51C0F501E05EFD4F8081918199
:10FED000A281B381EF85F889808F918FA28FB38F34
:10FEE0006F84788838E1630E711CC114D104E10479
:10FEF000F10409F46ECFAF85B88958964D915D91A4
:10FF00006D917C915B97930190968D919C910E944D
:10FF1000387BB1E0CB1AD108E108F10818162CF3B0
:10FF20008B859C85AD85BE85EF85F889808F918F07
:10FF3000A28FB38F80E062960FB6F894DEBF0FBE3B
:10FF4000CDBFDF91CF911F910F91FF90EF90DF9088
:10FF5000CF90BF90AF909F908F907F906F905F9069
:10FF60004F903F902F900895EF85F889848D958D5F
:10FF7000A68DB78DAFCF29813A814B815C81C21AA2
:10FF8000D30AE40AF50AACCFFC0184A581110CC0A8
:10FF90008FE2DF011D928A95E9F780E484A771A3BF
:10FFA00060A381E086A7089580E008959F92AF92B4
:10FFB000BF92CF92DF92EF92FF920F931F93CF9356
:10FFC000DF9300D000D000D0CDB7DEB78C01942EE7
:10FFD00089E0F801B296DE01119601900D928A95A2
:10FFE000E1F7F801A0A0B1A0F0E26F9FC0011124D9
:10FFF000B0E0A0E04D815E816F817885F501EC5D18
:020000021000EC
:10000000FD4FC080D180E280F380C422D522E62259
:10001000F722C80ED91EEA1EFB1E840F951FA61FCD
:10002000B71F8D839E83AF83B8873B968081875FA0
:1000300004C0F694E794D794C7948A95D2F7C11474
:10004000D104E104F10489F149815A816B817C81F9
:100050008985882371F04F5F5F4F6F4F7F4F4983D2
:100060005A836B837C8321E0C21AD108E108F1082E
:10007000E6CF9E012F5F3F4FC5010E94387B813044
:1000800091F390E080E029960FB6F894DEBF0FBEA2
:10009000CDBFDF91CF911F910F91FF90EF90DF9037
:1000A000CF90BF90AF909F900895492DBE016F5F94
:1000B0007F4FF80180A191A10E94B874E4CFFF9214
:1000C0000F931F93CF93DF93FC0124A5211107C049
:1000D00081E0DF91CF911F910F91FF900895EC0186
:1000E00086A587FF8AC08F7786A7F12C10E000E0F5
:1000F0008BA58F1508F469C040E06F2DCE010E94DA
:10010000D67FFC01892B09F473C08081803C61F1AA
:10011000813C69F0853809F06BC08CA5877390E04D
:1001200095838483A8A1B9A18C9181608C9340812F
:1001300090E080E000FB1795079517F9DF01A80F05
:10014000B91F2C91020F111D8130910521F423E07C
:1001500030E0453811F021E030E0820F931F80320B
:10016000910540F3F394C4CF81819EA596FF2BC0E7
:1001700082608183788969895A894B893C892D8974
:100180009E898F8970876187528743873487258747
:10019000968787878C8D9D8DAE8DBF8D848B958B3B
:1001A000A68BB78B788569855A854B853C852D85CF
:1001B0009E858F85708F618F528F438F348F258FEF
:1001C000968F878FAFCF8D7FD4CF41E0BE016E5D1C
:1001D0007F4F88A199A10E94B874009749F0FC0153
:1001E0001383028388A199A10E947175811170CF38
:1001F0008DA581608DA780E06CCF80A191A10E9428
:100200007175811165CF9DA591609DA762CF2F92D9
:100210003F924F925F926F927F928F929F92AF9296
:10022000BF92CF92DF92EF92FF920F931F93CF93E3
:10023000DF93CDB7DEB763970FB6F894DEBF0FBE7E
:10024000CDBFDC019E962C9121FD1AC080E0639603
:100250000FB6F894DEBF0FBECDBFDF91CF911F91D7
:100260000F91FF90EF90DF90CF90BF90AF909F9055
:100270008F907F906F905F904F903F902F90089558
:10028000FC01448C558C668C778C411451046104BC
:10029000710409F433C14C01C08CD18CE28CF38C15
:1002A00026FFEEC02085318542855385648575859E
:1002B00086859785AFEF0E9426DD00A0F1A1E02D95
:1002C000DF01A15DBD4F0C91075F0E9402DD2D8310
:1002D0003E834F83588769877A878B879C870D81F8
:1002E0001E812F8138850F5F1F4F2F4F3F4FC11445
:1002F000D104E104F10409F4ACC0D701C6010196B0
:10030000A11DB11D89839A83AB83BC83B1E04B1AD5
:100310005108610871084C185D086E087F08040DCB
:10032000151D261D371D011511052105310509F083
:100330009CC0D401FC911196EC9111971296BC913E
:10034000BD83D4011396BC91BD87D4011496BC9192
:10035000BE87D4011596BC91BF87D4011696BC9177
:10036000B88BD4011796BC91B98BD40150962C90C0
:10037000509751963C90519752964C905297539665
:100380005C90539754966C90549755967C905597E3
:100390005696BC91BA8BD4015796BC91BB8B9101F8
:1003A000A201B3018A899B2FAF2EBE2ECD80DD84A2
:1003B000EE84FF84088919890E943BDD39F030F012
:1003C0002F2E3E2E260137010A8B1B8BD40150960F
:1003D0002C92509751963C92519752964C9252972C
:1003E00053965C92539754966C92549755967C9280
:1003F00055978A8956968C9356978B8957968C93E6
:1004000057971896FC9318971996EC931997ED81C6
:100410001A96EC931A97FD851B96FC931B97EE8515
:100420001C96EC931C97FF851D96FC931D97E889FD
:100430001E96EC931E97F9891F96FC931F979E9624
:100440008C919E9780689E968C93C4010E945F80D9
:10045000FECE49825A826B827C82D4015C961D92C8
:100460001D921D921C925F975ECF49815A816B81CC
:100470007C81E12CCF010E948E7B81115ACFE6CE88
:10048000C114D104E104F10481F119821A821B82A2
:100490001C829E012F5F3F4FB701A60180A191A151
:1004A0000E94387B87FDD2CE882379F0F401408DFD
:1004B000518D628D738D0FEF1FEF980180A191A177
:1004C0000E946374882309F4C1CE49815A816B81EB
:1004D0007C81411551056105710509F42ACFF401AC
:1004E00080A191A10E944A7CC8CF49825A826B8226
:1004F0007C82148E158E168E178EE7CF81E0A7CEE4
:100500004F925F926F927F928F929F92AF92BF9223
:10051000CF92DF92EF92FF920F931F93CF93DF93CF
:1005200000D01F92CDB7DEB74C01DC019C968C91B8
:100530009C9786FF5CC090960D911C91F801E05E3F
:10054000FD4F80819181A281B38189839A83AB839E
:10055000BC83C12CD12C760149815A816B817C816D
:100560009E012F5F3F4FC8010E94387B87FD3BC033
:10057000BFEFCB1ADB0AEB0AFB0A8111EDCFF801C2
:10058000E15DFD4F8081875F04C0CC0CDD1CEE1C5B
:10059000FF1C8A95D2F7D4019096ED91FC91E85D0D
:1005A000FD4F80819181A281B3818C0D9D1DAE1D77
:1005B000BF1D0097A105B44000F180E00F900F909F
:1005C0000F900F90DF91CF911F910F91FF90EF90BF
:1005D000DF90CF90BF90AF909F908F907F906F9063
:1005E0005F904F900895C12CD12C7601C8CFF401B3
:1005F000C084D184E284F384CECFC4010E94CE7D36
:100600008823D9F2D40190968D919C919197589618
:10061000CD90DD90ED90FC905B97B2E0CB1AD108C5
:10062000E108F108FC01E15DFD4F208104C0CC0C24
:10063000DD1CEE1CFF1C2A95D2F7885E9D4FFC0145
:1006400080819181A281B381C80ED91EEA1EFB1E52
:10065000412C512C320100E012E0D40190968D9192
:100660009C919197FC01E15DFD4F208141E050E0BC
:1006700060E070E004C0440F551F661F771F2A9585
:10068000D2F74416550666067706C0F425E0B70192
:10069000A601440D551D661D771D0E9426BA0097C0
:1006A00009F48BCFFC019801119221503040E1F701
:1006B0003FEF431A530A630A730ACFCF9C962C91DB
:1006C0009C9726FD62C09E962C919E9720689E96D0
:1006D0002C93FC01E85DFD4F80819181A281B38163
:1006E0009C01AD0160E070E080E090E0D4011896DC
:1006F000AC9018971996BC9019971A96CC901A97A7
:100700001B96DC901B971C96EC901C971D96FC90FA
:100710001D971E960C911E971F961C911F970E9465
:100720001DDD18962C93189719963C9319971A96D5
:100730004C931A971B965C931B971C966C931C9773
:100740001D967C931D971E968C931E971F969C93C7
:1007500080819181A281B3819C01AD0160E070E054
:1007600080E090E0F401A088B188C288D388E48852
:10077000F588068917890E941DDD208B318B428BFD
:10078000538B648B758B868B978BC4010E945F8023
:1007900015CF8F929F92AF92BF92EF920F931F93BC
:1007A000CF93DF9300D000D000D01F92CDB7DEB73B
:1007B0009A838983DC019E969C919E9791FF63C0EA
:1007C000BA87A9875C968D909D90AD90BC905F97FD
:1007D00081149104A104B104A9F410E0E985FA851B
:1007E00083A5811708F466C041E0612FCF010E9404
:1007F000D67F009709F447C0DC012C912F772C930A
:100800001F5FECCFA985BA859096ED91FC919197E9
:1008100096FF4AC018962C91189719963C911997F3
:100820001A964C911A971B965C911B971C966C918B
:100830001C971D967C911D971E968C911E971F9656
:100840009C91AFEF0E9426DDDF01A15DBD4F0C91B1
:10085000075F0E9402DD29833A834B835C836D83AB
:100860007E838F83988709811A812B813C810F5F5A
:100870001F4F2F4F3F4FE12CB501A401CF010E9424
:100880008E7B8111AACF80E02A960FB6F894DEBF46
:100890000FBECDBFDF91CF911F910F91EF90BF9011
:1008A000AF909F908F900895B501A401CF010E9451
:1008B0004A7CE7CFE985FA8514A616A680A191A106
:1008C0002A960FB6F894DEBF0FBECDBFDF91CF9151
:1008D0001F910F91EF90BF90AF909F908F900C94CD
:1008E0007175982F803290F0877F823279F09A3339
:1008F00069F0892F8F7B8C3349F082EC890F82302D
:1009000028F081E09C3519F080E0089581E0089599
:10091000CF92DF92EF92FF920F931F93CF93DF93CB
:10092000EA016901FB019F012F5F3F4F8081803207
:10093000E9F0F983E883FD83EC839E2F8F2F7F01FD
:10094000D7011D917D011123D1F01F3289F0812F34
:100950000E947184811141C017FD40C01E3221F0F8
:10096000103211F0FD82EC82F701E7CFF901DBCF05
:100970009E2F8F2F21912032D9F32F32C9F3F60108
:1009800090838183C880D980DB82CA820C811D81DB
:10099000F12CE12CEA81FB81E017F10791F0CF0106
:1009A00001969B838A8380810E94C87DE0FAF79438
:1009B000E794F7F8E80EF11CE0FAF794E794F7F8FB
:1009C000E9CF0C191D091F830E83F986E8860150B3
:1009D000110981E00F3F110508F080E0DF91CF9110
:1009E0001F910F91FF90EF90DF90CF900895AF92FD
:1009F000BF92CF92DF92EF92FF920F931F93CF930C
:100A0000DF93EC016A017B0159018B819C81AD81EF
:100A1000BE818C159D05AE05BF0590F49501B7010B
:100A2000A60189819A810E94AEB9DF91CF911F9171
:100A30000F91FF90EF90DF90CF90BF90AF9008950F
:100A4000400F511F611D711D84179507A607B70739
:100A500028F7CE010E94F0B88111E0CFE6CF2F92A7
:100A60003F924F925F926F927F928F929F92AF923E
:100A7000BF92CF92DF92EF92FF920F931F93CF938B
:100A8000DF93CDB7DEB764970FB6F894DEBF0FBE25
:100A9000CDBF9C8B8B8B7A8B698B1A01DC019E9668
:100AA0008C919E9780FFC9C186FD04C09C968C9155
:100AB00083FF92C1EB89FC89F085F987AB89BC89FA
:100AC0001996BC91BA87EB89FC89F285FB87AB89C3
:100AD000BC891B96BC91BC87EB89FC89F485FD879A
:100AE000AB89BC891D96BC91BE87EB89FC89F685D4
:100AF000FF87AB89BC891F96BC91B88BEB89FC89B9
:100B0000F081F983AB89BC891196BC91BA83EB89DA
:100B1000FC89F281FB83AB89BC891396BC91BC83B1
:100B2000EB89FC89F481FD83AB89BC891596BC9166
:100B3000BE83EB89FC89F681FF83AB89BC8917965C
:100B4000BC91B88729853A854B855C856D857E8506
:100B50008F859889A980BA80CB80DC80ED80FE806B
:100B60000F2F1B2F0E9432DD59016A017B018C017E
:100B7000910140E050E060E070E080E090E0310101
:100B80000E943BDD39F030F069847A84E981FA8192
:100B90006E1A7F0AAB89BC8950964C90509751963B
:100BA0005C90519752968C90529753969C90539785
:100BB0005496BC91EB89FC89A589368827882981C0
:100BC0003A814B815C816D817E818F819885520154
:100BD0006401EB2EFA2E032D122D0E943BDD08F04E
:100BE000F2C09201A4016B2F7A2F832D922DA98040
:100BF000BA80CB80DC80ED80FE800F8118850E945A
:100C000032DDF22FE32F6A017B018C014301930156
:100C100040E050E060E070E080E090E0AF2EBE2E5B
:100C20000E943BDD19F010F08F2E9E2E282C392CBF
:100C30002614370408F0D0C062187308512C412CD8
:100C40008B899C8948969A8789872114310409F4F5
:100C500082C1AB89BC89BC91B983EB89FC89F181E4
:100C6000FA83AB89BC891296BC91BB83EB89FC8962
:100C7000F381FC83AB89BC891496BC91BD83EB895D
:100C8000FC89F581FE83AB89BC891696BC91BF8334
:100C9000EB89FC89F781F887AB89BC899096ED9147
:100CA000FC91DF01AC5DBD4FCD90DD90ED90FC90EF
:100CB00089819A81AB81BC81C822D922EA22FB2298
:100CC00086011170C114D104E104F104F9F4298101
:100CD0003A814B815C816D817E818F819885A0E016
:100CE0000E9444DD09F082C0AB89BC899C968C913E
:100CF00086FF75C0E05EFD4F80819181A281B38146
:100D0000EB89FC89808F918FA28FB38FEB89FC894F
:100D100080A191A1FC01E15DFD4FE08149E0F694E5
:100D2000E794D794C7944A95D1F7AB89BC89589674
:100D30004D915D916D917C915B9742505109610994
:100D400071090E2E04C0440F551F661F771F0A94A9
:100D5000D2F74C0D5D1D6E1D7F1DDC01A85EBD4FE1
:100D60008D909D90AD90BC90480D591D6A1D7B1DC6
:100D70000115110509F06CC02114B2E03B0608F41E
:100D800067C0DC0113968D909D90AD90BC90169736
:100D9000481559056A057B0509F45AC02114B4E0C9
:100DA0003B0608F0ACC001E010E029893A89FC015B
:100DB000818192810E94AEB9882309F43EC0812CC2
:100DC00082E0982E5BC0F0E0E0E0C12CD12CE12C59
:100DD000F12C00E010E01ACF712C612C2FCFEB89A1
:100DE000FC89848D958DA68DB78D8ACFAB89BC8902
:100DF00058964D915D916D917C915B979E968C91EB
:100E00009E9786FF0AC04F5F5F4F6F4F7F4FFD0178
:100E1000408F518F628F738F79CF29853A85CF01AB
:100E20000E94387B87FD09C0811170CFAB89BC89D6
:100E30009C968C91807509F08EC0AB89BC899D967B
:100E40008C919D9782609D968C938FEF9FEFAAC0A7
:100E500020E032E0201B310B41012215330508F45C
:100E6000490120E00E9426BA009739F3BC01600FC7
:100E7000711FA40189899A890E9465DD89899A89EF
:100E8000880D991D9A8B898B480C591C940140E060
:100E900050E060E070E080E090E0AB89BC89AC900D
:100EA0001196BC9011971296CC9012971396DC90E5
:100EB00013971496EC9014971596FC901597169628
:100EC0000C91169717961C9117970E941DDD2C9375
:100ED00011963C93119712964C93129713965C932C
:100EE000139714966C93149715967C9315971696F2
:100EF0008C93169717969C9328183908A6CE410113
:100F0000892C99248694B12CA12C01E010E020E0DA
:100F100030E004C0000F111F221F331FEA95D2F7E3
:100F20000C191D092E093F0980169106A206B30669
:100F300010F4950184014801590129E0880C991C9D
:100F4000AA1CBB1C2A95D1F729893A890E94F784EB
:100F5000811194CF72CF6114710419F1A30170E073
:100F600060E089899A890E946EDD930140E050E03B
:100F700060E070E080E090E0EB89FC89A080B180C7
:100F8000C280D380E480F580068117810E941DDD38
:100F900089019A01AB01BC01CF010E947A7E460C07
:100FA000571CC20164960FB6F894DEBF0FBECDBFCA
:100FB000DF91CF911F910F91FF90EF90DF90CF9035
:100FC000BF90AF909F908F907F906F905F904F9069
:100FD0003F902F9008952F923F924F925F926F9281
:100FE0007F928F929F92AF92BF92CF92DF92EF92B9
:100FF000FF920F931F93CF93DF93CDB7DEB7AE97DA
:101000000FB6F894DEBF0FBECDBF3C017B012A01B5
:10101000C22EDC019C968C9181110DC0FB0184A530
:10102000807549F0822F8370813009F492C040F0BE
:10103000823009F48BC0F30114A616A6D12C2EC160
:10104000F1E0FBA363E0862E41145104B9F0D20114
:1010500016968D919C910E966FE070E00E94D0DB09
:1010600072E0872E860E00E010E020E030E040E0E5
:1010700050E060E070E0C7010E947A7ED12C10E061
:10108000FE01B196FAA3E9A3FBA1F064FEA75FE21B
:10109000952E40E250E0BE016F5F7F4FC7010E9476
:1010A0002F85009741F1809731F6898187FD54C0E3
:1010B000111118C0D7012D913D914D915C9113975D
:1010C00020523109410951092AA73BA74CA75DA726
:1010D00058962D913D914D915C915B972EA33FA326
:1010E00048A759A7181508F41F5F81110CC14114B6
:1010F000510409F4A0CFC4FE9ECF8BA1827009F4E5
:101100009ACF4114510409F496CF181508F077C10D
:1011100040E250E0BE016F5F7F4FC7010E942F8504
:10112000009709F04EC1D7015896AD90BD90CD9073
:10113000DC905B97C7010E948082882309F47BCFF3
:10114000F701A08EB18EC28ED38EDFCF23E02BA30A
:1011500079CF32E03BA376CFD11044C0181508F404
:1011600010E0853809F095CFF301292D11922A95C9
:10117000E9F78A81D3019B968C939B979D81892F58
:10118000877394FF2BC09C968C93D70190968D917A
:101190009C919197F30191A380A358968D919D9175
:1011A0000D90BC91A02D82A393A3A4A3B5A3F70196
:1011B00080819181A281B3818097A109B109F30156
:1011C00086A397A3A0A7B1A7D7019E968C9186FB73
:1011D000882780F982A7DD24D3945BCF8860F30150
:1011E00084A7D3CF803C09F090C02BA1F30126A7A0
:1011F0008A8181FF02C03EA536A78985D30150961A
:101200008C9350978A8551968C9351978B855296E3
:101210008C9352978C8553968C9353978D855496C7
:101220008C9354978E8555968C9355978F855696AB
:101230008C935697888957968C938D899E89AF8910
:10124000B88DF301848F958FA68FB78F898D808796
:101250008A8D81878B8D82878C8D83878D8D848706
:101260008E8D85878F8D868788A18787411451044D
:1012700079F5C6FCE0CE8C2D847221F4F30186A5AD
:1012800081FF06C0D3019C968C91817109F0D3CE69
:10129000C5FC79C0F30186A581FD8FC08D2DAE966A
:1012A0000FB6F894DEBF0FBECDBFDF91CF911F9177
:1012B0000F91FF90EF90DF90CF90BF90AF909F90F5
:1012C0008F907F906F905F904F903F902F900895F8
:1012D000D2018D919C91119713969C938E931297A6
:1012E0002C8116968D919C9117972817190659F401
:1012F000DD24D39418962D913C918D819E812817E1
:10130000390709F4C6CED12CC4CE813CE1F7F201F5
:10131000248035809E012D5F3F4F3DA32CA3ACA1BF
:10132000BDA1AD90BD90BDA3ACA3D2011296ED912D
:10133000FC911397E215F30559F4AB2821F7D2017C
:1013400012968D919C918215930509F0A2CE91CFB2
:10135000CF01019613969C938E9312978081BFE7DD
:10136000AB16B10480F60E94C87D082F8A2D0E941A
:10137000C87D0813C8CFECA1FDA129A13AA1E217AD
:10138000F30769F6DCCFD3019E968C9181FF53CE93
:1013900000E010E020E030E040E050E060E070E08D
:1013A000C3010E947A7E882309F445CEC3010E94BE
:1013B0000781882309F43FCE6DCF84A5806284A77E
:1013C0006DCF809709F037CE111117C0F7018081DA
:1013D0009181A281B3819C01AD0120523109410963
:1013E00051092AA73BA74CA75DA7808D918DA28D9F
:1013F000B38D8EA39FA3A8A7B9A71F5F86CEF701C1
:1014000086A586FB882780F99FE2D3011D929A95D5
:10141000E9F720A131A1F30131A320A398E294A719
:101420002EA13FA148A559A522A333A344A355A3A8
:101430002AA53BA54CA55DA526A337A340A751A788
:1014400082A7F201808191819383828310E080E200
:10145000982E91ECA92E20ECD22E2BA0689427F880
:1014600035E8B32E0FEF080D41E2E42E4CE5F42EE3
:10147000181509F45BC041E0612FC3010E94D67FBB
:10148000DC01892B09F4D7CD8C9187FDD4CDFD01EA
:10149000292D11922A95E9F7111114C0BC92F3017C
:1014A00003A711960C9311971B96FC92EE921A9734
:1014B0001F96FC92EE921E975396FC92EE925297D4
:1014C0001F5FD6CF113091F4DC9211961C931197C7
:1014D000F30126A6F201868113968C9313978085DB
:1014E000918515969C938E931497EACFAC92F20156
:1014F00044815581BD016E5F7F4FCD018096F20121
:10150000A281B381A417B507D9F29D012F5F3F4F88
:10151000338322832C91022E000C330BDB012D939D
:101520003D93BD018A179B0751F7CACFC3010E94A3
:101530005F80D82EB3CE0F931F93CF93DF93EC0130
:10154000FB0194A5907549F122E5CE010E94EB873D
:10155000882319F180E38CA7CE010E948082882322
:10156000E1F0888D998DAA8DBB8D8C8F9D8FAE8F6C
:10157000BF8F00E010E020E030E040E050E060E0AD
:1015800070E0CE010E947A7E81EC8EA7CE01DF91C1
:10159000CF911F910F910C945F8080E0DF91CF91EC
:1015A0001F910F910895DF92EF92FF920F931F9377
:1015B000CF93DF93CDB7DEB7EB970FB6F894DEBFCE
:1015C0000FBECDBF8C017B015BAF4AAFD22E1DA6F3
:1015D0001EA61FA6FC0184A5882379F080E0EB9667
:1015E0000FB6F894DEBF0FBECDBFDF91CF911F9134
:1015F0000F91FF90EF90DF900895FB0184A5807517
:1016000069F3EAADFBAD80818F32D9F4EAADFBAD71
:1016100080818F3221F43196FBAFEAAFF7CFF7012B
:1016200060A171A1811104C0C8010E94C47FD7CFFD
:10163000CE0101960E94C47F882381F2CE010196DB
:101640007C016AAD7BAD9E01265C3F4FAE01405DE3
:101650005F4FC8010E948884882309F4BFCFEAAD98
:10166000FBAD80818823D1F020E0AE01405D5F4F6B
:10167000B701C8010E94EB87882309F4AFCF8FE23E
:10168000F801DE01119601900D928A95E1F7C801EB
:101690000E945F80F80114A616A6D0CF2D2DAE01B2
:1016A000405D5F4FB701C8010E94EB8798CFCF9391
:1016B000CFB7F8948091BD0F811127C0EBE1F9E11C
:1016C0008491E1E6F9E19491E82FF0E0EE0FFF1F3D
:1016D000EF58F84EA591B491EC91E92321F461E023
:1016E00085E30E9475B361E085E30E94B0B48CB5D8
:1016F00080618CBD8CB580648CBD61E084E30E9408
:10170000B0B461E083E30E94B0B48091BD0F8F5FFD
:101710008093BD0FCFBFCF910895CF93DF9300D0BB
:101720001F92CDB7DEB7CE0101960E94FA568823EC
:1017300069F08981823050F49A819A509B3530F457
:1017400090E00E94D3568A810E9485581092A7107B
:101750001092A6108091CF108093A41080914F0218
:101760008093A5101092A8101092D11081E0809360
:10177000A3100F900F900F900F90DF91CF910895CD
:101780000F931F93CF93DF93CDB7DEB761970FB65B
:10179000F894DEBF0FBECDBFFE01319690E08F0101
:1017A000DB012D91BD01211109C0F801E90FF11DE7
:1017B00020E29F5F21939031E1F704C021939F5F66
:1017C000903171F7198A0E9465B4C8010E94D5B0A2
:1017D00061960FB6F894DEBF0FBECDBFDF91CF91FB
:1017E0001F910F910895CF93DF93CDB7DEB79E0180
:1017F000245F3F4F4A855B85688579858E819F810F
:101800000E94CFD8DF91CF9108952F923F924F92AF
:101810005F926F927F929F92AF92BF92CF92DF9230
:10182000EF92FF920F931F93CF93DF9380919F10BE
:101830009091A010059709F4A4C180914E028823CD
:1018400009F472C08091810F882309F46DC08091E2
:10185000800F882309F468C0C091A110D091A21014
:10186000209709F461C0A0904602B0904702C501DC
:101870000497039728F021E0A216B10409F054C0A0
:1018800088E894E10E943E3281114EC0D12CC12CD7
:1018900002E81FE080EA982E99E2E92E9DE0F92EF9
:1018A00026E6222E21E1322E30E7432E31E1532E5F
:1018B0004AE7642E41E1742EC1109EC036E0A316A3
:1018C000B10409F04FC01F930F93DF93CF9324E827
:1018D00031E13F932F931F929F92FF92EF920E94CC
:1018E000F38B2DB73EB7265F3F4F0FB6F8943EBF40
:1018F0000FBE2DBF01978F399105B0F468ED70E1EF
:1019000089E29DE00E9475DD892B71F089E29DE0FE
:101910000E946731882309F4E3C03FEFC31AD30A5A
:1019200084E6C816D10441F685E090E09093A010BB
:1019300080939F100E9453730E94D33081E0DF9107
:10194000CF911F910F91FF90EF90DF90CF90BF90BC
:10195000AF909F907F906F905F904F903F902F90AF
:101960000C943D4335E0A316B104B1F41F930F93DB
:10197000DF93CF937F926F921F929F92FF92EF928D
:101980000E94F38B2DB73EB7265F3F4F0FB6F894FA
:101990003EBF0FBE2DBFAECF31E0A316B104B1F4F0
:1019A0001F930F93DF93CF935F924F921F929F925B
:1019B000FF92EF920E94F38B2DB73EB7265F3F4F09
:1019C0000FB6F8943EBF0FBE2DBF94CF1F930F9359
:1019D000DF93CF933F922F921F929F92FF92EF92AD
:1019E0000E94F38B2DB73EB7265F3F4F0FB6F8949A
:1019F0003EBF0FBE2DBF7ECF36E0A316B104D1F49B
:101A0000DF92CF921F930F93DF93CF9327E531E1BE
:101A10003F932F931F929F92FF92EF920E94F38B1E
:101A20002DB73EB7245F3F4F0FB6F8943EBF0FBEB1
:101A30002DBF60CF35E0A316B104D1F4DF92CF9271
:101A40001F930F93DF93CF9328E431E13F932F93BC
:101A50001F929F92FF92EF920E94F38B2DB73EB799
:101A6000245F3F4F0FB6F8943EBF0FBE2DBF42CF4D
:101A700031E0A316B104D1F4DF92CF921F930F93FC
:101A8000DF93CF9329E331E13F932F931F929F92EE
:101A9000FF92EF920E94F38B2DB73EB7245F3F4F2A
:101AA0000FB6F8943EBF0FBE2DBF24CFDF92CF926A
:101AB0001F930F93DF93CF932AE231E13F932F934C
:101AC0001F929F92FF92EF920E94F38B2DB73EB729
:101AD000245F3F4F0FB6F8943EBF0FBE2DBF0ACF15
:101AE00069E27DE088ED90E10E94B632882309F436
:101AF0001BCFAA94AB2899F58BE891E1892B79F15A
:101B000088ED90E1009759F1BC018BE891E10E94CA
:101B1000A7C7882321F18BE292E1009701F169E2E6
:101B20007DE00E94A7C78823D1F06BE272E18BE8C9
:101B300091E10E9475DD892B91F08BE891E10E9483
:101B40006731882361F08BE292E10E946731811155
:101B500011C06BE272E18BE891E10E94B6324FE96D
:101B600050E069E27DE088ED90E10E948CDD10920A
:101B70007711DACE8BE292E10E94F0348111E9CF45
:101B8000EECFDF91CF911F910F91FF90EF90DF90FB
:101B9000CF90BF90AF909F907F906F905F904F904D
:101BA0003F902F9008950F931F93CF93DF93EC01F5
:101BB0008B01BA0101501109A8010E94C0D8C00FC1
:101BC000D11F1882DF91CF911F910F910895009737
:101BD00041F04115510519F4FC01108208950C944F
:101BE000D38D0895CF92DF92EF92FF920F931F93C0
:101BF000CF93DF9300D01F92CDB7DEB78C016B017E
:101C0000BA01452B09F0A2C080914602909147028B
:101C1000069709F097C08091480290914902A091DF
:101C20004A02B0914B024FED53E180349C49A1052B
:101C3000B10510F043EE53E164E070E0CE0101968F
:101C40000E94E78D8981E12C882361F08A81EE244E
:101C5000E394882339F08B8193E0E92E811102C04F
:101C600082E0E82E8FE0F82EFE18C114D10421F096
:101C7000F6018081811110C047EE53E161E170E00F
:101C8000C8010E94E78DF80180E091919923D9F075
:101C9000F81661F08F5FF9CFD601F80180E09D91D1
:101CA000992389F091938F5FF812F9CFFE01319655
:101CB0008F2D8E0DF81691F09191D801AF0DB11DB9
:101CC0009C93F394F7CFF801E80FF11D90E28F1584
:101CD00018F48F5F9193FBCFF82EE8CFF8011786A9
:101CE0008091A00F882309F496C0809146029091BC
:101CF000470286309105B1F50E9445739C01A4E628
:101D0000B0E00E940EDC2FEF37E040E050E00E9490
:101D1000E4DB253631054105510520F024E630E0AD
:101D200040E050E084E6821BF80190E0219121110F
:101D300074C0F801E90FF11D20E29F5F21939F30ED
:101D4000E1F76FC0C114D10429F0B601C8010E94A7
:101D500017B6C6CF47EE53E161E170E0C8010E94BB
:101D6000E78DBECF019749F50E9424256091470F6A
:101D70007091480F2091490F30914A0F50E040E098
:101D8000260F371F411D511D280F391F411D511DA1
:101D90002115FCE03F074105510520F02FEF3BE006
:101DA00040E050E0A4E6B0E00E941DDC2FEF3BE0F5
:101DB00040E050E00E94E4DBB5CF0E942425609112
:101DC0004B0F70914C0F20914D0F30914E0F50E002
:101DD00040E0260F371F411D511D280F391F411D9F
:101DE000511D21158CE038074105510520F02FEFDA
:101DF0003BE040E050E0ACE9BFEF0E942BDC6456D2
:101E000070458B4F9F4F2FEF3BE040E050E00E942A
:101E1000E4DB822F89CF84E687CF9F5F9F3009F074
:101E200085CF91E0F8019787108A0E94FF530F90A9
:101E30000F900F900F90DF91CF911F910F91FF9016
:101E4000EF90DF90CF900895CF93DF9361157105E8
:101E5000B9F0FB012081222399F0DC019B01205F76
:101E60003F4F41914D93EF0121974881442329F041
:101E7000E217F307B1F7FC01108ADF91CF910895C3
:101E800047EE53E161E170E0DF91CF910C94E78D73
:101E9000FC0184E0DF011D928A95E9F78091CA1068
:101EA0009091CB1021E08430910549F024E08330FB
:101EB000910529F026E08230910509F425E0208380
:101EC00021E0892B09F020E021838091CC108283CE
:101ED0008091CE10838308950F931F93CF93DF9348
:101EE000CDB7DEB761970FB6F894DEBF0FBECDBF9A
:101EF00020E22983AC0160E170E0CE0102960E94ED
:101F0000E78DFE01319680E08F01219191E0980FDD
:101F100021111AC0F801E80FF11D90E291938F5F33
:101F20008031E1F7198A81E00E9465B4C8010E94FE
:101F3000D5B061960FB6F894DEBF0FBECDBFDF916E
:101F4000CF911F910F910895892F9031F1F6EACF2B
:101F50001F93CF93DF93CDB7DEB761970FB6F89499
:101F6000DEBF0FBECDBF182FAB0161E170E0CE0127
:101F700001960E94E78DBE016F5F7F4F812F0E9407
:101F8000C08B61960FB6F894DEBF0FBECDBFDF9158
:101F9000CF911F9108954F925F926F927F928F928F
:101FA0009F92AF92BF92CF92DF92EF92FF920F93E8
:101FB0001F93CF93DF93CDB7DEB7EB970FB6F894AF
:101FC000DEBF0FBECDBF8C01DC01CD90DC90C11413
:101FD000D10421F0F601808181111DC080E5898343
:101FE0008CE48A8381E48B8389E58C831D82109243
:101FF000740FF801868DFE01319690E07F012191EA
:102000002111A3C0F701E90FF11D20E29F5F219389
:102010009F30E1F79EC085E095E1F12C31E22191FE
:10202000222359F0389FA001399F500D1124CA0175
:102030008227F3942FE9F212F2CF2091720F3091A0
:10204000730F2817390721F42091710F2F1529F1EB
:102050009093730F8093720FF092710F1092740F20
:102060008FE08F1508F41BC2E12CDE01119690E081
:1020700080E04E2D50E02E2D280F2F1508F063C064
:10208000FA01E80FF91FEC0DFD1D20812D9301963B
:102090008F30910581F7188AACCF9FE09F1520F70C
:1020A00051EFE52EEF0C2E2D30E0ACE2B1E00E94B6
:1020B0000EDC2B013C015C014B01A0ED8A0EA7E078
:1020C0009A1EA11CB11C8091740F81110DC081E07A
:1020D0008093740F0E940BB660936D0F70936E0F18
:1020E00080936F0F9093700F0E940BB620916D0F2D
:1020F00030916E0F40916F0F5091700F621B730BF8
:10210000840B950BA50194010E94E4DB603BB4E0D5
:102110007B078105910508F4A7CF605B74408109B6
:102120009109641575058605970508F09ECF2CE288
:1021300031E040E050E00E94E4DB2F5F2E1508F014
:1021400094CFE22E92CF20E2A1CF9F5F9F3009F083
:1021500056CF91E0988B198A0E94FF53B70180E017
:102160000E94C08BD8011E96ED91FC911F97CE0165
:1021700042967C01E330F10511F550968D919C91CA
:10218000009751F445EA53E161E170E0CE01839696
:102190000E94D38DCE0183969F938F938BE993E119
:1021A0009F938F931F9281E18F93FF92EF920E94F2
:1021B000F38B0FB6F894DEBF0FBECDBF41C01496AF
:1021C0008D919C9115974FE853E1892B09F433C009
:1021D0005A968C915A97882309F4E4C05B96ED9146
:1021E000FC913197D12CC12CEC30F105E8F4882713
:1021F000E350FF468F4F0C9406DC91914A92579121
:1022000009916E91739178917D917D9182918791E1
:102210008C9144E3C42E43E1D42EA60164E070E027
:10222000CE01C8960E94E78DF8018385882309F4C2
:102230007DC048E853E161E170E0C7010E94D38DA1
:10224000D8011B968C911B97811112C01E968D91FF
:102250009C911F97029709F01BC11D968C911D97A9
:1022600065E5811106C01C968C91882309F410C184
:102270006DE4C7010E94D572B70181E00E94C08B56
:10228000EB960FB6F894DEBF0FBECDBFDF91CF91B6
:102290001F910F91FF90EF90DF90CF90BF90AF9084
:1022A0009F908F907F906F905F904F900895809156
:1022B0008B13882371F0809192139091931303975D
:1022C00041F480918F1337E1C32E33E1D32E811176
:1022D000A4CF68E3C62E63E1D62E9FCF20E3C22EA3
:1022E00023E1D22E9ACF9CE2C92E93E1D92E95CF2D
:1022F00089E2C82E83E1D82E90CFB6E2CB2EB3E18F
:10230000DB2E8BCFA2E2CA2EA3E1DA2E86CFFEE12E
:10231000CF2EF3E1DF2E81CFEBE1CE2EE3E1DE2EF7
:102320007CCF70E4C72E73E1D72E77CFE685E430FB
:1023300008F0E0E0F0E0EE0FFF1FEC5BFC4E459193
:1023400054915E01B4E3AB0EB11C64E070E0C501D2
:102350000E94E78DF801858DCD28A1F01F928F9303
:10236000CE01C8969F938F93BF92AF9285E793E17A
:102370009F938F931F9281E18F93FF92EF920E9420
:10238000F38B17CF1F928F93BF92AF9283E693E1A7
:102390009F938F931F9281E18F93FF92EF920E9400
:1023A000F38B07CF1B968C91811143CFDE2EB3E0C8
:1023B000BE1708F4D12CF801628973898489958944
:1023C00028EE33E040E050E00E94E4DB49015A018E
:1023D000F0E78F16F7E19F06A104B10430F04FE655
:1023E000842E47E1942EA12CB12CD80156966D91E4
:1023F0007D918D919C91599728EE33E040E050E01B
:102400000E94E4DB29013A01B0E74B16B7E15B0615
:102410006104710430F03FE6432E37E1532E612C06
:10242000712CED2DF0E0EE0FFF1FEC5BFC4E4591A3
:1024300054916E01E4E3CE0ED11C64E070E0C6015D
:102440000E94E78DC301B2012CE330E040E050E090
:102450000E94E4DB7F936F933F932F93C501B401F8
:102460002CE330E040E050E00E94E4DB7F936F9388
:102470003F932F93DF92CF928CE493E19F938F93BE
:102480001F9281E18F93FF92EF920E94F38B91CE86
:1024900060E0EFCE9CE3C92E93E1D92EBECE81EF52
:1024A000E82EEF0C2E2D30E0ACE2B1E00E940EDC05
:1024B0002B013C015C014B01B0ED8B0EB7E09B1E84
:1024C000A11CB11C04CEE091C110F091C210E83003
:1024D000F105E8F48827E059FD468F4F0C9406DC9F
:1024E0007B92B19278928A928D9290929992A592D3
:1024F00082E090E008958091C3109091C4108130E3
:10250000910591F18230910591F1039799F190E055
:1025100080E0089583E090E0089584E090E00895DD
:102520008091C3109091C410029739F18DE090E032
:1025300008958091C3109091C4108130910501F1EC
:10254000029709F186E090E008958091C310909180
:10255000C41081309105D1F00397D9F089E090E063
:10256000089581E090E008958BE090E008958CE07C
:1025700090E008958EE090E0089585E090E0089561
:1025800088E090E0089587E090E008958AE090E088
:1025900008958FE090E00895CF93DF93EC0186E0FB
:1025A000FE0111928A95E9F78091C91088830E94F3
:1025B000639289838091C7108A838091C5108B8331
:1025C00085EA8C838091CD0F8D83DF91CF91089523
:1025D000880F23E030E0082E01C0220F0A94EAF7AA
:1025E00020959091CD0F2923772701C0660F8A95FA
:1025F000EAF7262B2093CD0F08956430E0F4853060
:10260000910541F46115710519F062307105D9F435
:10261000CB0108958630910531F461157105C1F73C
:1026200063E070E0F5CF079799F76115710581F7C1
:1026300062E070E0EDCF8530910529F0863091059C
:1026400079F30797A9F370E060E0E2CF8091C110C1
:102650009091C2108530910529F148F430E020E0D6
:10266000009769F01092C4101092C310089586303C
:102670009105D9F023E030E08730910599F760911A
:10268000CD0F70E0220F331F02C0759567952A9514
:10269000E2F7637077270E94FD929093C4108093B5
:1026A000C310089521E030E0EACF22E030E0E7CF28
:1026B000CF93DF938091C1109091C2108530910526
:1026C00001F138F4D0E0C0E0009759F0DF91CF91EC
:1026D000089586309105C1F0C3E0D0E087309105C0
:1026E000A9F76091C3107091C4100E94FD9290935D
:1026F000C4108093C310BC01CE01DF91CF910C9424
:10270000E892C1E0D0E0EDCFC2E0D0E0EACF1F9385
:10271000CF93DF93CDB7DEB761970FB6F894DEBFE6
:102720000FBECDBF182FAB0161E170E0CE01019665
:102730000E949CC9FE01319680E0919191110CC0DC
:10274000E1E0F0E0EC0FFD1FE80FF11D90E28F5F7C
:1027500091938031E1F703C08F5F803171F7198A5F
:10276000812F0E9465B4CE0101960E94D5B061967A
:102770000FB6F894DEBF0FBECDBFDF91CF911F9192
:102780000895DF92EF92FF920F931F93CF93DF9301
:10279000FC0101900020E9F731978F01081B190B0C
:1027A0006017110650F0FA011082DF91CF911F914E
:1027B0000F91FF90EF90DF900895E9017A01D62EF6
:1027C0000E940BB628813981AB01421B530B57FD88
:1027D000ECCF0D19F7012081201760F42F5F2083C3
:1027E000201718F06C577C4F02C06C5F7E4F7983C6
:1027F0006883DBCF1082F6CF4FE350E063E374E1F0
:102800008DE290E10E948CDD10926C108091731427
:1028100080936D1081E0809373100895CF93DF93C0
:102820002091AB103091AC10E1E041E02115310571
:1028300069F160917410709175106F5F7F4F683E01
:1028400083E0780710F067EE73E0283E83E03807F6
:1028500010F027EE33E041E0CAE0D0E0E1E0E40F21
:102860006A30710530F0CB01BE010E94D0DB4E2FE3
:10287000F5CFE1E0CAE0D0E02A30310538F0C901F7
:10288000BE010E94D0DB9B01EF5FF6CF81E0840F99
:102890008E0FDF91CF910895109270100E940BB6A9
:1028A0006C577C4F70936F1060936E100895E0E545
:1028B000F2E08FE2808311821092AC101092AB1084
:1028C0001092751010927410E3E3F4E188E4DF01D4
:1028D0001D928A95E9F71092731010922D101092A4
:1028E0006D100E9465760E944C940C943073809118
:1028F00050028F3221F481E090915102911180E0D9
:1029000008950E94779481110EC06FE270E080E517
:1029100092E00E949BDD009741F0FC01218122237F
:1029200011F00196089590E080E008956F927F92F3
:102930008F929F92AF92BF92CF92DF92EF92FF92CF
:102940000F931F93CF93DF9300D000D01F921F925D
:10295000CDB7DEB76C01E090AB10F090AC1010E09A
:1029600000E0E114F104A9F00091741010917510C9
:102970000F5F1F4F083E83E0180710F007EE13E0CB
:10298000A8EEEA16A3E0FA0620F087EEE82E83E030
:10299000F82E40E150E060E270E0C6010E946EDD7A
:1029A000F601108AA80160E0CE0101960E94EC7247
:1029B00061E0680FE1E0F0E0EC0FFD1FE80FF11DB2
:1029C0001FE21083A701CE0101960E94EC72682ECF
:1029D000882E912CE1E0F0E0EC0FFD1FE80DF91DD1
:1029E000108280E1782E76180E947794882301F176
:1029F000D6011C93A401BE016F5F7F4FC601870DF6
:102A0000911D0E9465DD28960FB6F894DEBF0FBEBB
:102A1000CDBFDF91CF911F910F91FF90EF90DF908D
:102A2000CF90BF90AF909F908F907F906F900895C0
:102A30000E9481945C01F12CE12C009741F0FC0193
:102A400001900020E9F731977F01E81AF90A0E9406
:102A50000E9490E1981B943008F494E00CEF090F69
:102A600010917010B3E090E0B71540F443E050E0EF
:102A700063E173E1C6010E94A5D893E00E151F041F
:102A800020F48E2D801B811708F410E0F601E90F69
:102A9000F11D812F911B4FE04619A114B10409F4D7
:102AA000A9CF282F290F241708F0A4CF282F30E012
:102AB0002E153F0508F09ECF8F5F2A0D3B1DD901D3
:102AC0002C912193EACFE3E3F4E128E4DF011D92A6
:102AD0002A95E9F7AC0160E470E0CF010E94E78D30
:102AE0001092731410927514109276141092771439
:102AF000109278140C94657680913B0F8093AD1002
:102B0000811111C01092AC101092AB100E94703164
:102B10008091A91084FD04C08AEA92E10C94639527
:102B200088EB92E1FBCF80912A0F882301F167EABD
:102B300072E18AE29FE00E94AED8892BC1F06EE973
:102B400072E18AE29FE00E94AED8892B81F0E3E334
:102B5000F4E188E4DF011D928A95E9F74FE350E044
:102B60006AE27FE0CF010E948CDD0C94657685E9F6
:102B700092E1D4CFAC0161E170E080EB90E10E9482
:102B8000E78DE0EBF0E180E0219191E0980F2111D9
:102B900014C0E82FF0E0E055FF4E90E291938F5F74
:102BA0008031E1F71092C0100E940BB660557B4F48
:102BB0007093AF106093AE100895892F903121F774
:102BC000F1CF0E943773B0E0A0E023E0880F991F97
:102BD000AA1FBB1F2A95D1F7893F2FE39207A105B2
:102BE000B10520F088EF9FE3A0E0B0E008958F9258
:102BF0009F92AF92BF92CF92DF92EF92FF920F938C
:102C00001F93CF93DF9380913302882379F0C1E043
:102C10008C2FDF91CF911F910F91FF90EF90DF905C
:102C2000CF90BF90AF909F908F900895C091250551
:102C3000C11109C080912F0290913002909332020D
:102C400080933102E5CF0E943773811528E0920707
:102C500040F083E090E09093320280933102C0E034
:102C6000D7CF6FEF77E0681B790B89F293E0660F9F
:102C7000771F9A95E1F78091290F681B710939F246
:102C800080911B0590911C05A0911D05B0911E051A
:102C90000097A105B10509F4A3C0613022E07207D5
:102CA00010F060E072E08B0130E020E080179107C7
:102CB000A207B30708F4BC0189E29DE00E94813CB1
:102CC000BC01181619064CF083E090E00E945732C0
:102CD00080912F0290913002BECFC0901B05D09002
:102CE0001C05E0901D05F0901E05092E000CAA0B96
:102CF000BB0BC81AD90AEA0AFB0AC0921B05D0927C
:102D00001C05E0921D05F0921E052091270D3091C3
:102D1000280DB0902B0240910A05D0912C02A09072
:102D20002D029091290F5091260DE9E2FDE08824B3
:102D30008394912C8191411105C041E08D1728F4B5
:102D400040E003C041E0B816D8F7A41639F084017A
:102D5000092E01C0000F0A94EAF7502B9F5F9830AC
:102D600051F4C90197708A5D9A4FDC015C932F5F23
:102D70003F4F50E090E08F0109521D4006171707A2
:102D8000CCF240930A059093290F5093260D809121
:102D90002505882319F1CD28CE28CF28E1F49923E1
:102DA000E9F0F901F770EA5DFA4F50832F5F3F4F6A
:102DB0001092260D1092290F4FB7F8943093280DDA
:102DC0002093270D882329F090932E0281E0809391
:102DD00033024FBF1DCF98E080E0EECF98E0ECCFFC
:102DE0002091270D3091280D8FB7F8943093280D3E
:102DF0002093270D98E090932E0291E09093330258
:102E00008FBFE8CFCF93DF938091330281110CC045
:102E10000E943773EC010E94F795882331F00E94DD
:102E200037738C179D0781F781E0DF91CF9108956B
:102E3000AC0161E170E088E791E10C949CC94F928C
:102E40005F926F927F928F929F92AF92BF92CF923A
:102E5000DF92EF92FF920F931F93CF93DF93AB011B
:102E6000BC01DC01CA010196A11DB11D8E7F811537
:102E70000EEF90070FEFA007B007B8F08BE792E1D5
:102E80000E941897C0E08C2FDF91CF911F910F9176
:102E9000FF90EF90DF90CF90BF90AF909F908F907A
:102EA0007F906F905F904F900895E9E2FDE020E001
:102EB00032E0EF018901199201501040E1F722E55B
:102EC0002093290D29E420932A0D26E420932B0D2D
:102ED00020932C0D88509E4FAF4FBF4F80932D0DE8
:102EE00090932E0DA0932F0DB093300D87E5809316
:102EF000310D81E48093320D86E58093330D85E4B6
:102F00008093340D86E68093350D8DE68093360DE3
:102F100034E73093370D80E28093380D80E1809361
:102F2000390D21E020933D0D20933F0D8091640FDA
:102F30009091650FA091660FB091670F8093410D3E
:102F4000492E5A2E6B2E77244092420D4D01AA2411
:102F5000BB248092430DCB2EDD24EE24FF24C092AF
:102F6000440D8093450D4092460D8092470DC092CE
:102F7000480D2093490D88E080934B0D8AE480939F
:102F80004D0D85E580934E0D8EE480934F0D8BE4BF
:102F90008093500D8CEC8093510D2093520D84E65C
:102FA0008093210F81E68093220F3093230F80932B
:102FB000240F4093250F5093260F6093270F709393
:102FC000280F60E070E0CB010E94CE35C82F811140
:102FD00003C08CE692E154CF60E072E089E29DE0AC
:102FE0000E94A53981159240A1F74DCFFF920F9312
:102FF0001F93CF93DF931F921F92CDB7DEB7082F99
:10300000F92EBE016F5F7F4F0E944A6F182F81110A
:1030100013C040E150E06AE27FE088E791E10E945E
:103020008CDD10928811812F0F900F90DF91CF913E
:103030001F910F91FF9008958A818F9389818F93BB
:10304000FF920F938DE592E19F938F931F9280EAF9
:103050008F9388ED90E19F938F930E94F38B01975C
:103060000FB6F894DEBF0FBECDBF8F399105D8F2F1
:103070008FE492E10E94189710E0D5CF6FE270E0E4
:1030800088ED90E10E949BDD009711F00196089574
:1030900088ED90E108954F925F926F927F928F92A8
:1030A0009F92AF92BF92CF92DF92EF92FF920F93D7
:1030B0001F93CF93DF93CDB7DEB7E3970FB6F894A6
:1030C000DEBF0FBECDBF00919F101091A0100E94D7
:1030D0003E984C01009731F0FC018081811102C0C3
:1030E000912C812C80914E02882361F08091810F78
:1030F000882341F08091800F52E8A52E5FE0B52E25
:10310000811102C0B12CA12C8091A00F811141C06E
:10311000412C512C320180919F109091A010039767
:1031200061F480912C1035E5F32E811107C0809158
:103130002B104DE4F42E811101C0F12CB401CE010D
:1031400001960E94248FB401CE0183960E94248FA1
:10315000A114B10411F410928911CE0142966C01B0
:103160000430110509F054C01092BB0FF8013197DB
:10317000E730F10508F067C18827EE53F7468F4F17
:103180000C9406DC28995E999499D2990E99159A17
:10319000259A0330110569F460919C0F70919D0F81
:1031A00080919E0F90919F0F61157105810591058A
:1031B00011F40E940BB6C090980FD090990FE09038
:1031C0009A0FF0909B0F4090940F5090950F609045
:1031D000960F7090970FA7019601240D351D461D7F
:1031E000571D621773078407950708F491CF6C1970
:1031F0007D098E099F09641975098609970928EECA
:1032000033E040E050E00E94E4DB29013A0183CF43
:103210001092BC0F0530110509F0A6CF81EAE82E07
:103220008FE0F82E0BEB1FE0940144E06BEE73E1AE
:10323000CE0101960E9484750E947076009709F471
:1032400002C1AC0161E170E0C6010E94E78D15C0CA
:10325000A501B401CE0101960E94F28D80914C022D
:1032600090914D024FE554E1019711F04EE454E185
:1032700061E170E0C6010E94D38DBE016F5F7F4F98
:1032800080E00E94C08BB60181E00E94C08BE39673
:103290000FB6F894DEBF0FBECDBFDF91CF911F9167
:1032A0000F91FF90EF90DF90CF90BF90AF909F90E5
:1032B0008F907F906F905F904F900895A501B4011B
:1032C000CE0101960E94F28D40E060E0C6010E94AE
:1032D000C4768111D2CFC301B2012CE330E040E0CB
:1032E00050E00E94E4DB9F938F937F936F93CA011A
:1032F000B90124E630E040E050E00E94E4DB9F9317
:103300008F937F936F938EE394E19F938F931F929C
:1033100081E18F93DF92CF920E94F38B0FB6F894E6
:10332000DEBF0FBECDBFA9CFA501B401CE0101966E
:103330000E94F28D4F2D61E0C6010E94C47681117A
:103340009CCFC301B2012CE330E040E050E00E948A
:10335000E4DB9F938F937F936F93CA01B90124E6B7
:1033600030E040E050E00E94E4DB9F938F937F9336
:103370006F938EE294E19F938F931F9281E18F93DD
:10338000DF92CF920E94F38B0FB6F894DEBF0FBE90
:10339000CDBFF11002C02FE3F22E6F2DC6010E94A7
:1033A000D5726BCFA114B10419F4FE01B3965F017D
:1033B00097EBE92E9FE0F92E0CEB1FE0950147E01B
:1033C00066E274E1CE0101960E9484750E947076D7
:1033D000009741F1FC01D60190E0849121E0290F92
:1033E000811109C0F601E90FF11D80E29F5F9D3058
:1033F00039F08193FBCF8D933196922F2C3069F762
:10340000E1E2F4E1E491EE8FE2E2F4E1E491EF8FA6
:10341000E3E2F4E1E491E8A3E4E2F4E1E491E9A376
:103420001AA22BCF45E154E123CF8091A50F48E0AC
:1034300054E1811102C04AEF53E161E170E0CE0135
:1034400001960E94E78D1A8A18CF40EF53E161E19F
:1034500070E0CE0101960E94D38D66EA7FE0C6013E
:103460000E94248F0ACFAC0161E170E086EA9FE000
:103470000E94E78D87E090E09093A01080939F10CA
:103480000E94F74D0E9453730E94D33081E00C9448
:103490003D430F931F93CF93C091A00FCC2309F40A
:1034A00081C080919F109091A010039709F0AEC049
:1034B00000914602109147020630110509F077C0CD
:1034C0008091680F9091690F029709F09BC08091DD
:1034D000F604833009F096C00E943F4C882309F41B
:1034E00091C081E090E09093690F8093680F809184
:1034F0009C0F90919D0FA0919E0FB0919F0F892BD3
:103500008A2B8B2B61F10E940BB6AB01BC01809121
:10351000940F9091950FA091960FB091970F0091F5
:103520009C0F10919D0F20919E0F30919F0F801B3B
:10353000910BA20BB30B840F951FA61FB71F80938F
:10354000940F9093950FA093960FB093970F1092AE
:103550009C0F10929D0F10929E0F10929F0F82E071
:1035600090E09093A01080939F100E9453738091DD
:103570004C0290914D020197A9F42FB7F8948091D5
:103580009C1090919D102FBF90935C0F80935B0FC8
:103590000E940BB66093570F7093580F8093590F8A
:1035A00090935A0F8C2FCF911F910F910895013056
:1035B000110599F48091F3049091F404029711F5A8
:1035C0008091F1048330F1F40E949B468823D1F06E
:1035D0001093F4040093F3048ACF8091D610909155
:1035E000D710029779F48091F104833059F40E9446
:1035F0009B46882339F081E090E09093D710809328
:10360000D61075CF8FE191E10E94339AC0E0CACF06
:103610000F931F93CF93DF93C091A00FCC2309F496
:1036200040C000919F101091A0100230110509F0C8
:103630006AC0809146029091470286309105B9F5A3
:103640008091680F9091690F019709F058C090918F
:10365000F604923009F053C0DFB7F89480916F0000
:103660008D7F80936F001092810096BB83E08093E2
:10367000F60480E00E947243DFBF1093690F00934D
:10368000680F0E940BB660939C0F70939D0F809300
:103690009E0F90939F0F83E090E09093A0108093F3
:1036A0009F108C2FDF91CF911F910F91089501975B
:1036B00099F48091F3049091F404019701F58091BD
:1036C000F1048230E1F40E94D2468823C1F01093C5
:1036D000F4040093F304D5CF8091D6109091D710C5
:1036E000019769F48091F104823049F40E94D24636
:1036F000882329F01093D7100093D610C2CF85E10C
:1037000091E10E94339AC0E0CCCF0E94089B8823AD
:1037100069F010922C1081E020919F103091A01040
:103720002330310509F080E080932B100895009735
:10373000B9F446E550E161E170E086EA9FE00E945D
:10374000D38D87E090E09093A01080939F100E940B
:10375000F74D0E9453730E94D33081E00C943D4397
:1037600040E150E0BC0186EA9FE00E948CDD1092AF
:10377000B60FE7CF2091810F2223D9F02091800F3F
:10378000211117C00097A9F0FC01319681E1A2E850
:10379000BFE001900D928A95E1F71092930F81E1BD
:1037A0000E94F0738093800F882319F087E0809344
:1037B000B704089581E08093B704E8EBF4E08EE06D
:1037C000DF011D928A95E9F78091800F811102C077
:1037D0001092820F0895CF93C82F8093810F10927B
:1037E000800F1092C8041092560F1092C7041092C6
:1037F000C6041092820F7093540F6093530F2115DB
:10380000310581E04807510518F020E030E0A901BA
:10381000C9013093520F2093510F1092500F109204
:103820004F0F66307105E1F50097A1F096958795E9
:10383000B0E0A0E0BC01CD01875F924C0E94E4DBC8
:103840002115310581E04807510520F43093500FD0
:1038500020934F0FC093F5041092750F10927F0FB5
:1038600010927B0F10927C0F10927D0F10927E0FA2
:103870001092770F1092780F1092790F10927A0FA2
:103880001092550F1092760F0E94DA9BCC2319F0FC
:10389000CF910C94C82F1092B704CF910C949E2C0A
:1038A000CC23C1F264507109C1E06230710590F21D
:1038B000C0E0D0CF0E94F74D0E949E770E949E47A5
:1038C0000E94FF201092A01010929F10E6E4F2E0F8
:1038D00086E090E09183808384E49CEAA0E0B0E0FD
:1038E00082839383A483B5831782168210861092F5
:1038F000A2101092A1101092A60F1092A00F0E9479
:1039000053731092980F1092990F10929A0F109271
:103910009B0F10929C0F10929D0F10929E0F109271
:103920009F0F1092940F1092950F1092960F109275
:10393000970F1092A50F10925C0F10925B0F1092D0
:10394000570F1092580F1092590F10925A0F0E9451
:10395000D33081E00E943D4320E030E0A90170E0D7
:1039600060E080E00C94EB9B1F93CF93DF93182FC4
:10397000EB0181E1442379F010928C0F10928D0FAE
:1039800010928E0F10928F0F1092900F1092910F35
:103990001092920F8AE01092930F0E94F07381119F
:1039A00005C0DF91CF911F910C94DA9B21E0209309
:1039B000800F1092750F1092550F1093760FCE0155
:1039C000B0E0A0E080937B0F90937C0FA0937D0FDD
:1039D000B0937E0F1092770F1092780F1092790F9C
:1039E00010927A0F20937F0F0E949E2CDACF2F9295
:1039F0003F924F925F927F928F929F92AF92BF922F
:103A0000CF92DF92EF92FF920F931F93CF93DF93AA
:103A10001F921F92CDB7DEB78C010E941F2D772415
:103A200073948AEF282E312C98E8492E512C21E7E7
:103A3000A22EB12C30E6832E912C80911B149091F4
:103A40001C14009709F443C020911D1440911E14CA
:103A500050911F146091201470912114C09026146D
:103A6000D090271410921C1410921B1481309105D1
:103A700009F0F5C0E090DC04F090DD04C7010E947D
:103A8000BA9B1092750F10927F0F1092550F1092E3
:103A9000760FE114F10499F1D70158968C91813099
:103AA00071F5BE016F5F7F4FC7010E9438308823D8
:103AB00031F189819A810E9411B38093750FF701CA
:103AC000628D738D90E080E00E94E577B6CFF09034
:103AD000B704F1105AC10F900F90DF91CF911F9151
:103AE0000F91FF90EF90DF90CF90BF90AF909F909D
:103AF0008F907F905F904F903F902F900895C701D7
:103B00000E945C30882349F07092550F6AE570E09E
:103B100080E090E00E9423B290CF8091B503909115
:103B2000B6039C0150E040E06091530F7091540F38
:103B30006630710509F04BC0E091510FF091520FC2
:103B4000309781F0A4E2B4EF0E940EDC9F0136951D
:103B50002795620F731F811D911D9F0150E040E06A
:103B60000E94E4DB21153105F1E04F07510520F0FB
:103B70002FEF3FEF40E050E0C9012A3F3105E0F16F
:103B80002A5F3109BC0168587109AC0141575109DC
:103B900080569109B0E4CB1ABFE1DB0AE9E8CE1602
:103BA000E3E1DE0650F48417950738F4861797078B
:103BB00020F48217930708F445C062177307B8F51D
:103BC0004617570708F4E5C48BE090E03DC0643029
:103BD000710591F6A2E3B0E00E940EDC9B01AC01FE
:103BE000285F3F4F4F4F5F4FA4E05695479537955D
:103BF0002795AA95D1F7B6CFB101621B730B9B0134
:103C00008838910508F0BECFB201681B790B813767
:103C1000910508F0BACFA501481B590B80369105D4
:103C200008F0B6CFD401A81BB90BCD01B3CF421712
:103C3000530708F0B2C44617570708F0AEC48CE02B
:103C400090E002C08EE090E09093D5108093D41065
:103C50007092750FD70152966D917C9133CF82305F
:103C6000910509F03FC08091550F8823D1F08091D4
:103C70003014882309F441C080912C148230E8F577
:103C80004A3551056105710508F0D7CE8725B0E8A2
:103C90008B9FF0011124E40FF51FE954FC4F2083A2
:103CA000CCCE80917F0F882309F4C7CE4F5F5F4F42
:103CB0006F4F7F4F80917B0F90917C0FA0917D0F74
:103CC000B0917E0F481759076A077B0710F4DB0194
:103CD000CA018093770F9093780FA093790FB093D8
:103CE0007A0FABCE83309105D9F58091550F88239B
:103CF000F1F180913014811107C01092550F10928C
:103D0000750F10927F0F99CEE0902C14E1E0EE1524
:103D1000A0F38091DC049091DD041092550F0E9475
:103D20005C30882361F3E724F0E8EF9E70011124F2
:103D3000B70169547C4F7B01BE016F5F7F4FC701A4
:103D40000E9408308823D9F289819A810E9411B398
:103D50008093750FF701E35BFF4F60817181B2CEF5
:103D6000049709F06ACE8091550F8111C6CF8091DA
:103D70007F0F882309F461CE80917B0F90917C0F97
:103D8000A0917D0FB0917E0FA4CF77E0F71609F4D4
:103D9000A2CE8091F504882309F49DCE011511056A
:103DA000F9F0013084E01807B8F58091530F909135
:103DB000540F86309105E1F4A0914F0FB091500F50
:103DC000109751F198010E940EDC7C5F8F4F9F4F3E
:103DD000FBE09695879577956795FA95D1F78B01D6
:103DE000C801019780389240D0F00E94DA9B73CED0
:103DF000049731F49801A9E1B0E00E940EDCEFCF06
:103E000030E020E0C901B801E3E0660F771F881FAA
:103E1000991FEA95D1F7E3CF0FEF1FEFE1CFB1E0A4
:103E2000FB128DC02091B804211109C01093BA046F
:103E30000093B9041093BC040093BB0412C080919A
:103E4000B9049091BA040817190720F41093BA0422
:103E50000093B9048091BB049091BC048017910732
:103E600048F36091BD047091BE048091BF049091AD
:103E7000C004600F711F811D911D6093BD0470937C
:103E8000BE048093BF049093C0042F5F2093B804B6
:103E9000203208F420CE322F3695630F711D811D1C
:103EA000911D30E050E040E00E94E4DB6901A09009
:103EB000B904B090BA042EE630E04BE450E0B6010D
:103EC000C5010E945873182F882361F022E830E062
:103ED0004AE550E0B6018091BB049091BC040E9479
:103EE0005873182F25E530E04DE250E0B601C501CA
:103EF0000E945873882359F024EB30E048E750E0E3
:103F0000B6018091BB049091BC040E9458739091BB
:103F1000760F2FEF290F243030F4112309F465CFE9
:103F20000E943C75D8CD9550943030F4882309F424
:103F30005CCF0E940275CFCD1123C1F3F1CFE2E037
:103F4000FE124AC0E090B804F090B9042DE730E0CA
:103F50004BE450E0B701C8010E9458734091BA0485
:103F60005091BB04882321F19701A7E0B0E00E94A3
:103F70000EDCDC01CB010496A11DB11D800F911F49
:103F8000A11DB11D63E0B695A795979587956A9594
:103F9000D1F79093B9048093B8044F3F540709F4C4
:103FA0009ACD4F5F5F4F5093BB044093BA0493CDBB
:103FB0004F3F510509F008F418CF2CE330E04AE0F8
:103FC00050E0B701C8010E945873882309F40DCF4F
:103FD00083E08093B7047FCD53E0E52EFE101FC031
:103FE0006091B8047091B90421E430E04AE050E0F7
:103FF000C8010E945873882309F4F7CE8FEF80938D
:10400000BC041092BD041092BE041092BF04109222
:10401000C0041092BB041092BA0484E0DACF24E00A
:10402000F212FBC0E090B804F090B9042EE630E044
:1040300044E150E0B701C8010E945873882309F495
:10404000D4CE9801A4E6B0E00E940EDC4B015C01E6
:104050009701ACE3B0E00E940EDC21E086169706E3
:10406000A806B90608F420E09091BC049F3F19F41B
:104070002093BC0430CD2913B8CE9FEF9093BC049D
:104080001091BE04110F122B1093BE048091BD0439
:104090008F5F8093BD04883009F01DCD1092BE045F
:1040A0001092BD040E9484739091BF04882399F1FB
:1040B000911109C01F3F09F098CE1093C00481E010
:1040C0008093BF0408CD8091770F9091780FA091D5
:1040D000790FB0917A0F40917B0F50917C0F6091D6
:1040E0007D0F70917E0F84179507A607B70788F498
:1040F0002091C00412271093C0040196A11DB11D88
:104100008093770F9093780FA093790FB0937A0FE5
:10411000E2CC87E05ECF911115C0111166CE8EEF13
:10412000890F8A30A0F4E92FF0E0E058F04F1083B7
:104130008091C0049D30E1F42091BA043091BB0419
:10414000312B09C0913059F7143048F34ECE212F4E
:1041500030E09C3069F73093BB042093BA0480911F
:10416000C00418271093C0049F5F9093BF04B3CC82
:104170009231A8F3181339CE6091BA047091BB0440
:10418000C7018253914042E3E41641E0F40640F453
:1041900082E391E08E199F09A9EEEA16F10400F17D
:1041A0009701295E3109A701485C5109F8EAEF1A25
:1041B000F108E416F50630F4E216F30618F4E816F2
:1041C000F90628F14217530718F44817590708F160
:1041D0002817390700F582E041E00E94B49C7BCCAF
:1041E00029EE30E02E193F09B8ECEB16F104D8F6B1
:1041F00048EC50E04E195F09E8EAEE16F104B0F61B
:10420000E8EAF0E0DF01AE19BF097D01D2CF84E01A
:10421000E3CF83E0E1CF81E0DFCF8BEF8F0D823002
:1042200008F0E3CDC090B804D090B90421E930E0A3
:104230004CE350E0B601C8010E945873882309F48A
:1042400043C09601A7E0B0E00E940EDCDC01CB0188
:104250000496A11DB11D800F911FA11DB11D43E04A
:10426000B695A795979587954A95D1F79093B904F8
:104270008093B8048091C004811104C081E08093D0
:10428000C00429CC1092C004B5E0FB1252C050E02B
:104290004091BF048091BE0490E09C01220F331F27
:1042A000252B27702093BE04433008F06FC04F5F6A
:1042B0004093BF04433009F00ECC83E090E090932C
:1042C000BB048093BA0407CC2EE031E041E950E012
:1042D000B601C8010E945873882309F486CD0F5F88
:1042E0001F4F169507959601A7E0B0E00E940EDCDF
:1042F000DC01CB010496A11DB11D800F911FA11DF2
:10430000B11D33E0B695A795979587953A95D1F766
:104310009093B9048093B8041092C004E5E051E092
:10432000FE1609F4B5CF8091C10491E089278093EE
:10433000C1048091C2049091C104913061F021E0E8
:1043400030E0082E01C0220F0A94EAF79091C304CE
:10435000922B9093C3048F5F8093C204883009F03E
:10436000BACB1091C3041092C3041092C2040E94ED
:1043700084739091C404882309F46AC0911133C0F6
:10438000113009F032CD1093C404A5CB2091BA04AA
:104390003091BB0482FB882780F985130BC02F3F27
:1043A000320709F498CB2F5F3F4F3093BB04209323
:1043B000BA0491CB2F3F310509F008F47ECF10925B
:1043C000C1041092C2041092C3041092C40410924B
:1043D000BB041092BA041092BD041092BC04109257
:1043E000C50486E0F6CD4091770F5091780F60912B
:1043F000790F70917A0FC0907B0FD0907C0FE09076
:104400007D0FF0907E0F4C155D056E057F05B8F4AD
:104410008091BC049091BD04810F911D9093BD04C7
:104420008093BC044F5F5F4F6F4F7F4F4093770F78
:104430005093780F6093790F70937A0F4CCB913033
:1044400009F067CE1093C50482E08093C40443CB87
:10445000911114C01111C9CC8FEF890F87FD36C09F
:104460002091BC043091BD04210F311D3093BD0457
:104470002093BC049F5F9093C4042DCB913041F4F2
:10448000123018F0163709F0B0CC1093BE04E4CF08
:104490008091BE04811112C09C3090F0212F30E039
:1044A000933139F09431C1F62091BA043091BB04B4
:1044B000312B3093BB042093BA04CECF933170F7E5
:1044C000E92FF0E0E058F04F1083E8CF913819F46D
:1044D0001093C504CFCF923869F68091C504912F0F
:1044E0002091BC043091BD048217930709F07DCC64
:1044F00041E08091BE04811140E06091BA04709166
:10450000BB048091B8049091B9049C0128563109EC
:104510008836910538F428E630E0281B390B8A35B7
:10452000910500F1FC01EA55F109DC01AF54B10934
:10453000865491098A179B0730F48E179F0718F449
:104540008217930720F1AE17BF0728F487E0A21760
:10455000B30708F442CE86E0E217F30708F43DCE35
:1045600085E03BCEEAE5F0E0E81BF90B8F349105DE
:10457000E0F6AFE4B0E0A81BB90B86349105C0F6B5
:1045800006E410E07801E81AF90AC701D3CF88E001
:1045900024CE4217530708F452CB90E080E054CB6E
:1045A000DF92EF92FF920F931F93CF93DF93C82F69
:1045B000162F693050F4611109C0DF91CF911F911E
:1045C0000F91FF90EF90DF90089518E0DC2FD170ED
:1045D0008091C804811161C081E08093C804D093A8
:1045E000560F1092C7041092C60480E0113009F4EF
:1045F0006CC0812F8150990B9C0181E090E001C03B
:10460000880F2A95EAF78150DC2FD695DC27D8232E
:1046100080E0EE24EA94FE2CDD24D394DD2309F41B
:1046200054C09D2F9F702D2FC0E019F422952F703C
:10463000C4E0322F337019F426952695CE5F20FF03
:10464000CF5FCF5F2091C6043091C7049C2F981B89
:10465000892F90E0A901409550954817590770F5AA
:10466000F092C704E092C6040091560F8091F504C1
:10467000882339F0602F8091C6049091C7040E946E
:10468000F79C0D250093560F1092C7041092C60494
:104690008FEF8D0FD8238C2FC1CF6091560FD61777
:1046A00009F4A3CF8091F504882309F498CF809171
:1046B000C6049091C7040E94F79C91CF280F391F20
:1046C0003093C7042093C604CFCF2091C604309105
:1046D000C704181B612F70E0C9018095909586175B
:1046E000970738F48FEF9FEF9093C7048093C60429
:1046F00064CF620F731F7093C7046093C6045DCFCD
:10470000CF92DF92EF92FF921F93CF93DF93C82F48
:104710000E9445737C01009711F411E092C0C11111
:1047200003C080349105C8F30E941037182F8111FF
:10473000F4CF2FB7F8948091060590910705C091AA
:104740000405D09105052FBFC81BD90BC11548E042
:10475000D40708F076C0C134D10510F0C0E4D0E031
:10476000EC16FD0608F4E70129E2E22E2DE0F22E18
:10477000D701AC0149525D409D0129523D402C17A3
:104780003D0748F4FA01EA0FFB1FF770EA5DFA4FA4
:1047900020812D93F1CF209709F453C02FB7F894BF
:1047A0008C0F9D1F90930705809306052FBF99E2FC
:1047B000C92E9DE0D92E8091F504882329F068E068
:1047C000F60180810E94D0A2FFEFCF1ADF0AC60156
:1047D00089529D408C179D0770F3FE01E75DF24FF3
:1047E000C150D04E83E0CC0FDD1F8A95E1F79E01CA
:1047F000275D324F61E070E0D29087E090E0AB013E
:10480000082E01C0440F0A94EAF74D2119F544E13E
:10481000D901A80FB91F4C93019788F72850310987
:10482000EE16FF0649F72896BE0189E29DE00E9438
:10483000A5399C018C179D0779F087E892E10E94C9
:104840001897812FDF91CF911F91FF90EF90DF900C
:10485000CF9008954BEEDCCF8091600F9091610F67
:10486000A091620FB091630F820F931FA11DB11D24
:104870008093600F9093610FA093620FB093630FCA
:104880004CCF0F931F93CF938C01C0E0F80181911F
:104890008F010E946821882319F0CF5FC038B1F7DB
:1048A000CF911F910F9108955F926F927F928F9297
:1048B0009F92AF92BF92CF92DF92EF92FF920F93AF
:1048C0001F93CF93DF93CDB7DEB7C05AD1400FB659
:1048D000F894DEBF0FBECDBF682EA090AB10B09095
:1048E000AC10CE018F599E4F0E94DA31CE018F5D00
:1048F0009E4F0E94DA3183E394E1892B31F489EFF2
:1049000092E10E94B831712C49C088E4E3E3F4E1FC
:10491000DE01AF56BF4F01900D928A95E1F76E010F
:1049200089EDC80ED11C88E4F60111928A95E9F749
:10493000CE018F599E4F0E941CBC882321F3F12C7D
:10494000E12C712C81E6882E992493948C0E9D1E67
:10495000FCE08F0E911C01E211E00C0F1D1F045FA3
:104960001F4FB401C8010E9414BF882349F0A1144D
:10497000B10461F1EA14FB0448F1C8010E94F6BBDE
:10498000CE018F599E4F0E946A41882309F4BBCF04
:10499000711063C080EF92E10E94B831872DC0563C
:1049A000DE4F0FB6F894DEBF0FBECDBFDF91CF91C3
:1049B0001F910F91FF90EF90DF90CF90BF90AF903D
:1049C0009F908F907F906F905F900895AE014F5FA2
:1049D0005F4FB701CE018F5D9E4F0E949041CE0187
:1049E00001960E949D72582E811104C0C8010E9438
:1049F000F6BBB7CF8FEFE81AF80ABE016F567F4FAC
:104A0000CE0101960E944B726620C9F087FFEECF5F
:104A1000772049F0BE01675B7F4FCE0101960E946F
:104A20004B7218161CF788E4FE013196DE01A75B75
:104A3000BF4F01900D928A95E1F7752CD7CF1816CC
:104A4000ACF6772081F3BE01675B7F4FCE01019604
:104A50000E944B7287FDE7CFC9CF88E4FE01E75B78
:104A6000FF4FD60101900D928A95E1F78DEE92E10C
:104A70000E94B83188E4F601A3E3B4E101900D92FD
:104A80008A95E1F78091741090917510611002C0C1
:104A9000019601C0019790937510809374100E9445
:104AA00065760E9430737ACF3F924F925F926F92F9
:104AB0007F928F929F92AF92BF92CF92DF92EF92AE
:104AC000FF920F931F93CF93DF93CDB7DEB7C855F7
:104AD000D1400FB6F894DEBF0FBECDBF1091AD1020
:104AE000112309F4CFC0A090AB10B090AC10A1146A
:104AF000B10409F449C0462E6C013E0181E9680EFB
:104B0000711C88E4F30111928A95E9F7CE01875E62
:104B10009E4F0E94DA31CE0187529F4F0E94DA31B8
:104B2000CE01875E9E4F0E941CBC882359F1512CF8
:104B3000F12CE12C99E1892E992493948C0E9D1EE1
:104B4000FCE08F0E911C09ED10E00C0F1D1F045F9F
:104B50001F4FB401C8010E9414BF882331F0EA142A
:104B6000FB04A0F0C8010E94F6BBCE01875E9E4FF9
:104B70000E946A41882331F0511039C080ED92E1E2
:104B80000E94B8310E947C9510E07CC0AE014F5F5E
:104B90005F4FB701CE0187529F4F0E949041CE01D7
:104BA00001960E949D72382E811104C0C8010E9496
:104BB000F6BBCFCF8FEFE81AF80A5110F7CF229645
:104BC0008FAD22974812F2CFB601CE0101960E9416
:104BD00075DD892B59F788E4FE013196DE01A75B6C
:104BE000BF4F01900D928A95E1F7532CDFCFCE0194
:104BF000875E9E4F0E941CBC882321F2D12CC12CC1
:104C0000F12CE12C89E1882E992493948C0E9D1E21
:104C1000ECE08E0E911C09ED10E00C0F1D1F045FDF
:104C20001F4FB401C8010E9414BF882339F0EA1451
:104C3000FB0408F441C0C8010E94F6BBCE01875EA8
:104C40009E4F0E946A41182F882309F49BCF88E465
:104C5000FE01E75BFF4FD30101900D928A95E1F7CA
:104C60008DEC92E10E94B831D0927510C092741010
:104C700088E4F301A3E3B4E101900D928A95E1F792
:104C80000E946576812FC85ADE4F0FB6F894DEBFBA
:104C90000FBECDBFDF91CF911F910F91FF90EF908D
:104CA000DF90CF90BF90AF909F908F907F906F904C
:104CB0005F904F903F900895AE014F5F5F4FB701F7
:104CC000CE0187529F4F0E949041CE0101960E94D3
:104CD0009D72811104C0C8010E94F6BBA2CFFFEFF4
:104CE000EF1AFF0ABE01675B7F4FCE0101960E945B
:104CF0004B7287FFF0CF8FEFC81AD80AECCF8F9294
:104D00009F92AF92BF92CF92DF92EF92FF920F935A
:104D10001F93CF93DF93CDB7DEB7C855D1400FB601
:104D2000F894DEBF0FBECDBF8091AD10811116C0CB
:104D300082E090E0C85ADE4F0FB6F894DEBF0FBE97
:104D4000CDBFDF91CF911F910F91FF90EF90DF903A
:104D5000CF90BF90AF909F908F9008957E0181E992
:104D6000E80EF11C18E4F701812F11928A95E9F7FA
:104D7000CE01875E9E4F0E94DA31CE0187529F4F4F
:104D80000E94DA31F70111921A95E9F7CE01875E98
:104D90009E4F0E941CBC81110BC080913B0F8093E1
:104DA000AD108111C5CF1092AC101092AB10C0CFD6
:104DB00010E000E0D12C89E1882E992493948C0E88
:104DC0009D1EFCE08F0E911C99EDA92EB12CAC0E0E
:104DD000BD1E8CE0A80EB11C15C0AE014F5F5F4F29
:104DE000B801CE0187529F4F0E949041CE0101969B
:104DF0000E949D72C82E81113AC0C5010E94F6BB67
:104E0000CD2CDC2CB401C5010E9414BF882339F0DD
:104E1000073EE3E01E0708F3C5010E94F6BBCE0182
:104E2000875E9E4F0E946A41882309F4B6CFDD2039
:104E300049F088E4FE01E75BFF4FD70101900D9236
:104E40008A95E1F784EC92E10E94B8311093AC109E
:104E50000093AB101092751010927410012B11F585
:104E600087EC92E10E94639581E090E063CF0F5F51
:104E70001F4FDD2049F0BE01675B7F4FCE010196D9
:104E80000E944B7287FF0AC088E4FE013196DE0162
:104E9000A75BBF4F01900D928A95E1F7C5010E9473
:104EA000F6BBAFCF88E4F701A3E3B4E101900D9224
:104EB0008A95E1F70E9465760E94307390E080E069
:104EC00039CFCF930E9457948091AD10C0E08111EB
:104ED00019C0CF910C947C95029711F4C230C9F39C
:104EE00060E570E080E090E00E94B2B581E00E9451
:104EF00001428093AD10882361F30E945794CF5FE5
:104F0000C33039F30E947FA6009729F081309105C4
:104F100019F7C23029F7CF9108950E944D5465EEDC
:104F200072E180E00E94A88F69ED72E181E00E9449
:104F3000A88F6CE271E080E090E00E94B2B50E9420
:104F40004D5481E00E9401428093AD100E9461A700
:104F50000C944D540E947FA69C01029721F40E945C
:104F60007C9580E003C081E0232BD9F708959091D0
:104F7000AD10992339F02091AB103091AC10211570
:104F8000310511F40C9430734091741050917510E8
:104F90004F5F5F4F4217530760F0882341F0213085
:104FA000310529F081E00E9446768823B9F00C94FF
:104FB000AAA70E94307380E00E9454A481110EC001
:104FC00080913B0F882341F06AE073E18AE29FE021
:104FD0000E94AED8892B59F30C947C950895CF93F9
:104FE0008091AD10882331F08091AB109091AC107E
:104FF000009719F4CF910C94AAA70E94E4C6C82F79
:10500000811105C00E947C958C2FCF9108958091CD
:10501000AB109091AC100197909375108093741021
:105020000E9465760E943073EFCF9091AD10992366
:1050300039F02091AB103091AC102115310511F4ED
:105040000C9430734091741050917510452B61F49D
:10505000882341F02230310528F08FEF0E944676F8
:105060008823B9F00C94EFA70E94307381E00E946E
:1050700054A481110EC080913B0F882341F061E060
:1050800073E18AE29FE00E94AED8892B59F30C9419
:105090007C9508950E944C32109225058FB7F894A4
:1050A00010920905109208051092280D1092270DF4
:1050B00098E090932E0291E0909333028FBF10926C
:1050C000260D1092290F10920A0508958091A00FC5
:1050D0008093A50F882309F18091460290914702A1
:1050E0008630910549F50E94084D0E944C3280910E
:1050F000D810882321F088ED90E10E94F0341092BE
:10510000690F1092680F1092600F1092610F109249
:10511000620F1092630F10925D0F86E090E0909303
:10512000A01080939F101092A00F0E9453730E94B2
:10513000D33081E00C943D439C012450310922304E
:10514000310588F40E9437470E944C328091D81074
:10515000882321F088ED90E10E94F0341092D7105E
:105160001092D610DACF0197C1F60E9437470E94FD
:105170009E2C0E944C328091D810882321F088ED1B
:1051800090E10E94F0341092F4041092F304C5CF21
:1051900080919F109091A0108130910511F40C9492
:1051A00066A80297029708F051C08091460290913C
:1051B000470286309105C9F48091680F9091690F7C
:1051C0000197029740F40E94084D83E090E090938D
:1051D000690F8093680F84E090E09093A010809313
:1051E0009F100E9453730C94D330019799F48091CF
:1051F000F3049091F4040197029768F70E94C74363
:1052000081E08093F20483E090E09093F404809333
:10521000F304E1CF8091D6109091D71001970297B7
:10522000D0F60E94C7439FB7F8948091F1049FBFC6
:10523000843029F481E492E10E945E47CCCF83E080
:1052400090E09093D7108093D610C5CF08954F92D9
:105250005F926F927F928F929F92AF92BF92CF9206
:10526000DF92EF92FF921F93CF93DF931091A00FE5
:1052700011112CC2209148023091490240914A02FA
:1052800050914B02609146027091470280914E020C
:105290000E94EB9BC0914602D0914702C630D105D7
:1052A00009F027C1C0904802D0904902E0904A021C
:1052B000F0904B02C091A110D091A2100E949E7755
:1052C00080913B0F81110FC08CEF90E10E941897E5
:1052D00085E090E09093690F8093680F88E791E1F3
:1052E0000E94979BF3C10E944AA822E2C21626E5BB
:1052F000D206E104F10469F084E4C8168CEAD80609
:10530000E104F10431F085E08093F6048FEE90E142
:10531000DDCF60E074E284EF90E0A70196010E9487
:10532000E4DB29014B01DA01C9018097A109B10928
:10533000803E9F4FA105B10530F70E949F528FB765
:10534000F894D0920305C092020550920105409254
:1053500000059092FF048092FE041092FD041092CA
:10536000FC041092FB041092FA041092F9041092BB
:10537000F8041092F70491E09093F6048FBF8FB772
:10538000F8941092070510920605109205051092E8
:1053900004058FBFCE010E94F697882309F498CFA9
:1053A000C092640FD092650FE092660FF092670F83
:1053B00088ED90E10E940841811103C080EE90E1E8
:1053C00085CF60E070E080E290E00E9405388111B6
:1053D00005C082ED90E10E94189707C060E070E080
:1053E000CB010E94CE35811105C00E94084D0E945C
:1053F0004C326ECF60E070E0CB010E941F97882393
:10540000A1F360E072E080E090E00E94CE35882356
:1054100061F30E94EF36882341F38091F6048130D6
:1054200019F084EC90E1D7CF0E943F4C8823C9F358
:1054300081E090E09093690F8093680F81E0809302
:10544000A00F82E090E09093A01080939F100E94A4
:1054500053730E940BB66093980F7093990F8093CB
:105460009A0F90939B0F10929C0F10929D0F109289
:105470009E0F10929F0F1092940F1092950F109202
:10548000960F1092970F80914C0290914D020197C8
:1054900059F58091460290914702069751F4CFB793
:1054A000F89410929E1082E080939B100E94E73047
:1054B000CFBF2FB7F89480919C1090919D102FBF73
:1054C00090935C0F80935B0F8091980F9091990F50
:1054D000A0919A0FB0919B0F8093570F9093580F04
:1054E000A093590FB0935A0F80E00E943D4311E002
:1054F000EDC0CE010497029708F07AC0E090A110A9
:10550000F090A2100E949E4780913B0F811105C030
:1055100086EB90E10E94E0241BC0D0939A10C093C8
:1055200099102597E1F00E9473478CE991E39093DD
:105530002A028093290282E0809328021092C904F3
:1055400081E08093F104C7010E94E671811116C0C9
:1055500085E090E09093D7108093D610BFCE0E9444
:1055600073478CEF91E090932A028093290283E0A5
:105570008093280281E08093C904E2CF88ED90E116
:105580000E940841811103C08AEA90E1C3CF60E024
:1055900070E080E290E00E9405388823B1F060E07E
:1055A00070E0CB010E94CE35882379F00E94EF365F
:1055B000882359F08091F104813021F40E949743AF
:1055C000811108C081E990E102C08CE990E10E945C
:1055D0005E4784CE9FB7F8948091CA049FBF8093A2
:1055E000CB0481E090E09093D7108093D61026CF23
:1055F000219709F067C0C091A110D091A2100E941C
:10560000FF2080913B0F811105C083E890E10E944B
:10561000189715C00E9473478CEF91E090932A026F
:105620008093290283E08093280281E08093C9045B
:105630008093F104CE010E949E71811107C085E024
:1056400090E09093F4048093F30448CE88ED90E1C9
:105650000E940841811103C088E790E1D8CF6FE72D
:1056600070E081E090E00E9405388823C1F060E09E
:1056700070E0CB010E94CE35882389F00E94EF367E
:10568000882369F00E94C82F8091F104813021F4B1
:105690000E949743811108C080E690E102C08AE62B
:1056A00090E10E9445471ACE9FB7F8948091CA04B2
:1056B0009FBF8093DE0481E090E09093F404809398
:1056C000F304BCCE8AE091E10E94339A812FDF91EE
:1056D000CF911F91FF90EF90DF90CF90BF90AF9050
:1056E0009F908F907F906F905F904F900895CF9292
:1056F000DF92EF92FF920F931F93CF93DF931F924E
:105700001F92CDB7DEB780919F109091A01020918D
:105710004C0230914D028130910519F5232B81F017
:1057200080914C0290914D02019781F49FB7F894BB
:1057300080919E1010929E109FBF811105C006C0DF
:105740000E943843882361F30E9427A90F900F908D
:10575000DF91CF911F910F91FF90EF90DF90CF904D
:105760000895AC014250510942305105E0F4232B19
:10577000D1F4029791F080919F109091A01003971F
:1057800091F480912C1081110EC00E943843811138
:1057900050C081E080932B1006C00E9438438111D5
:1057A000EACF0E94859B80914C0290914D02019717
:1057B00011F580919F109091A0100297E1F48FB79E
:1057C000F89400919C1010919D108FBF0E940BB611
:1057D00020915B0F30915C0F20173107A1F11093DE
:1057E0005C0F00935B0F6093570F7093580F80937B
:1057F000590F90935A0F809146029091470286303C
:10580000910509F033C18091680F9091690F9C0157
:105810002150310922303105D0F59FB7F89480919D
:10582000F6049FBF843019F587EB91E10E94189729
:1058300023C080912B10882309F4B5CF10922B1030
:105840000E94499AB0CF0091570F1091580F2091A4
:10585000590F30915A0F601B710B820B930B6838F4
:1058600073418105910538F20E94C8A8C4CF80E039
:105870000E9480A3811184C00E94084D0E944C3276
:1058800085E090E09093690F8093680F79C003974B
:1058900009F076C00E944573892B11F081E0E8CFB2
:1058A00080915D0F811180C00E941037811168C006
:1058B00080915D0F811164C081E080935D0F109233
:1058C0005F0F10925E0F8FB7F8949091F7049923B1
:1058D00071F09091F90490935F0F9091F804909378
:1058E0005E0F1092F9041092F8041092F7048FBF23
:1058F00060915E0F662309F443C08091F50488230C
:1059000021F080915F0F0E94D0A260915E0F4091C4
:105910005F0FE9E2FDE090E080E0A1E0B0E08617F3
:1059200070F49D01082E01C0220F0A94EAF7242387
:1059300021F02BEE21930196F2CF24E1FBCF70E012
:1059400089E29DE00E94A53920915E0F2817190673
:1059500019F088EA91E16ACF8091600F9091610F10
:10596000A091620FB091630F820F911DA11DB11D17
:105970008093600F9093610FA093620FB093630FB9
:105980008091680F9091690F8330910509F454C09C
:1059900008F020C38130910509F458C0029709F03E
:1059A000D5CE83E090E04AC00E9410378111E8CF45
:1059B000C090600FD090610FE090620FF090630F85
:1059C000C0FC17C082E0D80EE11CF11C6091600F92
:1059D0007091610F8091620F9091630F0E941F97E9
:1059E00081111BC080917811811146CF8EE891E121
:1059F0001DCF1092290D61E070E089E29DE00E94C8
:105A0000A539019719F08CE991E110CF91E0C90E09
:105A100092E0D91EE11CF11CD9CFC701B6010E944A
:105A200041378823F9F20E94EF368823D9F20E9489
:105A30004C3284E090E026CF84E090E09093A01078
:105A400080939F1083CE0E94058C80CE80919F1002
:105A50009091A010049709F479CE82E090E09093A1
:105A6000A01080939F100E94537370CE9C0124500D
:105A700031092230310508F0A8C08FB7F894209181
:105A8000F1048FBF8091D6109091D710AC01415096
:105A9000510942305105A0F48FEC91E1243009F412
:105AA00091C00E94193C882321F00E943C3A811148
:105AB00002C00E9489C98091D6109091D71064CFFE
:105AC0000397C9F70E94193C882399F30E943C3A36
:105AD000882379F30E942425892B69F78091CF04CC
:105AE0009091D004892B39F78091CE048111E3CFB6
:105AF0008091CD048111DFCF8091CC048111DBCF67
:105B00000E94A9218111D7CF8091D104E82FF0E024
:105B1000DF01AA0FBB1FA55BB04F2D913C91232B3A
:105B200051F0E652FB4F9081911105C091E09083B6
:105B300089278093D1040E94193C882309F4B9CFA6
:105B40008091DA048111B7CF8091DB048111B3CF4A
:105B500080914B0F90914C0F892B09F0ACCF809125
:105B60004D0F90914E0F892B09F0A5CF0E94103751
:105B70008111A1CF6091D6047091D7048091D8048F
:105B80009091D9040091D2041091D3042091D404AF
:105B90003091D504601771078207930789F40E943A
:105BA0004137882369F00E94EF36882349F00E942C
:105BB0004C3284E090E09093D7108093D6107BCF46
:105BC00084EC91E10E945E4776CF019709F0BECD4B
:105BD0008FB7F8942091F1048FBF8091F3049091D6
:105BE000F4040197039708F025C184E392E124307F
:105BF00091F18091F004882309F456C00E94103777
:105C00008111E0C110924A0F1092490F1092480F73
:105C10001092470F1092EF041092EE041092ED04D0
:105C20001092EC041092E8041092E9041092EA0435
:105C30001092EB0410923E0F10923F0F1092400F03
:105C40001092410F60E070E0CB010E94CE358111CF
:105C500005C08BE292E10E944547B4C18091DC040B
:105C60009091DD040097A9F30E9441A4882389F351
:105C70001092F00481E08093E7049091301499230E
:105C800079F04091420F5091430F6091440F709111
:105C9000450F41155105E1E06E07710508F447C055
:105CA00010922F1410922E140E94D7398823C1F11C
:105CB0008091E6048111BEC022E0E22EF12CCC24BA
:105CC000C394D12C01E08091F3049091F404E0910D
:105CD000EC04F0E0E251FB4F20812111ABC0209198
:105CE000F0042111A7C0039721F48091E6048111EB
:105CF000A8C08091E304882309F449C01092E3040A
:105D0000181674F46091DE0490E00E941F2D8091BB
:105D1000DE0480278093DE040E9411448111D3CFDA
:105D200080917811811183C080E292E194CFE0915B
:105D30002C1422E030E030932F1420932E14109274
:105D40002B1410922A141092291410921C141092E1
:105D50001B1427E1E29FF0011124E351FC4E25E0E2
:105D600030E03183208315821482168217821086D8
:105D70001186128613861486158646875787608B90
:105D8000718B138A128A158A148A868B8DCFCE0165
:105D900001960E940625882309F44CC08091E404F2
:105DA0009091E5048130910559F41092E504109228
:105DB000E4048981803108F4B3CF0E947A46AECFE3
:105DC000029761F41092E5041092E4040E94D32C2F
:105DD0008091DE0480278093DE0475CF1981113015
:105DE00029F4D092E504C092E4046DCF123019F486
:105DF0000E94D32C68CF133029F4F092E504E0928E
:105E0000E40461CF212F30E094E0359527959A95F1
:105E1000E1F71F702115310509F482CF822F0E940E
:105E20007A46882309F47CCF1093E3044CCF90E0AA
:105E300080E011CF8091F3049091F404039709F06E
:105E4000C1C08091E604811118C08091F2048823BA
:105E500009F4F2CD0E942425892B09F0B3C080916A
:105E6000E4049091E504892B09F0ACC08091E3042F
:105E70008111A8C081E192E1EECE0E9450210E94E2
:105E8000D739811103C087E092E1E5CE8091EE041D
:105E9000811198C08091EF04811194C08091470FC7
:105EA0009091480F892B09F08DC08091490F9091F6
:105EB0004A0F892B09F086C00E941037811182C0D9
:105EC00060913E0F70913F0F8091400F9091410F74
:105ED0000091DF041091E0042091E1043091E2048C
:105EE000601771078207930709F071C00091E804F9
:105EF0001091E9042091EA043091EB0460177107D6
:105F00008207930709F063C00E944137882309F490
:105F10005EC00E94EF36882309F459C00E944C32BB
:105F20000E949E2C80913C0F90913D0F8A3008F08A
:105F300043C0BE016F5F7F4F0E94682C882309F425
:105F40003BC0E981FA81E031B8F5FF27EE0FFF1F72
:105F5000E352FE4E059114910115110569F188ED8A
:105F600090E1009749F1BC0189E29DE00E94A7C73A
:105F7000882311F1A80160E870E089EC9DE00E949F
:105F80009CC909EC1DE0F80101900020E9F78F01A0
:105F90000A5C1D4089E29DE00E940841882361F06F
:105FA000B80189EC9DE00E94A5398017910711F492
:105FB0000E94EF360E944C3284E090E09093F4040B
:105FC0008093F3048091F3049091F404DDCC8DEF81
:105FD00091E141CE8430910509F435CD059709F062
:105FE000B5CB88E791E10E94979BB0CB653048F430
:105FF00070E0660F771F680F791FFB018181928126
:1060000008956B3050F46550770B660F771F680F5B
:10601000791FFB018685978508956D3051F06B508F
:10602000770B660F771F680F791FFB01848D958DA5
:10603000089590E080E008958150823108F05AC0C0
:10604000E82FF0E08827E85DFF448F4F0C9406DCD2
:1060500048B04CB03AB040B044B07AB04FB055B050
:1060600059B05FB063B067B06DB071B07AB075B061
:106070007BB07FB0809180008F77809380000895FF
:10608000809180008F7DF9CF80918000877FF5CF50
:1060900084B58F7784BD089584B58F7DFBCF8091C3
:1060A000B0008F778093B00008958091B0008F7D0D
:1060B000F9CF809190008F77809390000895809120
:1060C00090008F7DF9CF80919000877FF5CF8091F0
:1060D000A0008F778093A00008958091A0008F7D0D
:1060E000F9CF8091A000877FF5CF809120018F7735
:1060F000809320010895809120018F7DF9CF8091B8
:106100002001877FF5CFAF92BF92CF92DF92EF92BF
:10611000FF920F931F93CF93DF936C017B018B0151
:10612000040F151FEB015E01AE18BF08C017D107A1
:1061300059F06991D601ED91FC910190F081E02D2B
:10614000C6011995892B79F7C501DF91CF911F9170
:106150000F91FF90EF90DF90CF90BF90AF90089598
:106160000895FC019C01255F3F4F80E080FB8795EF
:1061700087F99191890FE217F307C1F7089580918C
:106180007B00877F80937B0080E480937C008091FC
:106190007A00806480937A0080917A0086FDFCCF3B
:1061A00080917800909179000895FC010190002081
:1061B000E9F73197AF01481B590BBC0182E397E126
:1061C0000C9483B0CF93DF93E5E7F9E18491EFE29C
:1061D000F9E1D491E9EEF8E1C491CC23A1F0811169
:1061E0000E941CB0EC2FF0E0EE0FFF1FE453F74EBF
:1061F000A591B491EC91ED2381E090E009F480E069
:10620000DF91CF91089580E090E0FACFAF92BF92F6
:10621000CF92DF92FF920F931F93CF93DF93EB0107
:106220005A018C0198012F5F3F4FD8018C91803229
:10623000D1F0198308831F821E82F801DF01FD90CF
:106240006D01FF2031F1BFE2FB1619F1F7FE0DC021
:1062500080E0DF91CF911F910F91FF90DF90CF9061
:10626000BF90AF9008958901DDCF8F2D0E9471847A
:106270008111EECFC601801B910BEEE2FE1639F0C4
:10628000F0E2FF1621F09F838E83DD82CC82F6013F
:10629000D5CF8E819F8101978F3F9105C8F62E2F14
:1062A0009F2F81918032D9F38F32C9F3D5012C937E
:1062B00011969C930C811D8128813981FE013A96AB
:1062C000CE01459640E241938E179F07E1F781E0AA
:1062D000F90190819E3209F480E0F9012F5F3F4F70
:1062E00090819E32D1F3980121503109E217F307D2
:1062F00020F4D9019C919E32B9F740E067E0A0E01C
:1063000050E078E0E017F10708F045C090819E3238
:1063100041F42E173F0769F46AE0A8E070E1319676
:10632000F1CF9232A1F09C3791F0B5EAB90FB330BA
:1063300070F0B6EDB90FB63010F49D3241F4B6EC02
:10634000B90FB63020F0BFEDB90FBE3528F0907C04
:106350009038B9F580E0E3CF6A1740F46A30D1F0A5
:106360002E173F07B8F0F9013197F4CFBFE9B90F05
:10637000BA3158F59052472BFF24F394FA0EAC0F24
:10638000BD2FB11D1A969C93B6E0BF1508F0F88694
:10639000AF2DC5CF80E09A85903209F459CF88237C
:1063A00029F0542309F042E0498753CF81E08987DF
:1063B0008885C80FD11D8EE78A8781E38B8781E0AE
:1063C00048CF80E09FE56A1748F2BFEBB90FBA31BA
:1063D00098F6572BD1CFCF93DF93CDB7DEB7AF97DA
:1063E0000FB6F894DEBF0FBECDBFAC0160911C1795
:1063F00070911D176115710599F019821A821B821F
:10640000605D7D4F20E0CE0101960E94FA77AF9645
:106410000FB6F894DEBF0FBECDBFDF91CF910895C8
:1064200060911E1770911F1780E06115710579F357
:106430001DA61EA61FA6605D7D4F20E0CE01019621
:106440000E94D38AE4CF20913014222331F06115C9
:10645000710521E08207910528F010922F14109207
:106460002E14089540912D1440932C1422E030E016
:1064700030932F1420932E1410922B1410922A1460
:106480001092291410921C1410921B1457E1459F6E
:1064900090011124F901E351FC4E66877787808BC8
:1064A000918B70E060E0CF010C94A92C009761F40F
:1064B00045EA58E161E170E08CED93E10E94D38DF3
:1064C00086E08093DB13089540E150E0BC018CED41
:1064D00093E10E948CDD1092EC13F2CFEFE9F3E12F
:1064E00080E09191992311F09D3059F4E82FF0E06C
:1064F000E156FC4E882349F09291903231F481505C
:10650000F9CF8F5F813169F7F1CF08950F931F9312
:10651000CF93DF93CDB7DEB76C970FB6F894DEBF9D
:106520000FBECDBF2FEF260F283660F080E06C96AF
:106530000FB6F894DEBF0FBECDBFDF91CF911F9194
:106540000F910895883021E1920709F048C0FE01BB
:1065500071968CE0DF011D928A95E9F783EC8F87B5
:1065600088E0888B81E1898BDE0111969E01215F95
:106570003F4F89015A2F4B2F1097C1F2F9016191BA
:106580009F0190E080E08D30910509F443C0FC014B
:10659000EB55F84EE4916E133DC08D93A017B107F3
:1065A00059F7EBE9F1E180E7DF011D928A95E9F700
:1065B00081E080938B118EE0E52FF42FACE8B1E100
:1065C00001900D928A95E1F78DE080939A1180E811
:1065D0008093A11180ED8093A21181E0A8CF811555
:1065E000904C09F0A3CF81E28F8788E0888B81E10E
:1065F000898B8A8B1B8A80EC8C8B91E09D8B6E8BB8
:106600001F8A9DEE988F90EB998F93EC9A8F1B8E3B
:106610008C8FAACF01968115F1E09F0709F0B3CFC7
:1066200085CF83309105E1F038F48130910569F030
:10663000029799F080E0089585309105B9F098F0BF
:106640000697C1F78FE090E002C086E090E090935B
:10665000D5108093D41081E0089587E090E0F7CFC3
:1066600088E090E0F4CF89E090E0F1CF8AE090E01C
:10667000EECF4091C113242F3091C213532F529566
:106680005F7090E0FC01E653FC4E5A3030F5505DEF
:106690005083FC01E553FC4E532F5F705A30F8F4E1
:1066A000505D5083FC01E453FC4E54E03695279531
:1066B0005A95E1F72F702A30A0F4205D2083FC0169
:1066C000E353FC4E242F2F702A3068F4205D208382
:1066D00082539C4EFC0110820895595CD9CF595CBD
:1066E000E0CF295CEBCF295CF2CF1F93CF93DF93F0
:1066F000282F30E0F901EE58F64E8491F901E45D5F
:10670000F64ED491F901EA51F74EC491CC23A9F089
:10671000162F81110E941CB0EC2FF0E0EE0FFF1F2E
:10672000E557F84EA591B4918FB7F894EC911111FB
:1067300008C0D095DE23DC938FBFDF91CF911F91EE
:106740000895DE2BF8CF10927B1460E082E00C9469
:1067500075B39FB7F894809171008B7F809371001F
:10676000109290001092910084E088BB80918A1171
:10677000813011F410928A119FBF0E94A3B30C9430
:10678000F74DCF93DF93EC0160E08E810E9475B3EB
:1067900061E08E810E9475B360E08E810E9475B3C6
:1067A0008BE891E00197F1F7DF91CF910895CF92B7
:1067B000DF92EF92FF920F931F93CF93DF936C01C1
:1067C0007C0187E0E80EF11CD0E0C0E0062F10E06D
:1067D000B8010C2E02C0759567950A94E2F76170B6
:1067E000F70181917F010E9475B32196C430D105D4
:1067F00079F7C601DF91CF911F910F91FF90EF9034
:10680000DF90CF900C94C1B3CF92DF92EF92FF92C2
:106810000F931F93CF93DF93EC01F62E642F8C819F
:106820000E9475B38D818F3F19F060E00E9475B3AF
:106830000F2D10E08F8584FF25C06E0187E0C80E04
:10684000D11CF12CE12CB8010E2C02C07595679576
:106850000A94E2F76170F60181916F010E9475B3AD
:10686000FFEFEF1AFF0A88E0E816F10461F7CE01A6
:10687000DF91CF911F910F91FF90EF90DF90CF901C
:106880000C94C1B3B80184E0759567958A95E1F7DA
:10689000CE010E94D7B36F2DCE01DF91CF911F9112
:1068A0000F91FF90EF90DF90CF900C94D7B340E022
:1068B000682F82E397E10C9404B481E00E9457B4FE
:1068C0008BE39FE10197F1F70895909145178917A0
:1068D00010F08FEF890FE82FF0E0EE5CF84E84891E
:1068E00080680C9457B4CF93DF93CDB7DEB7619730
:1068F0000FB6F894DEBF0FBECDBFAC0161E170E012
:10690000CE0101960E94E78DFE01319680E09191C3
:1069100091110CC0E1E0F0E0EC0FFD1FE80FF11D5C
:1069200090E28F5F91938031E1F703C08F5F8031F8
:1069300071F7198A80E00E9465B4CE0101960E9429
:10694000D5B061960FB6F894DEBF0FBECDBFDF9114
:10695000CF91089541E00E9404B481E090E0089551
:10696000CF93DF9390E0FC01E45DF64E24918A51D1
:10697000974EFC0184918823C9F090E0880F991FFD
:10698000FC01EF58F84EA591B491FC01E557F84E83
:10699000C591D49161110DC09FB7F8948C91209549
:1069A00082238C938881282328839FBFDF91CF91F6
:1069B0000895623051F49FB7F8943C91822F8095EE
:1069C00083238C93E8812E2BEFCF8FB7F894EC9133
:1069D0002E2B2C938FBFEACFCF93DF93823029F4F5
:1069E00090914117986090934117809345171092AA
:1069F000461780E48093471780E18093481780E52D
:106A00008093491761E0809136170E94B0B480915D
:106A100037178F3F19F061E00E94B0B461E08091B8
:106A200038170E94B0B4C2E3D7E19E012253374128
:106A30008091411784FD0BC084E090E021962817D7
:106A4000390744F461E08E810E94B0B4EECF88E053
:106A500090E0F4CF8BE39DE00197F1F760E0809147
:106A600036170E9475B360E0809138170E9475B3A5
:106A7000809137178F3F19F060E00E9475B38091C5
:106A8000411784FD34C063E082E397E10E94D7B3ED
:106A9000CBE4D6E4CE010197F1F763E082E397E11E
:106AA0000E94D7B32197F1F763E082E397E10E9458
:106AB000D7B383E592E00197F1F762E082E397E1D3
:106AC0000E94D7B38091411780620E9457B484E03E
:106AD000809342178CE00E9457B40E945DB482E01C
:106AE0008093431786E0DF91CF910C9457B4806276
:106AF0000E9457B48BE496E40197F1F78091411717
:106B000080620E9457B483E592E00197F1F780918B
:106B1000411780620E9457B4D5CF3FB7F894809157
:106B2000771790917817A0917917B0917A1726B5B9
:106B3000A89B05C02F3F19F00196A11DB11D3FBFB5
:106B4000BA2FA92F982F8827BC01CD01620F711D84
:106B5000811D911D42E0660F771F881F991F4A957E
:106B6000D1F708958F929F92AF92BF92CF92DF920A
:106B7000EF92FF926B017C010E948DB54B015C018D
:106B8000C114D104E104F104B9F00E948DB5681973
:106B900079098A099B09683E73408105910580F354
:106BA00021E0C21AD108E108F10888EE880E83E0DE
:106BB000981EA11CB11CE4CFFF90EF90DF90CF9006
:106BC000BF90AF909F908F900895CF92DF92EF92F9
:106BD000FF92CF93C0E2C12CD12C76010E94BFB0AE
:106BE000C80ED91EE11CF11C65E070E080E090E069
:106BF0000E94B2B5C15091F7D701C60125E0B69504
:106C0000A795979587952A95D1F7CF91FF90EF900B
:106C1000DF90CF9008952FB7F8946091731770911B
:106C2000741780917517909176172FBF08954F9222
:106C30005F926F927F928F929F92AF92BF92EF92EC
:106C4000FF920F931F93CF93DF93FB01C0E021913D
:106C5000222309F475C0CF5FCF33C9F77B018C01C4
:106C60008091891181110DC081E0809389110E946A
:106C70000BB660937B1770937C1780937D1790936E
:106C80007E17D1EFDC0F2D2F30E0ACE2B1E00E9497
:106C90000EDC4B015C010E940BB640907B175090BC
:106CA0007C1760907D1770907E17641975098609AE
:106CB0009709A50194012053384F4F4F5F4F0E9411
:106CC000E4DB603B24E072078105910508F44BC0CA
:106CD000605B744081099109681579058A059B05F7
:106CE00050F42CE231E040E050E00E94E4DB2F5F02
:106CF0002D1708F4D22FD80190E080E04D2F50E0FE
:106D00002D2F280F2C1788F5FA01E80FF91FEE0D2B
:106D1000FF1D20812D9301968F30910589F7F80191
:106D20001786DF91CF911F910F91FF90EF90BF9049
:106D3000AF909F908F907F906F905F904F9008954D
:106D4000C03108F08BCFDF91CF911F910F91FF9051
:106D5000EF90BF90AF909F908F907F906F905F90DB
:106D60004F900C94248FD0E0C6CF20E2D3CF1F9257
:106D70000F920FB60F9211242F933F938F939F93EF
:106D8000AF93BF938091731790917417A09175176B
:106D9000B09176173091721723E0230F2D3758F5F5
:106DA0000196A11DB11D20937217809373179093C4
:106DB0007417A0937517B0937617809177179091F9
:106DC0007817A0917917B0917A170196A11DB11D7E
:106DD0008093771790937817A0937917B0937A17C9
:106DE000BF91AF919F918F913F912F910F900FBEC7
:106DF0000F901F90189526E8230F0296A11DB11D34
:106E0000D2CF8FEF0C94F741CF93DF93FC01248511
:106E1000222349F0EC0161E082850E9475B38FEF77
:106E20000E94F7411C86DF91CF9108950F931F9325
:106E3000CF93DF938C01862FEA010E94F741FE0178
:106E400081918EBDDE5FEC17FD0741F0819100005E
:106E500000000DB407FEFDCF8EBDF5CF0DB407FECB
:106E6000FDCF8FEF0E94F7418FEF0E94F7410E9404
:106E700001B7F80186878F71853059F081E28387E9
:106E8000C8010E9404B780E0DF91CF911F910F915C
:106E9000089581E0F9CFCF93DF93FC012485211180
:106EA00010C0EC01828193810E94FE4181E08C87B9
:106EB00060E08A850E9475B38FEFDF91CF910C94CB
:106EC000F741DF91CF9108950F931F93CF93DF93F5
:106ED000EC010C85011102C00E944BB70E9401B762
:106EE00011E08F3F09F410E0011103C0CE010E94B0
:106EF00004B7812FDF91CF911F910F910895CF9308
:106F0000DF93FC01C081D1810E940BB6C61BD70B59
:106F10008D2F881F8827881FDF91CF9108950F93A9
:106F20001F93CF93DF931F921F92CDB7DEB78C01D3
:106F30000E940BB6600F711F7A8369830E9401B7AC
:106F40008F3F71F0CE0101960E947FB78823B1F385
:106F500080E00F900F90DF91CF911F910F910895D6
:106F600081E0F7CF1F93CF93DF93EC0188E592E0A8
:106F70000E948FB7182F882361F08DEF0E94F74190
:106F8000CE010E9404B71D86812FDF91CF911F9102
:106F900008958FE18B87CE010E9404B7F5CFDF9271
:106FA000EF92FF920F931F93CF93DF93EC01162F75
:106FB000022FF32EE42ED52E0E9448B98823C1F16A
:106FC0008C85811103C0CE010E944BB7111128C0DE
:106FD000812F80640E94F7418D2D0E94F7418E2DF4
:106FE0000E94F7418F2D0E94F741802F0E94F741A8
:106FF00087E8111101C085E90E94F7410E9401B79D
:107000001AE00E9401B78E8787FF02C01150C9F7AE
:10701000DF91CF911F910F91FF90EF90DF90089536
:107020001C30B1F28CE291E00E948FB78111D0CF79
:107030008FEFEECF8F929F92AF92BF92CF92DF925F
:10704000EF92FF920F931F93CF93DF93EC014A01CE
:107050005B0169018D85823049F48C819D81AE810F
:10706000BF8188159905AA05BB0571F18F85A5011A
:107070009401833039F089E0220F331F441F551FDC
:107080008A95D1F769E1CE010E94CFB78823B1F08C
:107090008EE08B87CE010E9404B7CE010E9404B718
:1070A00080E0DF91CF911F910F91FF90EF90DF90E3
:1070B000CF90BF90AF909F908F90089582E08D8782
:1070C0008C829D82AE82BF82F12CE12CE016F1060B
:1070D000A9F088E592E00E948FB7811102C085E295
:1070E000D8CFA6016CEFCE010E9416B7882391F28B
:1070F0008FEFE81AF80A8EEFD81AE8CF8C819D81BD
:10710000AE81BF818E0D9F1DA11DB11D8C839D83FE
:10711000AE83BF8388858111C4CFCE01DF91CF912B
:107120001F910F91FF90EF90DF90CF90BF90AF90A5
:107130009F908F900C94B2B7EF92FF920F931F9392
:10714000CF93DF93EC0179018885882371F001E00A
:1071500010E0CE010E941AB8182F812FDF91CF9135
:107160001F910F91FF90EF9008958F85833039F034
:1071700089E0440F551F661F771F8A95D1F79A0142
:10718000AB0168E1CE010E94CFB7882339F08DE0D2
:107190008B87CE010E9404B710E0DFCFA7016EEF0E
:1071A000CE010E9416B78823A1F388E592E00E94E1
:1071B0008FB7182F84E2112359F320E030E0A901A2
:1071C0006DE0CE010E94CFB7882311F08AE0E0CFB6
:1071D0000E9401B78111FACFCE010E9404B7BDCF42
:1071E000EF92FF921F93CF93DF93FC01208111E078
:1071F00020FF12C0EC017C01FCE0EF0EF11C4B8182
:107200005C816D817E81970189819A810E949CB801
:10721000182F811108C010E0812FDF91CF911F91AD
:10722000FF90EF900895888181FD04C088818E7F52
:107230008883F2CF4B815C816D817E818F819885BF
:10724000A985BA85480F591F6A1F7B1F970189813D
:107250009A810E949CB88111E9CFDDCFCF93DF9353
:10726000EC011D8620E030E0A9016CE00E94CFB760
:10727000882349F089E08B87CE010E9404B780E023
:10728000DF91CF910895CE010E9404B781E0F8CF3D
:10729000FC012585223011F40C94B2B7213011F491
:1072A0000C942EB981E00895CF92DF92EF92FF9275
:1072B0000F931F93CF93DF931F921F92CDB7DEB72B
:1072C0008C017B016A010E940BB6645D7E4F7A835C
:1072D00069830E9401B7F80186878F3FC1F4CE0110
:1072E00001960E947FB78823A1F38EE1F80183877E
:1072F000C8010E9404B780E00F900F90DF91CF91FA
:107300001F910F91FF90EF90DF90CF9008958E3FE7
:1073100011F089E1EBCF8FEF8EBDF701C6013FEF92
:10732000019749F0000000000DB407FEFDCF2EB517
:107330003EBD2193F5CFF1E0CF1AD108EC0CFD1C36
:107340000DB407FEFDCF8EB5F7018083F8011686D8
:107350000E9401B70E9401B781E0CECF8F929F9229
:10736000AF92BF92CF92DF92EF92FF920F931F9353
:10737000CF93DF93EC014A015B0169018D85813078
:1073800049F48C819D81AE81BF8188159905AA053C
:10739000BB0559F18F85A5019401833039F089E04F
:1073A000220F331F441F551F8A95D1F762E1CE018A
:1073B0000E94CFB7882399F08CE08B87CE010E9482
:1073C00004B780E0DF91CF911F910F91FF90EF9074
:1073D000DF90CF90BF90AF909F908F90089581E005
:1073E0008D878C829D82AE82BF82F12CE12CE016CB
:1073F000F10671F040E052E0B601CE010E9454B9AE
:10740000882301F38FEFE81AF80A8EEFD81AEFCF2E
:107410008C819D81AE81BF818E0D9F1DA11DB11DEF
:107420008C839D83AE83BF8388858111CBCFCE01B2
:10743000DF91CF911F910F91FF90EF90DF90CF9050
:10744000BF90AF909F908F900C942EB98F929F9287
:10745000AF92BF92FF920F931F93CF93DF93DC0104
:107460001196ED91FC91EF2B61F490E080E0DF91BB
:10747000CF911F910F91FF90BF90AF909F908F90F1
:107480000895F22E4A015B01EC018B819C81AD8154
:10749000BE8188159905AA05BB0561F0CE010E9441
:1074A000F0B8882311F3F2FE0DC018828B829C8203
:1074B000AD82BE822F2D2370F880F22AF882CE0191
:1074C0000C96D5CF01E010E09E01245F3F4FB5013F
:1074D000A40189819A810E94AEB98111E6CFC5CFFE
:1074E0008F929F92AF92BF92CF92DF92EF92FF92D4
:1074F0000F931F93423051056105710560F480E0E0
:107500001F910F91FF90EF90DF90CF90BF90AF90C1
:107510009F908F900895FC01C18CD28CE38CF48CE9
:10752000C416D506E606F70650F3480159016A016C
:107530008581803249F585899689A789B08D17E0C4
:1075400076956795579547951A95D1F7480F591F26
:107550006A1F7B1F868123E0823009F021E0CF0182
:1075600084960E9426BA009751F2CC0CDD1CCC0CFC
:10757000DD1CF1E0DF228C0D9D1DFC0180829182DB
:10758000A282B38281E0BCCF803109F0B8CF4589B7
:1075900056896789708D4D0D511D611D711D868144
:1075A00023E0823009F021E0CF0184960E9426BAC0
:1075B000009709F4A4CFCC0CDD1CF1E0DF22C80E4B
:1075C000D91EF60191828082DDCFCF92DF92EF92B9
:1075D000FF920F931F93CF93DF93423051056105C4
:1075E000710550F48FEFDF91CF911F910F91FF90B4
:1075F000EF90DF90CF900895FC01C18CD28CE38C8A
:10760000F48CC416D506E606F70660F389016A0114
:10761000EC0185818032B1F585899689A789B08D85
:10762000E7E07695679557954795EA95D1F7480F26
:10763000591F6A1F7B1F2E81223009F020E0CE01E6
:1076400084960E9426BA009769F2CC0CDD1CCC0C03
:10765000DD1CF1E0DF228C0D9D1DFC0180819181FC
:10766000A281B381498D5A8D6B8D7C8D4817590746
:107670006A077B0748F1F80180839183A283B38373
:1076800081E0B1CF803109F0ADCF45895689678956
:10769000708D4D0D511D611D711D2681223009F027
:1076A00020E0CE0184960E9426BA009709F49ACF72
:1076B000CC0CDD1CF1E0DF22C80ED91EF601808162
:1076C0009181B0E0A0E0CECF80E08DCF9F92AF92CD
:1076D000BF92CF92DF92EF92FF920F931F93CF93BF
:1076E000DF9300D01F92CDB7DEB75C016A017B014A
:1076F0009E012F5F3F4FB701A601C5010E94E5BA69
:10770000982E87FD34C000E010E09801B701A60173
:10771000C5010E9470BA882351F1F5014185528557
:1077200063857485C416D506E606F70650F4F1E0C5
:10773000CF1AD108E108F108F501C186D286E386A7
:10774000F486C980DA80EB80FC809110D1CF0F9055
:107750000F900F900F90DF91CF911F910F91FF909D
:10776000EF90DF90CF90BF90AF909F90089580E012
:10777000EECFCF93DF93FC012081211104C081E083
:10778000DF91CF910895EC01828187FF28C061E0ED
:10779000CF010E947D78FC01892B29F489818160C9
:1077A000898380E0EDCF8081853EC1F38881877336
:1077B0008387888183FF08C0888D998DAA8DBB8DB2
:1077C000848F958FA68FB78F8C8D9D8DAE8DBF8D3D
:1077D000938F828FB58BA48B8A818F778A838E81DA
:1077E0009F810E94E2798823C9F2C9CF0F931F932A
:1077F000CF93DF93EC0108A919A90115110579F0C0
:10780000C8010E94B9BBF8011082128219AA18AAF5
:107810001BAA1AAADF91CF911F910F9108950AA96F
:107820001BA981E00115110589F3C8010E945F8041
:10783000F80114A616A6EACF0F931F93CF938C01DD
:107840000E947032811106C0C0E08C2FCF911F9131
:107850000F910895045F1F4F40E060E572E0C8019A
:107860000E94EE31C82F811109C00E947032882316
:1078700059F38BEB98E10E94B831E7CFC8010E9421
:107880007A41C82F8111E1CFC8010E94F6BB84EC78
:1078900098E1F1CF4F925F926F927F928F929F9279
:1078A000AF92BF92CF92DF92EF92FF920F931F930E
:1078B000CF93DF93EC014A015B014C845D846E84BD
:1078C0007F842881222309F45CC0488959896A8908
:1078D0007B89481559056A057B0581F0811491045F
:1078E000A104B10469F41C861D861E861F86888A41
:1078F000998AAA8ABB8A8A818F7D8A8381E046C061
:1079000023FF2CC0888D998DAA8DBB8D8815990574
:10791000AA05BB05B0F1EE81FF813481375F7501A7
:10792000640181E0C81AD108E108F108032E04C0FF
:10793000F694E794D794C7940A94D2F78A8186FF85
:1079400036C08C8D9D8DAE8DBF8D8C0D9D1DAE1D59
:10795000BF1D8C879D87AE87BF87C9CF26FFDBCF32
:10796000EE81FF818781908525E0880F991F2A95F8
:10797000E1F7B0E0A0E088159905AA05BB0508F07D
:10798000B6CF4C865D866E867F8680E0DF91CF9194
:107990001F910F91FF90EF90DF90CF90BF90AF902D
:1079A0009F908F907F906F905F904F900895DB0134
:1079B000CA010197A109B10904C0B695A795979589
:1079C00087953A95D2F7C816D906EA06FB0620F045
:1079D000452B462B472B49F527FF22C0858D968DD9
:1079E000A78DB0A18C879D87AE87BF878E01045F6E
:1079F0001F4FC114D104E104F10409F478CF4C8580
:107A00005D856E857F8598018E819F810E94E5BA94
:107A100091E0C91AD108E108F108181654F3B1CF62
:107A20008C8D9D8DAE8DBF8DDDCFC81AD90AEA0A27
:107A3000FB0ADCCFCF92DF92EF92FF920F93CF93AE
:107A4000DF93EC0180E2DE011D928A95E9F7FB01EC
:107A5000868197819F838E835D834C83C48CD58C74
:107A6000E68CF78CC886D986EA86FB86FC01F09600
:107A70004F70552765E0440F551F6A95E1F7E40FF5
:107A8000F51F338533FD11C0377338834385487143
:107A900011F4386038830B83322F3370313009F49E
:107AA00044C038F0323009F43EC018821A8280E0B7
:107AB00032C031E025FDF9CF3A833A8131FF06C06B
:107AC0003881432F417189F730623883DC01979602
:107AD0004D915D916D917C919A974C8B5D8B6E8BE6
:107AE0007F8B4489558970E060E0BA0155274427AF
:107AF000C28CD38CF12CE12C4C295D296E297F2975
:107B000025FF1AC0411551056105710581F48A816F
:107B100080688A8381E0DF91CF910F91FF90EF9091
:107B2000DF90CF90089533E0C7CF32E0C5CF0E94F9
:107B300066BB8111ECCFB9CF4C8F5D8F6E8F7F8F7D
:107B4000848D958DA68DB78D888F998FAA8FBB8FC9
:107B5000E1CF2F923F925F926F927F928F929F928E
:107B6000AF92BF92CF92DF92EF92FF920F931F934B
:107B7000CF93DF93EC014B017A0139018A8180FFB9
:107B8000D2C0888183FF16C0888D998DAA8DBB8D48
:107B9000488959896A897B89841B950BA60BB70B89
:107BA000A70170E060E0481759076A077B07A0F05B
:107BB0007C0112C086FF10C0EE81FF818781908515
:107BC00045E0880F991F4A95E1F728893989821B7A
:107BD000930B8E159F0560F36701512C1E018CE0FD
:107BE000280E311CC114D10409F4ECC0888999898C
:107BF000AA89BB89EE81FF818C0111702881AC01BB
:107C0000BD0139E076956795579547953A95D1F737
:107C100026FF30C0858D968DA78DB0A1480F591FC6
:107C20006A1F7B1FEE81FF810115110509F081C0DC
:107C3000C11482E0D80608F47CC087A190A5A1A554
:107C4000B2A5481759076A077B0709F472C0C11427
:107C500084E0D80608F09CC001E010E0940185A102
:107C600096A10E94AEB9882309F45DC0A12C82E0E0
:107C7000B82E78C0538054220115110581F451109B
:107C80000EC0892B8A2B8B2B81F527FF29C0858D70
:107C9000968DA78DB0A18C879D87AE87BF87EE811B
:107CA000FF814C855D856E857F8542505109610954
:107CB0007109848104C0440F551F661F771F8A9580
:107CC000D2F781899289A389B489840F951FA61F51
:107CD000B71FAC01BD01450D511D611D711DA2CF26
:107CE0008C8D9D8DAE8DBF8DD6CF4C855D856E857F
:107CF0007F8523FF0CC08A8186FF09C04F5F5F4FDD
:107D00006F4F7F4F4C875D876E877F87C8CF91010C
:107D1000CF010E94E5BA87FD06C08111C0CF8881DE
:107D2000807D09F04FC08981826089838FEF9FEF4A
:107D30004CC080E092E0801B910B56018C159D0594
:107D400008F45C0120E0CF0184960E9426BA0097D7
:107D500051F3BC01600F711F61147104A1F0F301B4
:107D6000718360838A0C9B1C88899989AA89BB8945
:107D70008A0D9B1DA11DB11D888B998BAA8BBB8B76
:107D8000CA18DB082FCFA501C4010E9465DDEACF28
:107D90008601012F11270695888186FD07C0828103
:107DA0008519990B8017910708F48C015801BA2C9A
:107DB000AA24BB0C9401CF0184960E94F784811100
:107DC000D1CFB1CFC7018C199D09DF91CF911F9100
:107DD0000F91FF90EF90DF90CF90BF90AF909F906A
:107DE0008F907F906F905F903F902F900895CF93EA
:107DF000DF931F921F92CDB7DEB71A8219829E01C0
:107E00002F5F3F4F40E250E070E060E00E94A9BD6C
:107E1000809739F489819A810F900F90DF91CF91EB
:107E2000089590E080E0F8CF8F929F92AF92BF923A
:107E3000EF92FF920F931F93CF93DF93EC017B019F
:107E40000E94F6BBD701D0968D919C91D197892B3A
:107E500009F460C0188219821A82D9ABC8ABD096D7
:107E6000ED90FC90F7018081807D71F0808991898F
:107E7000A289B3898F719927AA27BB2700E010E058
:107E8000892B8A2B8B2B29F019AA18AA80E02FC0E6
:107E900000E0D70150968D909D90AD90BC90539787
:107EA000C7010E94F7BE009779F3FC0120812223CD
:107EB00059F32E3269F3253E59F3338533FD22C041
:107EC000002321F00E94B1B08113DECFB501A401DF
:107ED00085E076956795579547958A95D1F720E087
:107EE000B701CE010E941ABD882371F281E0DF91B3
:107EF000CF911F910F91FF90EF90BF90AF909F9007
:107F00008F9008953F3021F626FFC3CF022F0F71C7
:107F10001585BFCFF70182A993A9892B09F4B6CFA4
:107F20001CA61DA61EA6DBABCAAB02A8F3A9E02DBA
:107F300084A5807519F41BAA1AAAA8CF20812F71D5
:107F400030E040E050E060E070E080E090E0A0E0F1
:107F50000E9444DD81F720E050E040E0BF01CE0107
:107F60000E94EB878111C2CFE6CF2F923F924F92B2
:107F70005F926F927F928F929F92AF92BF92CF92B9
:107F8000DF92EF92FF920F931F93CF93DF93CDB7C2
:107F9000DEB7AC970FB6F894DEBF0FBECDBF8C0135
:107FA0006B01FA01DB018C91807D11F480E019C135
:107FB000D8018C918111FACF868197810C966DE062
:107FC00070E00E94D0DB6CA381858370662463948B
:107FD0008111660E722E7F011CA70BA7F601068089
:107FE000F781E02DFAA3E9A340E050E0BA01C60111
:107FF0000E944ABC1DA21EA2812C912C10E000E020
:108000001BA29701265F3F4F3AA729A7D60150969A
:108010002D903D904D905C90539765E05694479419
:10802000379427946A95D1F75101C6010E94F7BE93
:10803000FC01892BA9F5F60181818111B7CF74FE6E
:10804000B5CF872D83708150823008F0AFCF1123D8
:1080500011F0ADA0BEA0161550F4C6010E94F7BEE7
:10806000892B09F0E9C0F601818181119FCF012F91
:1080700010E0862C912C0815190508F0DFC0C60108
:108080000E944D79882309F491CFA9A1BAA1129633
:108090008C91B0E18B9FC0011124080F191FEBCF09
:1080A0009081953E11F091110EC0111102C02DA2C8
:1080B0003EA2161508F41F5F992309F4C0CF953E20
:1080C00029F400E0A3CF161508F44AC09E32C9F384
:1080D00083858F3009F070C0011144C0292F2F71A2
:1080E000922E3CA1321392CF96FF90CF8584032F1E
:1080F00081E098128BCF80E2F601DE0111960190AB
:108100000D928A95E1F7D7018D919C911197139665
:108110009C938E93129744244394041508F476CFCD
:10812000B501CE0101960E94C6791C01892B49F246
:10813000F7010480F581E02DF8A7EFA3512C652D00
:10814000C1010E94F6AFD7011296ED91FC912FA1CB
:1081500038A5E217F30771F4892B09F457CFB1CF93
:1081600010E0B4CF9A949911ACCF8585881509F4A5
:10817000BFCFA7CF8038910508F0A3CF2FE9280FF4
:108180002A3108F480529F012F5F3F4FD701139689
:108190003C932E93129790812FE9290F2A3108F4EE
:1081A000905298138ECF5394BDE05B12C8CF439486
:1081B000E1E0AE1AB108B1CF83FD83CF002351F1C6
:1081C00021E09212F3CECF010E94B1B08811EECE21
:1081D00076FCECCE272DA501B6018BA59CA50E94AF
:1081E0001ABDAC960FB6F894DEBF0FBECDBFDF91BF
:1081F000CF911F910F91FF90EF90DF90CF90BF90A4
:10820000AF909F908F907F906F905F904F903F9036
:108210002F9008954BE050E069A57AA5CF010E9408
:1082200058DD892B09F0F2CED70119968C9180FF89
:10823000CFCF31E03BA3EACE1F5F0DCFEBA1EE2302
:1082400009F43FC0D70118965C9042E6442E10E036
:1082500000E05EE7352E4701BAE08B0E911C0E94CC
:108260000BB6060F171FE3E0E51510F433E0532EAD
:1082700094E0950D802F8F708A3008F080C0805D6B
:10828000F701E90FF11D828724E0169507952A95DD
:10829000E1F79150591670F3F701E50DF11D3286A3
:1082A00040E050E0BA01C6010E944ABCC6010E94EB
:1082B000F7BE009709F065C0D60111968C91811127
:1082C00075CE0FEF060DA00EB11C80E2F601DE01A7
:1082D000119601900D928A95E1F74701FAE08F0E11
:1082E000911CC4010E94B1B0582ED7018D919C9170
:1082F000119713969C938E93129711E0612C402E48
:10830000689446F88FE0382EB501011708F467C06D
:10831000611B7109CE0101960E94C679FC01892B6F
:1083200009F444CEAF81B88594968C91949781607E
:1083300094968C93842D0113812F80833386148629
:108340005586138E128ED70114964D915C9160E084
:10835000D70112962D913C9113972417350731F5CB
:10836000662081F163942FEF3FEF653080F5328313
:1083700021836F5F32966D3059F71F5FC5CF895CDF
:108380007FCFFC012081222309F49BCF238523FD8D
:108390008DCF4BE050E0BC01C4010E9458DD892B19
:1083A00009F084CF4A9441105ACF00CEC9010196FA
:1083B00013969C938E931297D9012C91022E000C48
:1083C000330BD3CF30E020E066246394CECF6B3004
:1083D00018F435832483CDCF37832683CACFC601D3
:1083E0000E94C679009709F4E1CD20E2FC011192C8
:1083F0002A95E9F72BE0F401DC0101900D922A9512
:10840000E1F7D70119962C912871FC01248721E20C
:108410003CE5318B208B318F208F338B228BA9A1B0
:10842000BAA194968C919497816094968C93D2CEB5
:10843000FC01808181110EC080E2DF011D928A95CE
:10844000E9F777836683DB0115968C91803121F003
:10845000803239F080E0089580E4808381E0828377
:10846000089580E8FACF9F92AF92BF92CF92DF92A9
:10847000EF92FF920F931F93CF93DF93CDB7DEB7A9
:10848000A0970FB6F894DEBF0FBECDBF19821A8237
:108490001B82DC0112962C9121FF12C08C01FC0181
:1084A000448D558D668D778D41155105610571059A
:1084B00049F461E0C8010E947D787C01009749F48D
:1084C00080E067C0868197810E9466BB8111F1CFF1
:1084D000F7CF0E94B1B0B82E85EEF7018083D801A6
:1084E0001C9212961C92129716968D919C910E9446
:1084F000E279882329F3F8019381992309F449C08B
:1085000080859185A285B385668177819E012F5FE5
:108510003F4F69010097A105B10509F04CC0C901A1
:108520000E9418C2882361F2EE24E394F12C95EEA8
:10853000A92ED80113968C9113978E1508F21496D4
:108540006D917C916E197F09C6010E94C679FC016C
:10855000892B09F4B5CF83858F3009F0B1CF908195
:10856000892F8F71E812ACCF85858B11A9CFA0829E
:10857000D8011696ED91FC9184A1816084A3BFEF90
:10858000EB1AFB0A96FFD5CFF801868197810E94EE
:10859000E279A0960FB6F894DEBF0FBECDBFDF9193
:1085A000CF911F910F91FF90EF90DF90CF90BF90F0
:1085B000AF909F9008952CE1F60111922A95E9F76A
:1085C00020E1298321E02B8378876F838D8F9E8F15
:1085D000AF8FB8A3A9CF3F924F925F926F927F92D5
:1085E0008F929F92AF92BF92CF92DF92EF92FF92C3
:1085F0000F931F93CF93DF93CDB7DEB7A0970FB63E
:10860000F894DEBF0FBECDBF7B01DB011C92FC01E5
:10861000C0A8D1A8C114D10409F4D9C019821A8202
:108620001B82D6018C91882309F4CCC013969C91AF
:1086300091115EC0807CF9F08FE2FB018083118292
:1086400001E010E0C801A0960FB6F894DEBF0FBE9F
:10865000CDBFDF91CF911F910F91FF90EF90DF90F1
:10866000CF90BF90AF909F908F907F906F905F90D2
:108670004F903F90089560E0C6010E947D78FC0114
:10868000009709F49FC05C0100E068E020E0D5019C
:108690008C912830A9F4803229F160E19EE2402FCC
:1086A00050E06A013FEFC31AD30A80E4C816D10430
:1086B00008F088C00F5F4E0D5F1DDA019C930FC05C
:1086C000BFEFAB1ABB0A982F3FEB380F3A3128F4B3
:1086D0003485362311F0905EE2CF803201F72F5FB0
:1086E0002C30A9F610E0F701E00FF11F1082AACF9D
:1086F000F60180859185A285B3859E012F5F3F4F4E
:108700002901892B8A2B8B2B09F046C06681778142
:10871000C9010E9418C2882309F454C066246394D6
:10872000712C10E000E0D60113968C9113978615FA
:10873000D0F214966D917C9166197709C2010E945E
:10874000C6795C010097F1F1FC0183858F30D1F58A
:1087500080818F71681236C04701800E911E312CC6
:10876000632DC5010E94F6AF009709F4BCCF0F5FDF
:108770001F4F0034110530F58F37910510F08FE34E
:1087800090E0D4018D934D013394BDE03B12E8CFCE
:10879000EFEF6E1A7E0AC7CF80E2D9011D928A954B
:1087A000E9F780E1898381E08B83868197819887CF
:1087B0008F8380859185A285B3858D8F9E8FAF8FA6
:1087C000B8A3ACCFD7011C9210E000E03BCFA2A829
:1087D000B3A8A114B104C1F3D5019C968C91882350
:1087E00081F182E0D82E10E000E0F50183A58D151F
:1087F00008F479CF40E06D2DC5010E94D67F009727
:1088000001F1DC012C91213CE1F4FC013296D7010D
:10881000A00FB11F8096219131912115310509F4E6
:1088200062CF0F5F1F4F0034110558F42F37310509
:1088300010F02FE330E02D938E179F0761F7D3944C
:10884000D4CFF7011082C0CF4F925F926F927F9288
:108850008F929F92AF92BF92CF92DF92EF92FF9250
:108860000F931F93CF93DF937C01D62ECCEBD4E1F3
:1088700010921D1710921C171092BC1488248A9411
:10888000982C54018092BF149092C014A092C114ED
:10889000B092C2141092EA1610921817109219177B
:1088A00010921A17D0931F17C0931E179093E916B2
:1088B0008093E8169093BE148093BD14662309F448
:1088C000DFC020E040E050E0BA01CE010E9426BAAD
:1088D000009709F4D9C0FC01E254FE4F2481222301
:1088E00009F4D2C020812F7709F03FC28A539E4FEE
:1088F000FC0180809180A280B38020E0B501A401BA
:108900008CEB94E10E9426BAEC01009709F4BCC0FC
:1089100045E050E064E173E003960E947EDD892B20
:1089200009F0B2C0FE01E459FF4F8081893009F09F
:10893000ABC07C9780819181A281B381880D991D04
:10894000AA1DBB1D8093CC169093CD16A093CE1676
:10895000B093CF16349680819181A281B3818093A8
:10896000D0169093D116A093D216B093D316349606
:1089700080819181A281B381880D991DAA1DBB1DA3
:108980008093D4169093D516A093D616B093D7168D
:10899000349680819181A281B3818093D81690937F
:1089A000D916A093DA16B093DB16349680819181A4
:1089B000A281B3818093DC169093DD16A093DE161E
:1089C000B093DF16C359DF4F28812093EB16275F42
:1089D00081E090E0A0E0B0E004C0880F991FAA1FDA
:1089E000BB1F2A95D2F78093E4169093E516A093C7
:1089F000E616B093E7160197A109B1098093E01636
:108A00009093E116A093E216B093E3161092C81665
:108A10001092C9161092CA161092CB1601E010E0FF
:108A200020E030E040E050E0BA018CEB94E10E949D
:108A3000B97C80E48093EA168CEE96E10E945F8018
:108A40001092181710921A176CEB74E18CEE96E1E5
:108A50000E94C47F8823C1F0809181179091821772
:108A6000892B31F48CEB94E19093821780938117DA
:108A70008CEB94E1909332148093311481E022C105
:108A8000812C912C540139CF10921F1710921E1770
:108A90001092C1141092E0148FEF9FEFDC018093CD
:108AA000E3149093E414A093E514B093E6141092A9
:108AB000EC161092ED161092EE168CEB94E190935A
:108AC0001D1780931C17F092BD14E092BC1481E036
:108AD00090E0A0E0B0E08093C5149093C614A093FA
:108AE000C714B093C814F092E214E092E114DD20B0
:108AF00009F447C020E040E050E0BA0180EE94E184
:108B00000E9426BA009709F4D8C0FC01E254FE4F37
:108B10002481222309F4D1C020812F7709F0CDC010
:108B20008A539E4FFC01C080D180E280F38020E018
:108B3000B701A60180EE94E10E9426BAFC01892BC0
:108B400009F4BBC0838594858115924009F0B5C0B6
:108B500020898FEF820F823008F0AFC02093C214BB
:108B600095859093BE148FEF890F8093BF1410E00A
:108B700081E0981751F01F5F193009F4F2C0880F97
:108B8000F8CFC12CD12C7601D2CF1093C014868996
:108B90009789B0E0A0E08093C9149093CA14A09381
:108BA000CB14B093CC14892B8A2B8B2B61F484A12A
:108BB00095A1A6A1B7A18093C9149093CA14A093BC
:108BC000CB14B093CC148685978526013701480EC7
:108BD000591E611C711C4092D1145092D2146092A3
:108BE000D3147092D414C189D289D093C414C09381
:108BF000C3148090C9149090CA14A090CB14B09064
:108C0000CC14A22FB0E0A50194010E941DDC460EF9
:108C1000571E681E791E4092D9145092DA14609241
:108C2000DB147092DC1485E0CC0FDD1F8A95E1F730
:108C3000C150DE4FCD2FDD27C6954C0E5D1E611C49
:108C4000711C4092CD145092CE146092CF14709249
:108C5000D01483899489B0E0A0E00097A105B10504
:108C600021F480A191A1A2A1B3A1C418D508E6085E
:108C7000F7088C0D9D1DAE1DBF1D6C017D0104C04C
:108C8000F694E794D794C7941A95D2F7D701C60102
:108C90000196A11DB11D8093D5149093D614A09375
:108CA000D714B093D81485EFC8168FE0D806E10426
:108CB000F104C8F48CE08093C11410921D17109237
:108CC0001C1780E0DF91CF911F910F91FF90EF90E3
:108CD000DF90CF90BF90AF909F908F907F906F90DC
:108CE0005F904F90089580E125EFC2162FEFD206D6
:108CF000E104F10468F084A595A5A6A5B7A5809325
:108D0000D9149093DA14A093DB14B093DC1480E2AE
:108D10008093C1148092E7149092E814A092E91411
:108D2000B092EA148CEE96E10E94B9BB1092EC1658
:108D30001092EE166CEB74E18CEE96E10E9418C274
:108D4000882309F4BACF80917F1790918017892BDF
:108D500009F08ECE8CEB94E19093801780937F176F
:108D600087CE88E08093C014A8CF10921F1710926E
:108D70001E171092C1141092E0148092E314909286
:108D8000E414A092E514B092E6141092EC1610923E
:108D9000ED161092EE16D0931D17C0931C17F0928B
:108DA000BD14E092BC1481E090E0A0E0B0E08093BC
:108DB000C5149093C614A093C714B093C814F0922E
:108DC000E214E092E11496CE7F928F929F92AF923E
:108DD000BF92CF92DF92EF92FF920F931F93CF93A8
:108DE000DF93CDB7DEB7C051D1400FB6F894DEBFE8
:108DF0000FBECDBF5C01E3E3F4E188E4DF011D9227
:108E00008A95E9F700E081ED882E912C8C0E9D1E4D
:108E1000BCE08B0E911C91E9E92EF12CEC0EFD1EAD
:108E20008CE0E80EF11CCE018F529F4F0E94DA3188
:108E3000CE018F569F4F0E94DA31CE018F529F4F45
:108E40000E941CBC811117C010E0812FC05FDE4F53
:108E50000FB6F894DEBF0FBECDBFDF91CF911F914B
:108E60000F91FF90EF90DF90CF90BF90AF909F90C9
:108E70008F907F900895D12CC12C10E015C0AE01C9
:108E80004F5F5F4FB601CE018F569F4F0E949041BA
:108E9000CE0101960E949D72782E81112DC0C701CE
:108EA0000E94F6BB712E172DB401C7010E9414BF9A
:108EB000882349F0A114B10411F3CA14DB04F8F2B9
:108EC000C7010E94F6BBCE018F529F4F0E946A419C
:108ED000882309F4B9CF112359F188E4FE01E75B37
:108EE000FF4FA3E3B4E101900D928A95E1F788EB7F
:108EF00098E10E94B831A9CFAFEFCA1ADA0A11235C
:108F000049F0BE01675B7F4FCE0101960E944B7214
:108F1000181654F488E4FE013196DE01A75BBF4FBA
:108F200001900D928A95E1F7C7010E94F6BBBBCF75
:108F3000011108C06AE070E080E090E00E94B2B5E4
:108F400001E071CF0130E1F78FEA98E1D2CF6F9263
:108F50007F928F929F92AF92BF92CF92DF92EF92C9
:108F6000FF920F931F93CF93DF93EB0109900020A3
:108F7000E9F72197C61BD70B9E01245031092C39E4
:108F8000310508F055C0260F371FF90120812E3218
:108F900009F04EC08B017C015E01F3E0AF1AB1080D
:108FA000FB01EA0DFB1D80810E94C87D682E8DE4C7
:108FB00068123EC06E01E2E0CE1AD108F801EC0D55
:108FC000FD1D80810E94C87D782EFAE58F1330C088
:108FD0004E0181E0881A9108F801E80DF91D8081A1
:108FE0000E94C87D863421F5AE014F5F5F4FB80106
:108FF000C7010E9465DDF701EA0DFB1D6082F701E4
:10900000EC0DFD1D7082E80CF91C89E4F7018083EA
:1090100081E0DF91CF911F910F91FF90EF90DF9052
:10902000CF90BF90AF909F908F907F906F9008955A
:1090300080E0EFCF2F923F924F925F926F927F929C
:109040008F929F92AF92BF92CF92DF92EF92FF9258
:109050000F931F93CF93DF93CDB7DEB76B970FB608
:10906000F894DEBF0FBECDBF69877A878B879C8758
:1090700029013A01802FC98ADA8AEB8AFC8ABB8EE1
:10908000AA8E0E941D2A082F812F0E941D2AE82FD8
:1090900049855A856B857C85A3E0440F551F661F63
:1090A000771FAA95D1F7441555056605770508F48D
:1090B000F8C0A301920160E070E0CB0149823A83DD
:1090C0006B825C836D837E838F8398870E0F098FFD
:1090D00049A95AA99A0140E050E060E070E080E0C0
:1090E00090E0A0E10E9426DD5401C12CD12CE12C9E
:1090F000F12C00E010E00E941DDDA988BA88CB8821
:10910000DC880E941DDDA980BA80CB80DC800E94B3
:1091100032DD39014A01B62FA72FF82FE92FE98454
:10912000FA840B851C856701780100E010E0980146
:10913000C986DA86EB86FC860D871E872F87388BDB
:109140009601A70160E070E080E090E003E00E94FB
:10915000E7DC59016A017B018C019301A4016B2FAB
:109160007A2F8F2F9E2F0E941DDDA98CB12CC12C30
:10917000D12CE12CF12C00E010E00E9432DD4DA852
:109180005EA86FA878AC1201510163010E9430DC27
:10919000322E832E942E252E2B013C014BA95CA947
:1091A0009A0140E050E060E070E080E090E0A4E0F0
:1091B0000E9426DDCA8CDB8C5601D12CC12CE12CFF
:1091C000F12C8701A98ABA8ACB8ADC8AED8AFE8AC9
:1091D0000F8B188FC12CD12CE12CF12C00E010E06A
:1091E0000E941DDDA980BA80CB80DC800E941DDD3D
:1091F000A984BA84CB84DC840E941DDDA98CB12CA7
:10920000C12CD12C0E941DDDC9ACDAACEBACFCAC9E
:1092100056016701E12CF12C8701A982BA82CB8229
:10922000DC82ED82FE820F831887E12CF12C00E0B6
:1092300010E00E9430DC2056304F4F4F5F4F6F4F91
:109240007F4F8F4F9F4F59016A017B018C01232D66
:10925000382D492D522DB201C3010E941DDDE0E4DD
:10926000AE2EFFE1BF2EC12CD12CE12CF12C00E061
:1092700010E00E948ADCF42FE52F2F3FAFEF3A0772
:109280004A075A07610571058105910561F058F09B
:109290008FEF9FEFDC01EDADFEAD80839183A28364
:1092A000B38380E01DC0C901AF2FBE2FEDADFEAD71
:1092B00040815181628173818A019B0100951095E3
:1092C00020953095081719072A073B0708F3840FE4
:1092D000951FA61FB71F80839183A283B38381E06C
:1092E0006B960FB6F894DEBF0FBECDBFDF91CF9166
:1092F0001F910F91FF90EF90DF90CF90BF90AF90B4
:109300009F908F907F906F905F904F903F902F90A5
:1093100008950E9437470E944C328091D8108823CC
:1093200021F088ED90E10E94F03485E090E0909388
:10933000D7108093D61008950F931F93CF93DF9388
:109340008B01009729F04115510539F4FC01108279
:10935000DF91CF911F910F910895BA01EC01015057
:109360001109A8010E94C0D8C00FD11F1882F0CFE8
:1093700010921D1710921C1710921F1710921E1793
:109380001092211710922017109223171092221773
:1093900080E58093241710922517109226171092BB
:1093A0002717109228171092291710922A17109237
:1093B0002B1710922C178AE280932D1710922E17DC
:1093C00010922F1710923017109231178CE794E1FA
:1093D0000E94DA31E2E3F7E1138212828CE093E03B
:1093E0009183808388E084838FEF858389E08683FF
:1093F00084E0878385E0808786E0818787E08287B5
:109400001386148615861686178681E00C94ECB4B4
:10941000CF93DF93CDB7DEB7CF57D1090FB6F8940E
:10942000DEBF0FBECDBF789484B5826084BD84B5A5
:10943000816084BD85B5826085BD85B5816085BD4F
:1094400080916E00816080936E0010928100809107
:10945000810082608093810080918100816080938F
:109460008100809180008160809380008091B100B4
:1094700084608093B1008091B00081608093B000DF
:109480008091910082608093910080919100816031
:1094900080939100809190008160809390008091F2
:1094A000A10082608093A1008091A10081608093DF
:1094B000A1008091A00081608093A0008091210193
:1094C000826080932101809121018160809321013C
:1094D0008091200181608093200180917A008460D6
:1094E00080937A0080917A00826080937A008091E4
:1094F0007A00816080937A0080917A0080688093FE
:109500007A001092C100E0918317F0918417309790
:1095100011F4E7E8F7E18DB79EB7F0936A17E0938F
:109520006917F0936817E093671721E020936B1792
:109530009F01205F3F4F2817390758F440979093B9
:1095400068178093671725EAE817F90710F4219345
:10955000FBCF4CE955E16CE070E08BE497E10E94B1
:10956000D38D1098089A1092BE0F60E087E10E9498
:1095700075B361E087E10E94B0B41092D0101092F0
:10958000CF101092B0001092B100109270001092A3
:10959000B200249A83E08093B00081E08093B10010
:1095A00080E50E94855810926D1710926C1780917B
:1095B000A310811102C00E948D8B82E00E94ECB446
:1095C0000E945DB48FEF8093340260E086E30E94D6
:1095D000B0B41092CC0F1092CB0F1092CA0F109211
:1095E000C90F0E940BB67093C80F6093C70F1092FB
:1095F000C60F1092C50F1092C40F1092C30F109295
:10960000C20F1092C10F1092C00F1092BF0F0E9494
:109610004D54CE018E589F4F0E94105881119DC00D
:109620000E944D5465E975E180E00E94A88F69E8C9
:1096300075E181E00E94A88F60EB74E080E090E02B
:109640000E94B2B50E944D5460E275E180E00E9434
:10965000A88F64E175E181E00E94A88F68EE73E055
:1096600080E090E00E94B2B50E94E5B5E4969FAF1D
:109670008EAFE497BC0184E895E10E946354E696BE
:109680009FAF8EAFE697E4966EAD7FADE4978DE722
:1096900095E10E946354E8969FAF8EAFE897E496F9
:1096A0006EAD7FADE49788E795E10E946354EA963A
:1096B0009FAF8EAFEA97E4966EAD7FADE49781E7FA
:1096C00095E10E946354EC969FAF8EAFEC97E496C1
:1096D0006EAD7FADE4978CE695E10E946354EE9603
:1096E0009FAF8EAFEE97CE018E589F4F0E941955B7
:1096F0008111CBC060E675E180E00E94A88F62E531
:1097000075E181E00E94A88F68E077E080E090E05A
:109710000E94B2B587EF93E0E4969FAF8EAFE497D7
:1097200086E890E0E6969FAF8EAFE69785E391E0FE
:10973000E8969FAF8EAFE8978FED91E0EA969FAFE6
:109740008EAFEA97EC961FAE1EAEEC978FEC92E0D0
:10975000EE969FAF8EAFEE9717C0CE018E589F4FFB
:109760000E941955882309F45BCF8CE0FE01EE5866
:10977000FF4FA5E3B2E001900D928A95E1F70E94B8
:109780008755049709F44CCF8CE0FE01EE58FF4F4B
:10979000A5E3B2E001900D928A95E1F70E94BF31F6
:1097A00080E00E9401428093AD101092B0101092A0
:1097B000AF101092AE1010924A170E9457940E9458
:1097C00061A710926417109263171092C91010923B
:1097D000C2101092C1101092C4101092C3101092B7
:1097E000CD0F70E060E090E080E00E94E89270E0D1
:1097F00060E081E090E00E94E89263E070E082E047
:1098000090E00E94E89262E070E083E090E00E94C5
:10981000E8921092C8101092C7101092C6101092C1
:10982000C510CE0101960E94B457882309F4E1C007
:109830008981823008F0DDC0EA81E03108F0D9C0CA
:109840009B81923008F0D5C09C81943008F0D1C043
:1098500081708093C910E150EF3008F0ACC2F0E0A5
:109860008827EA5CF3438F4F0C9406DCA3CEAECE80
:10987000B1CEB4CEB7CEC1CEC8CECBCED5CED2CE61
:10988000B1CCB8CCBECE9CCED8CE1C8A1B8A8BE481
:1098900092E3A4E4B3E589839A83AB83BC8381E03C
:1098A00090E09E838D838CE0FE01EE58FF4FDE0139
:1098B000179601900D928A95E1F762E170E0CE0172
:1098C00001960E94EE569C8B8B8B9E012F5F3F4F23
:1098D000790110E000E0A3961FAF0EAFA397D70168
:1098E0006D917D01CE018F599F4F0E946C580F5F83
:1098F0001F4F0431110579F7F999FECFCE018F5929
:109900009F4F0E941058882361F04CE050E0BE0148
:109910006E587F4FCE018F599F4F0E9458DD892B83
:1099200089F065E475E180E00E94A88F6BE375E142
:1099300081E00E94A88F68E077E080E090E00E94DC
:10994000B2B522CF6FE275E180E00E94A88F69E294
:1099500075E181E00E94A88F6CEB72E080E090E0FE
:10996000EECF1092C2101092C11081E090E006C0BC
:109970001092C2101092C11082E090E09093C41037
:109980008093C3108D81853A09F01AC2EE8010923F
:10999000CD0F10E000E0F12CC8010496011102C0C7
:1099A00090E080E09801220F331FB70102C0759547
:1099B00067952A95E2F7637077270E94FD92BC01B4
:1099C000C8010E94E8920F5F1F4F0430110521F774
:1099D0000E9426938B8190E09093C8108093C710CB
:1099E0008C81282F30E0843020F43093C6102093EF
:1099F000C51087E597E10E94CC9210925D171092F6
:109A00006617109265171092CB101092CA10109220
:109A1000CD101092CC101092CE10CE0101960E9463
:109A20005757882311F199818CEF890F833010F0FB
:109A30009130D9F48A818230C0F43B813330A8F46C
:109A40002C81223090F4913009F0BDC184E090E087
:109A50009093CB108093CA10832F90E09093CD10F9
:109A60008093CC1021702093CE108EE597E10E9458
:109A7000488F109262171092D8101092981010927E
:109A800097101092921010929110109290101092C4
:109A90008F1010928E1010929610109295101092B6
:109AA0009410109293100E94502910927C101092E2
:109AB0007B1010927A1010927910109278101092F8
:109AC0007710109276101092281010922710109292
:109AD000231010922410109225101092261010922C
:109AE000D30F1092D40F1092D50F1092D60F109260
:109AF000CF0F1092D00F1092D10F1092D20F109260
:109B0000CE0F1092221010927D100E9406310E94FA
:109B1000A9B31092EB0F1092EA0F1092E90F109276
:109B2000E80F81E0809341021092E70F1092E60F58
:109B30001092E50F1092E40F1092E30F1092E20FD3
:109B40001092E10F1092E00F1092DF0F1092DB0FD6
:109B50001092DC0F1092DD0F1092DE0F1092D70FD3
:109B60001092D80F1092D90F1092DA0F1092DC13C6
:109B70000E942851109221101092DB131092DC13D6
:109B80001092201010921F1090E080E00E94552942
:109B900010921B1010921C1010921D1010921E108B
:109BA00010921710109218101092191010921A108B
:109BB000109213101092141010921510109216108B
:109BC00010920F101092101010921110109212108B
:109BD00010920B1010920C1010920D1010920E108B
:109BE00010920710109208101092091010920A108B
:109BF000109203101092041010920510109206108B
:109C00001092FF0F1092001010920110109202108B
:109C10001092FE0F1092FD0F1092FC0F1092FB0F8E
:109C20001092FA0F1092F90F1092F80F1092F70F8E
:109C30001092F60F1092F50F1092F40F1092F30F8E
:109C40001092F20F1092F10F1092F00F81E090E05D
:109C50009093450280934402909343028093420282
:109C60001092EF0F1092EE0F1092ED0F1092EC0F7A
:109C70000E94522C0E94602C0E94FA4D0E945A9C15
:109C80001092D3101092D2100E944D54E2E7F0E0EF
:109C9000EC0FFD1F3296C258DF4FF983E883CE5791
:109CA000D0400E940BB64B018091D2109091D310FE
:109CB0008130910509F00CC10E94FE6980917017F6
:109CC000909171179401281B390B2530310590F0C4
:109CD00090927117809270170E940356009751F06E
:109CE0008530910538F08730910508F47AC00997DE
:109CF00009F489C00E94FE6980916E1790916F17D8
:109D0000D401A81BB90BAA3FB10560F090926F1760
:109D100080926E17CE0101960E943225CE010196E7
:109D20000E94CB8F0E94FE6980E090E0892B09F4AD
:109D3000B8CF0E940000AACF1092C2101092C1109A
:109D400083E090E01BCE81E090E09093C21080937E
:109D5000C1101092C4101092C31014CE82E090E093
:109D6000F4CF83E090E0F1CF84E090E0EECF85E0A7
:109D700090E09093C2108093C110FECD85E090E0FA
:109D8000E4CF86E090E09093C2108093C110D8CFCA
:109D900086E090E0EECF86E090E09093C210809352
:109DA000C110E3CD87E090E0F8CF87E090E0E1CF0D
:109DB00087E090E0E8CF1092C2101092C110C9CF96
:109DC0000E94589307CE943019F483E090E040CE7F
:109DD000953019F482E090E03BCE91E0892790E045
:109DE00037CE0E94BF5381E00E943D4310929610EF
:109DF0001092951010929410109293100E94502976
:109E00000E944F5477CF8091971090919810892B92
:109E100009F470CF80919510909196108130910542
:109E200059F180F00297D9F10E94BF531092961019
:109E30001092951010929410109293100E94502935
:109E400081E012C080918E1090918F10892B79F44F
:109E50008091931081110BC00E943843811107C07B
:109E600081E08093941080E00E943D4343CF1092A4
:109E700094100E9481683ECF0E94C352882309F447
:109E800039CF1092291081E02091951030919610D1
:109E90002230310509F080E080932A102BCF1092F8
:109EA0002A1080918E1090918F10892B61F48091EF
:109EB0009310811108C00E943843811104C081E0D1
:109EC0008093291017CF109229100E944F5012CF63
:109ED000029709F0B3C00E9477AB80917017909100
:109EE0007117F401E81BF90B359790F190927117F7
:109EF000809270170E940356009751F105978530A4
:109F0000910530F58D5F9C4FDC012C9130E0809104
:109F10009F109091A0102130310509F057C09C018D
:109F2000215031092330310598F48130910529F50C
:109F30000E9427A9882361F080914C0290914D02E4
:109F4000892B31F40E943843811102C00E94859B05
:109F50000E9477AB80916E1790916F17F401E81B08
:109F6000F90BEA3FF10530F090926F1780926E176F
:109F70000E944B980E9477ABD7CE029791F40E9433
:109F8000089B882329F310922B1081E020919F10C9
:109F90003091A0102330310509F080E080932C101F
:109FA000D7CF10922C1080914C0290914D02892BAA
:109FB00041F40E943843811104C081E080932B104A
:109FC000C7CF10922B100E94499AC2CF2230310580
:109FD00019F59C01215031092330310518F40E94F4
:109FE000C8A8B6CF9C01255031092330310518F09F
:109FF000892B09F0ADCF0E94AAA780917310882306
:10A0000031F060916D108DE290E10E9454A50E94A4
:10A010004D540E944F549CCF2330310509F098CF06
:10A020009C01215031092430310518F0079709F0BF
:10A030008FCF0E9466A80E944D548ACF80914A1704
:10A04000882331F00E948755049711F010924A1727
:10A050000E9470310E9470318091A91084FF57C016
:10A060001092AD101092AC101092AB1010927510AF
:10A07000109274101092B0101092AF101092AE1097
:10A0800064EB75E183E394E10E94AED8892B21F063
:10A0900088EA95E10E94639521E730E14AEA50E1C0
:10A0A00060E183E394E10E94C1930E9481948C015A
:10A0B0000E940E940115110539F060E1681B6430AF
:10A0C00008F464E0645079F5109270100E94035611
:10A0D000FC01892B99F12091D2103091D3102115D8
:10A0E000310509F0E8C23197EA30F10538F58827E3
:10A0F000E358FF428F4F0C9406DC9BD0C0D0C2D0F7
:10A10000C6D0C8D003D116D13CD154D1E5D10E94DC
:10A1100070318091A91083FFBFCF877F8093A910F2
:10A120000E948DA7B9CF2EE630E140E750E1C8018B
:10A130000E94C193CBCF80E00E9415A880916E173A
:10A1400090916F179401281B390B2837310508F4BB
:10A15000EBCD90926F1780926E178091D2109091F4
:10A16000D3108230910509F4B6C708F07AC500977C
:10A1700009F49AC5019709F4A4C70E944F54D4CD9D
:10A1800081E0DACF80E00E94B7A7D8CF81E0FBCF93
:10A190000E9477948111D2CF6FE270E080E592E067
:10A1A0000E949BDD8C01009729F40E9457940E9425
:10A1B000AAA7C4CF4FE350E0BC016F5F7F4FCE0131
:10A1C00001960E948CDD21961FAE2197F2E00035AA
:10A1D0001F07B1F410925102109275101092741072
:10A1E000109273100E944C940E94AAA78981882320
:10A1F00009F4A4CF61E0CE0101960E9454A59ECF40
:10A20000D8011C92E9CF0E947794882371F20E94B2
:10A21000FC9310926D1710926C178091A31081110E
:10A2200002C00E948D8B85E090E037C080914A1774
:10A23000811184CF8091AD10811106C081E080939F
:10A240004A170E948DA77ACF80E00E9401428111B7
:10A2500003C01092AD10ABCF81E08093AD100E948F
:10A26000FC938091CA109091CB108430910509F035
:10A2700099C101E010E0A8C180914A1781115ECF19
:10A280008091AD108823D1F280E00E9401428823A2
:10A2900001F30E94FC9384E090E09093D3108093AC
:10A2A000D2100E944D544ACF8091AD10882349F2BC
:10A2B0008091AB109091AC10892B29F48AEE95E136
:10A2C0000E94BA953BCF03E314E180917414882374
:10A2D00019F08CED95E1F4CF80917314882309F483
:10A2E00046C080913314882309F428CFF8010190E7
:10A2F0000020E9F78F01045314410E947794EE2463
:10A30000E394F12C811109C0E0E5F2E00190002016
:10A31000E9F79F0121553240790198012E0D3F1D2B
:10A320008111DDC62F5F3F4F2036310518F080ECDC
:10A3300095E1C6CFA70160E572E0CE0101960E94CB
:10A3400065DDE1E0F0E0EC0FFD1FEE0DFF1D8FE29B
:10A350008083C7010196A8014F5F5F4F63E374E1FB
:10A36000A1E0B0E0AC0FBD1F8A0F9B1FC5C68EECED
:10A3700095E10E94BA950E94FC931092B010109241
:10A38000AF101092AE102090C7103090C8100E94ED
:10A3900063922C01D090C9101092D8108091500275
:10A3A000811118C010929810109297101092961068
:10A3B0001092951010929410109293100E945029B0
:10A3C0000E94BF5381E090E068CF0E94FC9383E03D
:10A3D00090E063CF80913314882321F3E0E5F2E02D
:10A3E00001900020E9F79F01215532407901D80101
:10A3F0000D900020E9F7FD01E453F4413F01F9011C
:10A40000E15BFD4F108181E090E01F3211F490E09C
:10A4100080E09701260D371D820F931F803A91052A
:10A4200008F6A70160E572E088ED90E10E9465DD25
:10A430001F3249F0F701E852FF4E8FE28083970107
:10A440002F5F3F4F7901A3014F5F5F4F63E374E1DB
:10A45000C70188529F4E0E9465DD62E176E183E389
:10A4600094E10E948E30811178C06DE076E183E343
:10A4700094E10E948E30811173C068E076E183E33D
:10A4800094E10E948E3081116EC063E076E183E337
:10A4900094E10E948E30811169C06EEF75E183E313
:10A4A00094E10E948E30811164C069EF75E183E30D
:10A4B00094E10E948E3081115FC064EF75E183E307
:10A4C00094E10E948E30882309F459C087E090E01F
:10A4D0009093981080939710D09292105092911070
:10A4E0004092901030928F1020928E101092961001
:10A4F0001092951010929410109293100E9450296F
:10A5000000919710109198100115110509F458CF7A
:10A51000D0909210E0909010F09091100E94BF5354
:10A5200010927D1088ED90E190937C1080937B10C9
:10A5300010937A1000937910D0927810F0927710DF
:10A54000E09276100E94D05881111CC083E090E008
:10A55000909396108093951035CF81E090E0B8CF1E
:10A5600082E090E0B5CF83E090E0B2CF84E090E06D
:10A57000AFCF85E090E0ACCF86E090E0A9CF90E04F
:10A5800080E0A6CF80918E1090918F10892B39F4A6
:10A5900081E08093941080E00E943D4313CF0E949D
:10A5A000816810CF8330910509F4BCC582309105D4
:10A5B00009F4BBC506E010E064E4462E6CEA562EB2
:10A5C000612C712C892B31F052E2452E56E5552E27
:10A5D000612C712CE090CC10F090CD10D090CE106A
:10A5E0000E945A9C8BE497E19093A2108093A11053
:10A5F000109347020093460240924802509249024B
:10A6000060924A0270924B02F0924D02E0924C022C
:10A61000D0924E0232E0E316F10441F480E00E9451
:10A620003D430E9427A982E090E037CE0630110515
:10A6300021F58BE497E10E94F697882371F180E081
:10A640000E943D4381E090E09093A01080939F1082
:10A6500080914C0290914D02019729F71FB7F89411
:10A6600010929E1010929D1010929C1081E0809389
:10A670009B100E94E7301FBFD6CF0130110529F48F
:10A680008BE497E10E949E71D8CFC801049702978E
:10A6900048F087E196E10E94E02488E791E10E947A
:10A6A000979BC1CF10939A10009399108BE497E178
:10A6B0000E94E671C2CF2330310509F021C13197E4
:10A6C000E930F10508F03ACD8827E659FC428F4F72
:10A6D0000C9406DC73D373D382D382D30FD40FD4FC
:10A6E0009ED09ED08AD380916317815087FD0EC083
:10A6F000853074F4082E000C990B909364178093A6
:10A7000063171CCD809163178F5FF0CF84E0F2CF89
:10A7100080E0F0CF8091631790916417009751F417
:10A720008091C91091E089278093C91081E08093BE
:10A730005D1704CD8130910579F481E090E020919E
:10A74000C7103091C810232B11F090E080E0909357
:10A75000C8108093C710EACF8230910581F40E941F
:10A7600058938091C1109091C210019687709927DB
:10A770009093C2108093C1100E942693D7CF039765
:10A7800009F041C08091C1109091C2100097F9F476
:10A790008091C3109091C410009749F481E090E03B
:10A7A0009093C4108093C3100E945893BFCF813000
:10A7B000910519F482E090E0F3CF029719F483E059
:10A7C00090E0EECF1092C4101092C310EDCF853000
:10A7D000910549F48091C3109091C410892B51F3D5
:10A7E00090E080E0DDCF8630910551F48091C31078
:10A7F0009091C41083309105E9F2029701F7CECF12
:10A80000079791F6F3CF8091C5108F5F843008F0E1
:10A8100080E090E09093C6108093C51087CF809120
:10A820005D17882391F0CE018E589F4F0E94CC92E5
:10A8300046E050E067E577E1CE018E589F4F0E94D9
:10A8400058DD892B29F410925D170E944F5476CC65
:10A850001E861D868CE490E5A4E4B3E589839A8383
:10A86000AB83BC8381E090E09E838D8386E0FE0114
:10A87000EE58FF4FDE01179601900D928A95E1F791
:10A880006CE070E0CE0101960E94EE569E878D87A7
:10A89000DE0111967D0100E210E0A3961FAF0EAF1E
:10A8A000A397F70161917F01CE018F599F4F0E94BD
:10A8B0006C580F5F1F4F0E32110579F7F999FECFD3
:10A8C000CE018F599F4F0E94B457882309F4BDCF02
:10A8D00046E050E0BE016E587F4FCE018F599F4F2A
:10A8E0000E9458DD892B09F0B0CF86E0FE01EE58BA
:10A8F000FF4FA7E5B7E101900D928A95E1F7A3CF4D
:10A900002430310509F0D4C03197E930F10508F061
:10A9100015CC8827E157FB428F4F0C9406DC98D466
:10A9200098D4A7D4A7D4E4D4E4D49ED09ED0AED4F7
:10A9300080916517909166179927029663E070E001
:10A940000E94D0DB9093661780936517F7CB8091B8
:10A9500065179091661799270196F0CF809165173A
:10A9600090916617009791F48091CA109091CB1046
:10A970009927019665E070E00E94D0DB9093CB10A0
:10A980008093CA1081E080936217D8CB0197A9F415
:10A990008091CC109091CD10009749F0019751F41F
:10A9A00082E090E09093CD108093CC10EBCF81E0CB
:10A9B00090E0F8CF90E080E0F5CF8091CE1091E06C
:10A9C00089278093CE10DECF80916217882309F407
:10A9D0003CCFCE018E589F4F0E94488F44E050E0FC
:10A9E0006EE577E1CE018E589F4F0E9458DD892B8E
:10A9F00019F41092621729CF1C861B8683E492E516
:10AA0000A4E4B3E589839A83AB83BC8381E090E0BF
:10AA10009E838D83E6968CAD9DADAEADBFADE697C2
:10AA20008F839887A987BA876AE070E0CE01019684
:10AA30000E94EE569C878B87DE0111967D0100E314
:10AA400010E0A3961FAF0EAFA397F70161917F01AE
:10AA5000CE018F599F4F0E946C580F5F1F4F0C33D0
:10AA6000110579F7F999FECFCE018F599F4F0E94BA
:10AA70005757882309F4E9CE44E050E0BE016E58F0
:10AA80007F4FCE018F599F4F0E9458DD892B09F0CF
:10AA9000DCCEE6968CAD9DADAEADBFADE6978093B6
:10AAA0005E1790935F17A0936017B0936117A1CFC3
:10AAB0002530310509F042CB3197E930F10508F036
:10AAC0003DCB8827E959FA428F4F0C9406DC70D5AC
:10AAD00070D57FD57FD5ACD5ACD59ED09ED087D54F
:10AAE00080916C17815087FD0EC0833074F4082E5E
:10AAF000000C990B90936D1780936C171FCB80916E
:10AB00006C178F5FF0CF82E0F2CF80E0F0CF8091C2
:10AB10006C1790916D17009791F481E090E020916F
:10AB2000CF103091D010232B11F090E080E00E94E4
:10AB3000D35681E08093A8101092D110FFCA0197DC
:10AB400009F0FCCA80914F02843620F4865F0E948F
:10AB50008558EFCF8AE0FBCF8091A810882309F4B5
:10AB600074CEC258DF4FA881B981CE57D0401D9214
:10AB70001C928091CF10E3968FAFE39780914F02A4
:10AB8000E4968FAFE49744E050E064EA70E1CE01D0
:10AB90008E589F4F0E9458DD892B29F41092A810DF
:10ABA0001092D11052CE1C861B8689E593E5A4E451
:10ABB000B3E589839A83AB83BC8381E090E09E8375
:10ABC0008D83E6968CAD9DADAEADBFADE6978F8320
:10ABD0009887A987BA876AE070E0CE0101960E9443
:10ABE000EE569C878B87DE0111967D0100E410E014
:10ABF000A3961FAF0EAFA397F70161917F01CE011E
:10AC00008F599F4F0E946C580F5F1F4F0C341105D6
:10AC100079F7F999FECFCE018F599F4F0E94FA56CE
:10AC2000882361F044E050E0BE016E587F4FCE01B2
:10AC30008F599F4F0E9458DD892B21F081E080932E
:10AC4000D11003CEE6968CAD9DADAEADBFADE6970F
:10AC50008093A4109093A510A093A610B093A71072
:10AC60009DCF8430910509F447C108F4D7C00597FA
:10AC700009F083CA80916C1790916D17009709F0C5
:10AC800077C165E677E180E00E9487938091CF10DD
:10AC90009091D0106BE577E1019711F061E577E1D4
:10ACA00081E00E94879340C80E940BB62091B010AB
:10ACB000222311F12091AE103091AF10621B730B63
:10ACC00077FF1AC080E00E9465B480EB90E10E949B
:10ACD000D5B08091AD10882349F081E00E9465B421
:10ACE00080E696E10E94EF530C9494CE81E00E949E
:10ACF00065B48FE496E1F6CF1092B0108091AD105C
:10AD0000811138C00E9470318091A91084FF13C056
:10AD100043E456E161E170E0CE018F599F4F0E94FC
:10AD2000D38D40E150E060E270E0CE0101960E94D8
:10AD30006EDD198A11C045E356E161E170E0CE0194
:10AD40008F599F4F0E94D38D48E256E161E170E038
:10AD5000CE0101960E94D38DBE016F597F4F80E0D6
:10AD60000E94C08BBE016F5F7F4F81E00E94C08B4D
:10AD70000C9494CE8091AB109091AC10892BB1F4CF
:10AD8000CE018F599F4F0E94969440E150E060E2BF
:10AD900070E0CE0101960E946EDD45E050E062E277
:10ADA00076E1CE0101960E94A5D8C3CFCE018F597E
:10ADB0009F4F0E94969440E150E060E270E0CE0127
:10ADC00001960E946EDD198A80913314882321F246
:10ADD00083E394E1DC010D900020E9F7CD01845379
:10ADE0009441E091AA1081319105B0F020EF280F35
:10ADF0002E1790F0F0E0ED5CFB4EDE01119640E185
:10AE00009F01235334412817390708F0A5CF21911A
:10AE10002D934150A9F7A0CFE0E0ECCF80916317CC
:10AE200090916417009791F462ED76E180E00E94C2
:10AE300087938091C9106EEC76E1811102C069ECB4
:10AE400076E181E00E9487930C9494CE8130910545
:10AE500081F46EEB76E180E00E9487938091C710C9
:10AE60009091C81066EB76E1019759F36FEA76E1AD
:10AE7000E8CF8230910591F467EA76E180E00E94A4
:10AE80008793E091C110E83008F0E0E0F0E0EE0FC9
:10AE9000FF1FEF58F94E65917491D3CF0397E1F4FA
:10AEA00060EA76E180E00E9487938091C1109091E2
:10AEB000C210009731F0059761E876E1039708F03A
:10AEC000C0CFE091C310E43008F0E2E0F0E0EE0F14
:10AED000FF1FEB57F94EDFCF65E976E180E00E9476
:10AEE0008793E091C510E43008F0E0E0F0E0EE0F69
:10AEF000FF1FE357F94ECFCF8091651790916617EA
:10AF00000097B9F48BE097E10E9473B4E091CA1006
:10AF1000F091CB108EED96E1E53038F4FF27EE0F7F
:10AF2000FF1FE052F94E859194910E946C8F0C9412
:10AF300094CE019779F480EF96E10E9473B4E0918A
:10AF4000CC10E33008F0E0E0F0E0EE0FFF1FE65138
:10AF5000F94EE9CF81E097E10E9473B48091CE1061
:10AF6000882319F08EEF96E1E0CF8AEF96E1DDCFEE
:10AF70000197C9F56DE277E180E00E948793909197
:10AF8000D11080914F029923F1F01F928F938CE1A1
:10AF900097E19F938F931F9281E18F93E1E0F0E01F
:10AFA000EC0FFD1FFF93EF930E94F38B0FB6F89405
:10AFB000DEBF0FBECDBFBE016F5F7F4F81E00E943D
:10AFC000C08B0C9494CE1F928F9385E197E19F9351
:10AFD0008F931F9281E18F9381E090E08C0F9D1FF2
:10AFE0009F938F93E1CF65E477E180E00E948793A0
:10AFF00080916B17209183173091841781113BC08A
:10B00000A9012115310511F447E857E18DB79EB725
:10B010004817590708F04FC0841B950B21153105BF
:10B0200011F427E837E14DB75EB72417350708F06C
:10B0300045C0421B530B9F938F935F934F9388E3BD
:10B0400097E19F938F931F9281E18F93E1E0F0E06E
:10B05000EC0FFD1FFF93EF930E94F38BBE016F5F18
:10B060007F4F81E00E94C08B0FB6F894DEBF0FBE09
:10B07000CDBF0C9494CEC9012115310511F487E898
:10B0800097E14091691750916A174817590708F4DA
:10B09000AC0160916717709168174617570758F40D
:10B0A000CA01DC01EC91E53A09F0B6CF01968617AA
:10B0B0009707B8F3B1CF90E080E0B0CF50E040E028
:10B0C000BACFCE0101960E943225CE0101960E9490
:10B0D000CB8F0C9494CE0E944B980C9494CE203637
:10B0E000310508F024C98FE28983A8014F5F5F4FC3
:10B0F00063E374E1CE0102960E9465DD4FE550E006
:10B10000BE016F5F7F4F80E592E00E948CDD109260
:10B11000AF021092751010927410109273100E946A
:10B120004C9445C804E010E04FCA05E010E04CCA5A
:10B13000FB01DC0104C08D910590801921F4415080
:10B140005040C8F7881B990B0895FB01DC0102C031
:10B1500005900D9241505040D8F70895FB01DC0155
:10B160008D91059080190110D9F3990B0895FC0178
:10B1700005900020E9F7809590958E0F9F1F089508
:10B18000FB01DC014150504048F005900D92002039
:10B19000C9F701C01D9241505040E0F708950F9348
:10B1A0001F93CF93DF93CDB7DEB72E970FB6F894EA
:10B1B000DEBF0FBECDBF8C01FA018EE08C831A83F7
:10B1C000098377FF02C060E070E8615071097E83F7
:10B1D0006D83A901BF01CE0101960E9408D94D815E
:10B1E0005E8157FD0AC02F813885421753070CF442
:10B1F0009A01020F131FF80110822E960FB6F894D1
:10B20000DEBF0FBECDBFDF91CF911F910F9108958B
:10B210002F923F924F925F926F927F928F929F9266
:10B22000AF92BF92CF92DF92EF92FF920F931F9354
:10B23000CF93DF9300D000D000D01F921F92CDB7E4
:10B24000DEB77C013B018A01FC01178216828381F3
:10B2500081FFDDC1CE0101965C01F7019381F3010D
:10B2600093FD859193FF81913F01882309F453C198
:10B27000853239F493FD859193FF81913F018532A9
:10B2800029F4B70190E00E9420DBE7CF912C212C1C
:10B29000312CFFE1F31538F08B3211F190F480324C
:10B2A00009F1833229F137FC3CC020ED280F2A3008
:10B2B00050F536FE20C08AE0989E200D1124922E73
:10B2C00006C08D3291F0803371F7689430F8F30145
:10B2D00093FD859193FF81913F018111DACF21C0C8
:10B2E000689431F8689432F8F2CF689433F8EFCF6D
:10B2F000689434F8ECCFEAE02E9E200D1124222E23
:10B30000689435F8E4CF8E3229F436FC04C1689491
:10B3100036F8DDCF8C3619F4689437F8D8CF8836F4
:10B32000B1F2982F9F7D95549330E0F08336A1F1D0
:10B330008337C1F1833509F063C02801F2E04F0E75
:10B34000511CF801C080D180692D70E036FC02C02C
:10B350006FEF7FEFC6010E940ADB4C01689437F85B
:10B3600082010AC00C5F1F4FFFE3F9838824839496
:10B37000912C6501E89437F833FE2DC0522C8114CE
:10B38000910471F5552009F468CFB70180E290E08F
:10B390000E9420DB5A94F6CFF801808189830E5FEA
:10B3A0001F4FE4CF2801F2E04F0E511CF801C0807E
:10B3B000D180692D70E036FC02C06FEF7FEFC601CF
:10B3C0000E9415DB4C018201D5CFB70180E290E0ED
:10B3D0000E9420DB2A942814190409F0B0F7CECF7C
:10B3E000F60137FC859137FE81916F01B70190E03E
:10B3F0000E9420DB51105A94F1E08F1A9108BFCFC0
:10B40000843619F0893609F077C0F80137FE6BC031
:10B4100060817181828193810C5F1F4FF32DFF76D4
:10B420003F2E97FF09C090958095709561957F4F4D
:10B430008F4F9F4F689437F82AE030E0A5010E94B3
:10B4400050DBC82ECA188C2C432C36FE0CC0E89456
:10B4500040F8C91440F434FE05C032FC03C0F32D9B
:10B46000FE7E4F2E892C44FEAAC0FE01EC0DF11D7C
:10B470008081803309F09CC0242D297E422E842DAA
:10B480008870582E43FCAAC040FEA4C09C2C821495
:10B4900018F42C0C922C981844FEA6C0B70180E337
:10B4A00090E00E9420DB42FE09C088E790E041FE68
:10B4B00002C088E590E0B7010E9420DBC91408F4BF
:10B4C0009FC0CA94D12C9FEFC91AD90ACA0CDB1CA1
:10B4D000F60182916F01B70190E00E9420DBAC146D
:10B4E000BD04B1F74FCF60817181072E000C880B2E
:10B4F000990B0E5F1F4F92CFD32CE894D4F82AE01B
:10B5000030E08537E1F1232D297FD22E8F36A9F146
:10B51000F0F4883551F1F701868197812B960FB6AB
:10B52000F894DEBF0FBECDBFDF91CF911F910F9179
:10B53000FF90EF90DF90CF90BF90AF909F908F9053
:10B540007F906F905F904F903F902F90089580373D
:10B5500049F0883701F7D4FE02C06894D2F820E1A0
:10B5600030E00DC06894D4F8F6CF34FE03C0822FCB
:10B570008660D82E20E132E002C028E030E0F801F9
:10B58000D7FE0FC060817181828193810C5F1F4F54
:10B59000A5010E9450DBC82ECA183D2CE89437F84C
:10B5A00052CF6081718190E080E00E5F1F4FF0CF3D
:10B5B00042FC02C0839463CF8394839460CF842D34
:10B5C000867809F45CCFF6CFB70180E290E00E9464
:10B5D00020DB83948214C0F3512C5ECF522C581878
:10B5E000821408F459CFF8CF842D867809F466CFF9
:10B5F0008BE241FE80E247FC8DE2B70190E05CCF38
:10B60000B70180E390E00E9420DB9A9457CF8FEF40
:10B610009FEF84CFFC010590615070400110D8F776
:10B62000809590958E0F9F1F0895FC01615070408A
:10B6300001900110D8F7809590958E0F9F1F089567
:10B640000F931F93CF93DF93182F092FEB018B815B
:10B6500081FD09C01FEF0FEF812F902FDF91CF9158
:10B660001F910F91089582FF14C02E813F818C811C
:10B670009D81281739073CF4E881F981CF010196B3
:10B680009983888310838E819F8101969F838E8307
:10B69000E3CFE885F985812F1995892BA1F3DACFBE
:10B6A000FA01AA27283051F1203181F1E8946F93F3
:10B6B0006E7F6E5F7F4F8F4F9F4FAF4FB1E03ED099
:10B6C000B4E03CD0670F781F891F9A1FA11D680F37
:10B6D000791F8A1F911DA11D6A0F711D811D911D6A
:10B6E000A11D20D009F468943F912AE0269F1124DF
:10B6F0003019305D3193DEF6CF010895462F477043
:10B70000405D4193B3E00FD0C9F7F6CF462F4F709D
:10B71000405D4A3318F0495D31FD4052419302D0FB
:10B72000A9F7EACFB4E0A6959795879577956795A1
:10B73000BA95C9F700976105710508959B01AC01A1
:10B740000A2E06945795479537952795BA95C9F7C8
:10B75000620F731F841F951FA01D0895F999FECFD6
:10B7600092BD81BDF89A992780B50895262FF99941
:10B77000FECF1FBA92BD81BD20BD0FB6F894FA9AD4
:10B78000F99A0FBE01960895991B79E004C0991F9C
:10B79000961708F0961B881F7A95C9F7809508952B
:10B7A000AA1BBB1B51E107C0AA1FBB1FA617B707E7
:10B7B00010F0A61BB70B881F991F5A95A9F7809503
:10B7C0009095BC01CD010895A1E21A2EAA1BBB1BC6
:10B7D000FD010DC0AA1FBB1FEE1FFF1FA217B3075D
:10B7E000E407F50720F0A21BB30BE40BF50B661F73
:10B7F000771F881F991F1A9469F760957095809537
:10B8000090959B01AC01BD01CF010895EE0FFF1F84
:10B81000881F8BBF0790F691E02D1994A29FB0016D
:10B82000B39FC001A39F700D811D1124911DB29F74
:10B83000700D811D1124911D08950E940EDCA59F9D
:10B84000900DB49F900DA49F800D911D112408951B
:10B85000B7FF0C941DDC0E941DDC821B930B089526
:10B86000DF93CF931F930F939A9DF02D219FF00D9F
:10B870008B9DF00D8A9DE02DF10D039FF00D029F31
:10B88000E00DF11D4E9DE00DF11D5E9DF00D4F9DF3
:10B89000F00D7F936F93BF92AF925F934F93D5015B
:10B8A0000E940EDC8B01AC01D7010E940EDCEB0183
:10B8B000E80FF91FD6010E947FDC2F913F91D6013E
:10B8C0000E940EDCC60FD71FE81FF91FAF91BF9172
:10B8D0000E947FDC2F913F910E940EDCC60FD71F84
:10B8E000E81FF91FD6010E940EDCE60FF71F980132
:10B8F000BE01CF010F911F91CF91DF9108950E945A
:10B900000EDC460F571FC81FD91F08F43196089543
:10B91000689401C0E8948F929F92CF93DF930E9426
:10B9200096DCDF91CF919F908F9008958824992481
:10B93000F401E401B0E49F93AA279A158B049C04B8
:10B94000ED05FE05CF05D007A10798F4AD2FDC2F3C
:10B95000CF2FFE2FE92D982C892E982F872F762F09
:10B96000652F542F432F322F2227B85031F7BF9124
:10B9700027C01B2EBF91BB27220F331F441F551F0B
:10B98000661F771F881F991F881C991CEE1FFF1FB9
:10B99000CC1FDD1FAA1FBB1F8A149B04EC05FD05ED
:10B9A000CE05DF05A007B10748F08A189B08EC090F
:10B9B000FD09CE09DF09A00BB10B21601A94E1F655
:10B9C0002EF49401AF01BE01CD01000C0895002EAC
:10B9D000083090F0982F872F762F652F542F432F04
:10B9E000322F22270850F4CF220F331F441F551F38
:10B9F000661F771F881F991F0A95B2F7002D0895BB
:10BA000097FD1094002E083098F00850232F342F03
:10BA1000452F562F672F782F892F912DF4CF15940E
:10BA20009795879577956795579547953795279576
:10BA30000A95AAF71124002D08952A0D3B1D4C1DCF
:10BA40005D1D6E1D7F1D801F911F08950024A7FDA1
:10BA500000942A0F301D401D501D601D701D801D5B
:10BA6000901D08952A193B094C095D096E097F094B
:10BA7000800B910B08952A153B054C055D056E055D
:10BA80007F058007910708950024A7FD00942A17D9
:10BA90003005400550056005700580059005089546
:10BAA0009111089581568A5108F48052855808955D
:10BAB000FB01DC0104C08D910190801921F44150FB
:10BAC0005040C8F7881B990B0895FB01DC0102C0A8
:10BAD00001900D9241505040D8F70895DC0101C00B
:10BAE0006D9341505040E0F70895FB01DC018D91CA
:10BAF000019080190110D9F3990B0895FB01DC0125
:10BB00004150504030F08D910190801919F400207F
:10BB1000B9F7881B990B0895FB01DC014150504097
:10BB200048F001900D920020C9F701C01D924150CC
:10BB30005040E0F70895FC0181E090E00190061686
:10BB400009F4CF010020D1F701970895F894FFCFB1
:10BB5000A00FA00F401F401F0214281428C818C8A7
:10BB600018010101010001000100010001000101B3
:10BB70000100010001008001029C31649B0008016A
:10BB800000010001FFF70386003501DF010000CF4F
:10BB9000020101000100060044AC0000000000505A
:10BBA0002F00000000000000000000000000000066
:10BBB0000000000000000000000000000000000085
:10BBC0000000000000000000000000000000000075
:10BBD0000000000000000000000000000000000065
:10BBE0000000000000000000000000000000000055
:10BBF0000000000000000000000000000000000045
:10BC000046261109A30B451E220FC51D0D070D0960
:10BC10008B17C50B84190B06C2072E14170A6F1554
:10BC200014058406F4107A0805070906080A0000BE
:10BC30000000842081204D15B81AD714121A2A1A30
:10BC400008090A0B0C000000000D03040506070993
:10BC5000000000020300000100000000AAB483B04D
:0ABC60004D15B0B0455846415400A0
:00000001FF
