:100000000C94F70D0C94280E0C94280E0C94280ECA
:100010000C94280E0C94280E0C94280E0C94280E88
:100020000C94280E0C94280E0C949D560C94280EBB
:100030000C94280E0C94280E0C94280E0C94280E68
:100040000C94280E0C94FA5A0C94280E0C94280E3A
:100050000C94280E0C94280E0C94280E0C947DCB36
:100060000C94280E0C94280E0C94280E0C94280E38
:100070000C94280E0C94280E0C94280E0C94280E28
:100080000C94C25B0C94FC580C94280E0C945D5894
:100090000C94280E0C94280E0C94280E0C94280E08
:1000A0000C94280E0C94280E0C94280E0C94280EF8
:1000B0000C94280E0C94280E0C94280E0C94995530
:1000C0000C94280E0C94280E0C94280E0C94280ED8
:1000D0000C94280E0C94280E0C94280E0C94280EC8
:1000E0000C94280E0C9454C20C94F1110C9485318C
:1000F0000C941DDF0C9410DD0C94DEE40C9447DFAF
:100100000C94A71F0C940E1A0C9435200C943712E3
:100110000C94DE2C0C949B290C94B3AA0C9401290A
:100120000C947DA20C947BE60C943ADF0C940FDFC8
:100130000C94394E0C94FA110C948C4D0C94E2E111
:100140000C94E4E10C942ADF0C9437DF0C94404EBD
:100150000C945DE40C9492A20C940D180C94ADA137
:100160000C946FC20C948F1F0C947AA20C945EE2D4
:100170000C94D1290C94EA2C0C9410DA0C94D71717
:100180000C943FE60C94E12C0C9476E20C94625AA9
:100190000C94BAAB0C9417DD0C9486110C941A18BD
:1001A0000C94B5290C94B4A20C94C0E10C94E42CEA
:1001B0000C94F32C0C944EE60C944CC20C9494A129
:1001C0000C9497310C942F180C9463DF0C94464ECA
:1001D0000C947DC20C940B260C9481A10C94771185
:1001E0000C9494310C9494C70C948B310C94C011E2
:1001F0000C94A8A10C948E310C94854D0C9403ABF7
:100200000C948BC20C94F5270C9487C20C94B411F7
:100210000C94CC590C94F2590C947F310C94F41139
:100220000C9467E50C9448C20C94BD110C943112E7
:100230000C9423DF0C9460DF0C94A9A20C9460A2B0
:100240000C9485DF0C94105A0C94B7110C9413285D
:100250000C94FC170C94BA110C94F7110C9488C7E9
:100260000C94CB110C9487DF0C94FD590C942DDF6A
:100270000C9457C20C949EA10C94A9180C949E5AED
:100280000C9475290C9470280C942C4E0C94B7A1E6
:100290000C9431290C94EB110C943F120C9488317E
:1002A0000C9446E40C946BC20C94C3110C94CE18BD
:1002B0000C94B1110C9477AB0C94841A0C9441DF1C
:1002C0000C945DC20C9438E20C94934D0C9467C26C
:1002D0000C940BE30C94DB270C948EC70C941ADF60
:1002E0000C941F2A0C94602A0C949A310C942DA122
:1002F0000C94B8C20C94EAE10C94FD110C942E12EB
:100300000C9497C70C9471C90C9475C20C949D31D0
:100310000C94E72C0C948CA20C94B3E50C9444DF61
:100320000C94C1590C9479C20C9491310C94911194
:100330000C9420DF0C94BDE10C9425E20C94EB1896
:100340000C94DFDF0C942B120C9499A10C9476E59D
:100350000C9425120C9480110C94EE110C94CDAADF
:100360000C9405120C9461C20C9442C20C947A1144
:100370000C9430DF0C949BA20C9483C20C940E2638
:100380000C94A3A10C9455E40C9408DF0C948FA258
:100390000C948BC70C94E8E10C941B5A0C948311B9
:1003A0000C947DE50C9456E60C9480C70C9491C790
:1003B0000C947D110C945A280C94B2A10C9482C216
:1003C0000C9489110C94334E0C946F180C943412C5
:1003D0000C9450C20C94CAAB0C9428120C94A12813
:1003E0000C946D2C0C9439AB54494D45522041521C
:1003F00047004241442054494D455200554E444522
:100400005252554E00424144205741560042414409
:1004100020524154450038424954204F4E4C590017
:100420004D4F4E4F204F4E4C590050434D204F4E94
:100430004C59004E4F2044415441004E4F20464DF0
:1004400054004241442052494646004E4F542057E2
:10045000415645004E4F54205249464600494F20D0
:100460004552524F52004F50454E204552524F5226
:100470000042414420415247004F4B004F4B005334
:10048000442043415244204552524F5200494E535A
:100490004552542043415244004E4F5420494E4946
:1004A000540053442043415244204552524F52007D
:1004B0004E414D4520544F4F204C4F4E470046492A
:1004C0004C45204F50454E204641494C0042414446
:1004D00020504154480046494C4520435245415420
:1004E00045204641494C0042414420504154480077
:1004F0004E4F5420444952004D4B444952204641EE
:10050000494C00444952204641494C004E4F54202A
:10051000444952004E4F5420444952004241442025
:100520004449524543544F525900524543204E418D
:100530004D45532046554C4C0044495220464149B4
:100540004C0046494C452052454144204641494CC7
:100550000046494C452052454144204641494C0003
:10056000424144204152470046494C452057524998
:100570005445204641494C004241442041524700E5
:10058000505245414C4C4F43204641494C0046494E
:100590004C45205452554E43204641494C00464953
:1005A0004C452053594E43204641494C0046494C46
:1005B00045205345454B204641494C0046494C4552
:1005C0002052454D4F56452045525200424144204D
:1005D000504154480052454E414D45204641494CFA
:1005E0000046494C45204558495354530042414424
:1005F0002052454E414D45002E544150002E57414A
:1006000056002E4C3136002E4C4550002E4D3132C6
:10061000002E4D5A54002E4D5A4600002020202016
:1006200020202020202020200020202020202020EA
:1006300020202020202020202020202021222324B0
:1006400025262728292A2B2C2D2E2F3031323334E2
:1006500035363738393A3B3C3D3E3F4041424344D2
:1006600045464748494A4B4C4D4E4F5051525354C2
:1006700055565758595A5B5C5D5E5F2020202020FC
:10068000202020202020202020202020202020206A
:10069000202020202020202020202020202020205A
:1006A0002020202020202020202020202065202005
:1006B000207467682062786472706371617A7773FE
:1006C0007569204F6B66762075426A6E20556D20E5
:1006D00020206F6C416F6120792020202020202075
:1006E000202020202020202020202020202020200A
:1006F00020202020202020202020202020202020FA
:1007000020202020202020202020202020202020E9
:100710002020202020202020202020313A320031AB
:100720003A3300313A3100544300313A3200313A21
:100730003300313A3400313A3100494300313A3321
:1007400000313A31004D5A37303000313A340031FF
:100750003A3300313A3200313A31004E4F524D4176
:100760004C00554C5F4D5A37303000554C5F4D5A58
:1007700038303000554C00574149542E2E2E00522F
:10078000454C4541534520414C4C004144433A259A
:100790003475005741495420494E50555400505229
:1007A00045535320252D3130730045444745205291
:1007B0004541440045444745204649464F00554C75
:1007C0002057414954003E08D3CEE5210000D3E430
:1007D0007ED3E077237CFE1020F43A4BD4324B0AD0
:1007E0003A4CD4321205214DD4110211010D00ED05
:1007F000B0E17CFED428122A0411D921001222046F
:1008000011CD2A00D3E4C39AE9CD2A00D3E4C3244E
:1008100001000000000000000000000000000000D7
:100820003E08D3CECD3E07360197575FCD0803CDA6
:10083000BE02D3E21AD3E01213CB6228F53EC332D4
:100840001F06215C112220062A08117D3212057C28
:10085000324B0A2A0A11220211CDF80401CF06ED0B
:1008600071D3E2DAAAE9210A11C308EDC53A1011E1
:10087000EE0C32101101CF06ED79C1C9313938378C
:100880001102E0F31AE62028FB137B121B0100047F
:100890001ACB6728FBE620B1074F7B13121B1ACB3C
:1008A0006720FBE620B1074F137B121B10E2712378
:1008B000D90B79B0D920D64F04D9C31102E0F31A6D
:1008C000E62028FB137B121BC50100041ACB672806
:1008D000FBE620B1074F7B13121B1ACB6720FBE608
:1008E00020B1074F137B121B10E271C10B2379B0AB
:1008F00020D60601D9C31102E0DD2103E0AF3D207F
:10090000FDF31AE62028FBDD360003C50100041ABA
:10091000CB6728FBE620B1074FDD3600021ACB6714
:1009200020FBE620B1074FDD36000310E271C10B5A
:100930002379B020D600E1E93E08D3CE1102E0DDF4
:100940002103E0AF3D20FDF31AE62028FBDD360051
:1009500003C50100041ACB6728FBE620B1074FDD71
:100960003600021ACB6720FBE620B1074FDD3600C8
:100970000310E271C10B2379B020D6010001D9E147
:10098000E93E08D3CECD3E07360197575FCD080329
:10099000CDBE02D3E21AD3E01213CB6228F53E0893
:1009A000D3E01102E0F37B13121B1AE62028FB139D
:1009B0007B121B0100041ACB6728FBE620B1074F0E
:1009C0007B13121B1ACB6720FBE620B1074F137B6A
:1009D000121B10E27123D90B79B0D920D64F04D95C
:1009E000C3554C205345454B00554C205345454B72
:1009F00000554C20415247004D5A462053484F5213
:100A000054004D5A462052454144004D5A46204616
:100A100049464F004D5A46204C454E475448004DDC
:100A20005A542053484F5254004D5A542052454175
:100A300044004D5A5420484541444552004D5A46C1
:100A40002053484F5254004D5A46205245414400CD
:100A50004D5A46204C454E475448004D5A54205359
:100A6000484F5254004D5A542052454144004D5A6B
:100A70005420484541444552000000000007DF0E65
:100A8000F70F521D6A1EF82A00007C150000282866
:100A90001414020000000001000000071A07B40847
:100AA000A90E4410F82A00007C1500002828141410
:100AB000020000000002000000077F05CA07FF0ACD
:100AC000F90DF82A00007C150000282814140200F3
:100AD0000000000300010007000F8010001DE01E51
:100AE000F82A00007C1500002828141402000000D9
:100AF00000040004000900050005000A000AF82AA5
:100B000000007C15000028281414020000000005D5
:100B10000002000FD0045507DA093A0BF82A00004A
:100B20007C150000282814140200000000060002B2
:100B3000000F7F05CA07FF0AF90DF82A00007C158F
:100B40000000282814140200000000070002000F13
:100B50001A07B408A90E4410F82A00007C150000FA
:100B6000282814140200000000080003000F970654
:100B70008906200D200DF82A00007C150000282889
:100B800014140200000000090003000FDD08CF0864
:100B9000AC11AC11F82A00007C15000028281414B0
:100BA00002000000000A00000007D0045507DA091F
:100BB0003A0BF82A00007C150000282814140200C3
:100BC0000000000B0002000FA90E7E10521DED1E4A
:100BD000F82A00007C1500002828141402000000E8
:100BE000000C0003000FAF0FA00F4F1F4F1FF82A7C
:100BF00000007C1500002828141402000000005496
:100C0000555242205345454B004D5A5420534545BB
:100C10004B004D5A542052454F50454E00524543CB
:100C20004F5244005B96A59D9AB75D004C445220FC
:100C3000424C4F434B004D5A54205345454B004DB9
:100C40005A462054494D45004D5A542054494D456B
:100C5000004C445220484541444552004D5A5420CE
:100C60005345454B004D5A4620535441544500507E
:100C7000574D2050495045004D5A46205354415439
:100C800045004D5A3720524546494C4C004D5A4676
:100C900020554E4445520042414420534553534948
:100CA0004F4E004544474520464952535400494E53
:100CB0005345525420434152440054415020464928
:100CC000464F00554E44455252554E005441502017
:100CD0004649464F004D5A46205354415254005500
:100CE0004C205354415254004D5A37205345454BE4
:100CF000004D5A54205345454B00554C3720414335
:100D00004B00554C372041524D00554C2053484F15
:100D1000525400554C205245414400554C205741F7
:100D2000495400554C2053484F525400554C2052C2
:100D300045414400554C20415247004D5A372052FE
:100D40004546494C4C004D5A46205354415254009C
:100D50004D5A4620535441525400504C415920455D
:100D600052524F5200FC03F203E80354494D4552DE
:100D700000000000001000800000AA00389B71797C
:100D800004710466045D0454044B0442043B0433C0
:100D9000042A04200416040D040504574156204576
:100DA00052524F52004E4F2057415620494E464F07
:100DB00000454D5054592057415600454D50545907
:100DC00020454447450045444745204F50454E0087
:100DD000454447452041524700535045454400543F
:100DE000595045004D5A54205345454B004D5A54D7
:100DF000205245434F5244004D5A5420464F524DC5
:100E00004154004D5A54205345454B004D5A5420EF
:100E1000434F554E54004D5A542048454144455285
:100E2000004D5A54205345454B004D5A46205345DA
:100E3000454B004D5A46205345454B004D5A4620E0
:100E400053484F5254004D5A46204F50454E004D86
:100E50005A462041524700544150205245414400D7
:100E600054415020464C4147005441502054525563
:100E70004E4300544150204C454E47544800544185
:100E800050205245414400544150204C454E475457
:100E90004800454D50545920544150005441502071
:100EA0004F50454E0054415020415247004241446A
:100EB00020464F524D415400544150205452554EFB
:100EC0004300544150205245414400544150204673
:100ED00049464F005441502052454144005441502E
:100EE000205452554E4300544150204649464F002D
:100EF00054415020464C41470054415020545255D3
:100F00004E4300544150204C454E475448005441F4
:100F100050204C454E4754480054415020524541C2
:100F20004400544150204649464F0045444745201F
:100F30004552524F52005041544820544F4F204C7C
:100F40004F4E470025732F524543253034752E4CA4
:100F500045500025732F524543253034752E4C31B2
:100F600036004544474520575249544500535441A3
:100F70004745204552524F520042414420544F4B66
:100F8000454E005041544348205752495445005063
:100F900041544348204C4F53540042414420544F45
:100FA0004B454E0042414420544F4B454E00424178
:100FB0004420544F4B454E005041544820544F4F0D
:100FC000204C4F4E470025732F5245432530347532
:100FD0002E4D5A46004D5A46205752495445004D11
:100FE0005A4620434845434B53554D004D5A4620E1
:100FF000434845434B53554D0054432043484543D4
:101000004B53554D005443204C4F414445520054DE
:101010005950453D54430A53504545443D313A31BA
:101020000A00545950453D49430A53504545443DF3
:10103000313A310A00545950453D4E4F524D414CC2
:101040000A53504545443D313A340A0054595045FD
:101050003D4D5A3730300A53504545443D313A31C1
:101060000A00545950453D4E4F524D414C0A535081
:101070004545443D313A330A00545950453D4E4FA1
:10108000524D414C0A53504545443D313A320A00D5
:10109000545950453D54430A53504545443D313A17
:1010A000320A00545950453D54430A535045454473
:1010B0003D313A330A00545950453D49430A535093
:1010C0004545443D313A320A00545950453D494363
:1010D0000A53504545443D313A330A00545950456E
:1010E0003D49430A53504545443D313A340A005482
:1010F0005950453D4D5A3730300A53504545443DCF
:10110000313A330A00545950453D554C5F4D5A37DA
:1011100030300A00545950453D554C5F4D5A3830D7
:10112000300A00545950453D554C0A005459504519
:101130003D4E4F524D414C0A53504545443D313A86
:10114000310A004552520050415500504C5900524E
:1011500044590054433100494331004E3134004D6D
:101160003731004E3133004E313200544332005497
:101170004333004943320049433300494334004D6F
:10118000373300554C3700554C3800554C0054430C
:1011900020313A3100494320313A31004E524C203F
:1011A000313A34004D5A3720313A31004E524C20FA
:1011B000313A33004E524C20313A32005443203100
:1011C0003A3200544320313A3300494320313A3215
:1011D00000494320313A3300494320313A34004D2D
:1011E0005A3720313A33004E524C20313A310043C5
:1011F000504D20313A340043504D20313A330043B2
:10120000504D20313A320043504D20313A31005395
:10121000494E20313A340053494E20313A3300537D
:10122000494E20313A320053494E20313A31005272
:101230004543204552524F52004D5A462053544187
:10124000525400505245414C4C4F43204641494C6A
:10125000004D5A46204352454154450053442043D3
:10126000415244204552524F520045444745205375
:101270005441525400505245414C4C4F432046413A
:10128000494C00454447452043524541544500538D
:10129000442043415244204552524F52005245434C
:1012A0002054494D45522045525200505245414C20
:1012B0004C4F43204641494C00574156204352452C
:1012C000415445204552520042414420524543205A
:1012D0005241544500534420434152442045525208
:1012E0004F520052454320464F524D415400524503
:1012F00043205041555345005245432052455355D4
:101300004D450025732F25735F253032752E4C45D2
:10131000500025732F25735F253032752E4D5A46A8
:101320000025732F25735F253032752E4C31360022
:1013300025732F25735F253032752E5741560025B2
:10134000732F25732E4C45500025732F25732E4D7A
:101350005A460025732F25732E4C31360025732FE6
:1013600025732E5741560057415620434C4F534545
:101370002045525200574156205041442045525278
:10138000005441494C20575249544520455252007F
:10139000524543204F564552464C4F57004544470F
:1013A0004520434C4F53450045444745204F564543
:1013B00052464C4F57002C110000231114110511F7
:1013C000EF10DC10C910B610A31090107910621045
:1013D0004C10351022100F104D5A4620434C4F53DD
:1013E00045004D5A46205752495445004D5A462013
:1013F000494E434F4D504C455445004D5A462044AC
:1014000045434F4445004D5A46205345454B004DFA
:101410005A46204F564552464C4F57004544474583
:10142000204F564552464C4F570050415448205487
:101430004F4F204C4F4E470025732F5245432530C8
:1014400034752E5741560057415620484541444572
:1014500052204552520057415620544F4F20424986
:101460004700574156205752495445204552520093
:10147000414E414C5953495320515545554500441F
:101480004952204641494C004E4F20454E54525936
:10149000004F4B0053442043415244204552524F89
:1014A0005200494E53455254204341524400454D49
:1014B000505459004E4F20454E5452590053442029
:1014C000494E4954004E4F20454E54525900424116
:1014D0004420415247004E4F20454E545259004E31
:1014E0004F20454E545259002E2E2F004F114B11B4
:1014F00047114311504C41004E313100484C4800D7
:10150000554C004633480046334C00544300494391
:101510000049434C005537480055374C00484C4C67
:10152000004E4C48004E4C4C00257320253032753F
:101530003A253032752F253032753A253032750014
:1015400025732020202020202020253033752525BC
:101550002000257320252D337320202020253033B3
:101560007525252000504155534544004D414E20DE
:10157000252D347320253032753A253032750053CD
:10158000454C20252D347320253032753A253032D4
:1015900075004D544920252D347320253032753A7D
:1015A00025303275004D414E20252D3473202D2DD0
:1015B0003A2D2D0053454C20252D3473202D2D3AE6
:1015C0002D2D004D544920252D3473202D2D3A2DDD
:1015D0002D00554E535550504F52544544004552DE
:1015E0005220252E31327300554E4B4E4F574E0030
:1015F000E7110000000000000000DF11D811D11138
:10160000CA11C311BC11B411AC11A4119C119511D4
:101610008E11000027121F1217120F120712FF114E
:10162000F711EF1132326B0034346B005245430036
:101630005356442000524543204552524F520052C7
:1016400045432043414E43454C4C45440046494C9C
:10165000452044454C4554454400504C4541534574
:101660002057414954005741495400534156494E6F
:10167000472000504155202530326C753A253032D4
:101680006C7500524543202530326C753A25303256
:101690006C750050415553454420202020202020C7
:1016A00020204D0057414954205349474E414C009A
:1016B0002054430020494300204D5A373030002049
:1016C000554C204D5A3730300020554C204D5A385B
:1016D00030300020554C00204155544F00204E4FD3
:1016E000524D414C0020313A340020313A33002031
:1016F000313A320020313A31002032353030204248
:1017000064002032313030204264002031383030E3
:10171000204264002031343030204264004D5A466B
:10172000004C45502035307573004C313620313631
:101730007573005741562032326B487A0057415634
:101740002034346B487A004D414E55414C00415590
:10175000544F004D4F544F520052454C4541534554
:1017600020414C4C0043414C204E4F4E45005341CC
:101770005645440043414C4942524154494F4E0062
:101780004E4F5420534156454400454550524F4D0D
:10179000204552524F52005553494E47204445462A
:1017A00041554C540043414C20494E56414C49440C
:1017B00000504C4159005245434F52440053544F3E
:1017C0005000524557494E44004646574400434155
:1017D0004C4942524154494F4E004B4559504144A7
:1017E000002F5245434F5244494E475300494E53F0
:1017F000455254204341524400494E5345525420CF
:1018000043415244005041544820544F4F204C4FC4
:101810004E470046494C452053454C4543544544AA
:10182000004E414D4520544F4F204C4F4E470045F0
:101830004D505459204449520052454320464F527E
:101840004D415400454D505459005245434F524468
:101850003D5245545259005344204341524420457F
:1018600052524F5200494E53455254204341524424
:10187000005245434F52443D524554525920202076
:101880002000202020202020202020202020202078
:10189000202000DD16D716D316C916BF16B816B409
:1018A00016B016202D2D00F416EF16EA16E51614C4
:1018B000170B170217F9163E544150205350454557
:1018C00044003E5350454544003E4C4F4144455230
:1018D00000204D4F544F5200204D414E55414C0079
:1018E0003E504C4159204354524C00204F46460034
:1018F000204F4E003E57415620494E564552540007
:101900003F003D1733172A1721171D1753174E177E
:1019100047173E524543204D4F4445004F46460031
:101920004F4E003E4155544F4E414D45003E5245AD
:101930004320545950450020253375252500253373
:1019400075252520454550524F4D20455252003EA9
:101950004241434B4C494748540052414D20257564
:10196000204D494E25750041424F55542076312E69
:10197000300020494E5445524E414C0020455854A9
:1019800045524E414C003E434D5420534F55524317
:10199000450000002100240027002A002D0030000F
:1019A000330001010000040107010A0100002200C8
:1019B000250028002B002E00310034000201000019
:1019C000050108010B014D5A46204552524F520065
:1019D000F0F0F0F3F0F5F0F0F0F0F0F0F0F0F0F0FF
:1019E000F0C1C2C3C4C5C6F0F0F0F0F0F0F0F0F002
:1019F000006162636465666768696B6A2F2A2E2DD1
:101A0000202122232425262728294F2C512B5749D2
:101A1000550102030405060708090A0B0C0D0E0FF9
:101A2000101112131415161718191A52595450453B
:101A3000C7C8C9CACBCCCDCECFDFE7E8E9EAECED29
:101A4000D0D1D2D3D4D5D6D7D8D9DADBDCDDDEC03D
:101A500080BD9DB1B5B9B49EB2B6BABE9FB3B7BB97
:101A6000BFA385A4A5A69487889C8298849290831E
:101A700091819A97939589A1AF8B8696A2ABAA8AFA
:101A80008EB0AD8DA7A8A98F8CAEAC9BA099BCB829
:101A9000403B3A703C715A3D43563F1E4A1C5D3EE6
:101AA0005C1F5F5E377B7F367A7E334B4C1D6C5BF1
:101AB0007841353474303875394D6F6E32777672BF
:101AC00073477C53314E6D48467D441B58794260C4
:101AD00053504545443D00545950453D00524543FF
:101AE0004F52443D004E4F20454E545259004449F8
:101AF00052204641494C004E4F5420444952000068
:101B00000020002300260029002C002F00320000B6
:101B10000100000301060109010505050507050887
:101B2000080808020202020A0A0808040404040160
:101B30000101010101010103030303030303030482
:101B40000707070C0C0C0C0C0C0C0C020202020612
:101B5000060606060606060B0B0B0B0B0B0B0B0102
:101B600002102020080810204010204080020102AE
:101B70000108040201010204081020408080402076
:101B800010080402018004020180402010080402B1
:101B9000010804020101020408102040800102042F
:101BA000081020408000000A0B02090C0D0E0807E7
:101BB000030401000000000000000000000000001D
:101BC0000000000000000000000000000000000015
:101BD00000121110000000000000000000000000D2
:101BE00000000000000000000000000010DA1124D6
:101BF0001FBECFEFD1E2DEBFCDBF00E00CBF13E0D0
:101C0000A0E0B2E0EEE7FDED01E00BBF02C00790FF
:101C10000D92AE34B107D9F727E1AEE4B3E001C0CD
:101C20001D92AF3DB207E1F71DE0C7EFDDE000E038
:101C300006C021970109802FFE010E94E0ECC63FFB
:101C4000D10780E00807A9F70E9460DA0C94BDEE86
:101C50000C9400008091910491E089278093910475
:101C6000109292041092670410926604109262041B
:101C7000109263041092640410926504109261043F
:101C80001092600410925F0410925E0410925D0442
:101C900008958F929F92AF92BF92CF92DF92EF9270
:101CA000FF92CF93DF9390919704292F30E0F901B1
:101CB000E056FB4F4081411165C0A901440F551FFB
:101CC000DA01A05FB24FCD91DC91119780909C0416
:101CD00090909D04A0909E04B0909F0475016401B3
:101CE0006FEFC61AD60AE60AF60ABE016F5F7F4F8B
:101CF0002097F9F4220F331F220F331FF901E65901
:101D0000FB4F80829182A282B38291113DC021E07B
:101D100030E03093110D2093100D8093C011C092CC
:101D20009C04D0929D04E0929E04F0929F0481E076
:101D30001EC020EC31E1992311F020EC3FE0405F20
:101D4000524FDA016D937C93C20FD31F8883C092E8
:101D50009C04D0929D04E0929E04F0929F0481E046
:101D60006115724021F48083982790939704DF9146
:101D7000CF91FF90EF90DF90CF90BF90AF909F906A
:101D80008F90089580E0F3CF21E030E02D933C93D5
:101D90008093C00FC4CF20912A0230912B0282176A
:101DA000930710F090E080E0109220011092210142
:101DB00020912A0230912B022150310930932901C0
:101DC00020932801909325018093240182E08ABB0F
:101DD00080917300826080937300809129028860F3
:101DE000809321010895209155043091560440912B
:101DF0005504509156046091570470915804461B45
:101E0000570B4F3F574069F0F901F770E551FB4F11
:101E100080832F5F3F4F309356042093550481E019
:101E2000089580E0089580915404882349F08295B4
:101E3000807F0E94F30E882321F0109254040895AD
:101E400081E0089582E08ABB0E94130F811102C0D5
:101E500080E0089582E00E94F30E8823C9F391E0A8
:101E6000909359040895CF93DF93EC01D19910C05A
:101E700080912401909125019983888310922501F6
:101E80001092240182E08ABB81E0DF91CF91089516
:101E90000E94220F8823C9F3EBCFCF9320915904DE
:101EA000C0918F04222309F441C0CC2359F002963B
:101EB00096958795969587958038910570F080E086
:101EC000CF910895C2968436910530F084569109D9
:101ED000CF5FC038C1F7F3CF8C2F4091550450919C
:101EE00056042091570430915804241B350B21507F
:101EF000384F2230310518F32091550430915604A3
:101F0000F901F770E551FB4F93E09083F9013196A9
:101F1000F770E551FB4F80832E5F3F4F309356049F
:101F2000209355041092590481E0CACFCC23F1F1DB
:101F3000029696958795969587950097A1F180389A
:101F4000910508F0BCCFC82FC03108F450C00E94E2
:101F5000130F882309F4B3CF4091550450915604D0
:101F60002091570430915804241B350B2150384FD1
:101F70002230310508F4A3CF209155043091560446
:101F8000F901F770E551FB4F91E09083F90131962B
:101F9000F770E551FB4FC0832E5F3F4F30935604DF
:101FA000209355048DCF81E090E0CDCFC29684364A
:101FB000910530F084569109CF5FC038C1F77FCFCB
:101FC000C111C2CF80915404C1E0811103C0C093FC
:101FD0005404AACF20E1829FC00111248C2B0E94BF
:101FE000F30E882309F46BCF1092540469CF8091CB
:101FF0005404EBCF9FB7F894809153049FBF90E0B7
:10200000089590933704809336041092350410920B
:10201000340460932D0440931F026093330480E8DE
:102020008093270281E090E090931E0280931D022E
:102030008AE496E0611102C080EC9FE090932C044A
:1020400080932B0408958091330490912702892373
:1020500029F0809127049091280408958091290403
:1020600090912A040895009711F481E090E0209166
:102070009A0030919B00820F931F90939B00809356
:102080009A0008958091460490914704892BB9F0F5
:102090008091460490914704019790934704809360
:1020A00046048091210290912202909343048093F0
:1020B000420480E69AEE0E94331081E008958091F8
:1020C000440490914504892BD1F08091440490916F
:1020D0004504109245041092440480322EE4920785
:1020E00049F4209125023091260230934304209335
:1020F0004204E1CF2091230230912402F6CF1092C6
:1021000043041092420480E00895009711F481E0A6
:1021100090E02091940030919500820F931F90934E
:102120009B0080939A0008954FB7F8942091510432
:102130003091520480914F04909150044FBF821B04
:10214000930B08950F931F934091480450914904B5
:1021500060914A0470914B04B0E0A0E08A019B01B9
:102160000095109520953095081719072A073B0709
:1021700070F48FEF9FEFDC01809348049093490443
:10218000A0934A04B0934B041F910F910895840FBC
:10219000951FA61FB71FF0CFCF92DF92EF92FF924D
:1021A0000F931F93C0903804D0903904E0903A0404
:1021B000F0903B049701860100951095209530958D
:1021C000061717072807390790F48FEF9FEFDC01F8
:1021D0008093380490933904A0933A04B0933B045D
:1021E0001F910F91FF90EF90DF90CF900895DC0149
:1021F000CB018C0D9D1DAE1DBF1DEACFE82F8BEFCF
:102200008E0F833048F4E550FF0BEE0FFF1FEB59A4
:10221000F24F8591949108958BE69DE00895809109
:10222000000181FD03C081E08093430E08959093E7
:10223000460E8093450E1092EE031092ED0310921D
:10224000EC031092EB031092E1031092E203109260
:10225000E3031092E4031092E0031092DF03109264
:10226000DE031092E7031092E6031092350E1092EF
:10227000340E1092330E1092440E1092430E1092B0
:10228000420E1092410E1092400E10923F0E10928C
:102290003E0E10923D0E10923C0E10923B0E10928C
:1022A0003A0E1092390E1092360E019711F41092D8
:1022B000EA0308958091450E9091460E039761F5CB
:1022C000E091770FF091780F3697E930F10508F536
:1022D0008827E259FE4E8F4F0C94E0EC7D117D1162
:1022E00089117A117711861183119111801184E47B
:1022F00090E1089589EF9DE0089580E09AE00895C7
:102300008FE49FE108958CEA91E1089580E29DE0D9
:1023100008958AE39BE00895809106029091070258
:1023200008958DEE9EE108958091450E9091460EA0
:10233000039761F5E091770FF091780F3697E930C8
:10234000F10508F58827E855FE4E8F4F0C94E0EC18
:10235000B711B711C311B411B111C011BD11CB1117
:10236000BA1189EA9EE008958FEF9AE0089580E01F
:102370009AE008958FE49FE108958CEA91E1089531
:1023800080E29DE008958AED99E008958091080229
:1023900090910902089582E59DE108958091450E8E
:1023A0009091460E039761F5E091770FF091780FC9
:1023B0003697E930F10508F58827EE51FE4E8F4F2C
:1023C0000C94E0ECF111F111FD11EE11EB11FA1189
:1023D000F7110512F41184EB98E008958AEC97E068
:1023E000089580E095E0089580EA9FE008958FECDD
:1023F00098E0089589E896E0089585E597E00895C6
:10240000809102029091030208958EE790E1089571
:102410008091450E9091460E039761F5E091770FFC
:10242000F091780F3697E930F10508F58827E45EDA
:10243000FD4E8F4F0C94E0EC2B122B12371228120A
:102440002512341231123F122E128AE197E00895BC
:102450008FE795E0089580E095E008958FEA9FE08A
:1024600008958DED98E0089587E996E0089580ED50
:1024700094E008958091040290910502089589EAFC
:102480009EE00895AF92BF92CF92DF92EF92FF92BB
:102490000F931F93CF93DF93F82E5B01E42E690116
:1024A000E801882319F10E949411F6019183808339
:1024B0000E945A119983888380910002882359F0E1
:1024C0008091450E9091460E039729F0A114B10416
:1024D00089F5FF2061F1DF91CF911F910F91FF905E
:1024E000EF90DF90CF90BF90AF9008950E940812B8
:1024F000F601918380830E94CE1199838883A11471
:10250000B104D1F68091D9038823B1F2823051F41D
:1025100080E09FE0F6019183808380E890E19983D9
:102520008883D9CF8FED9EE0F601918380838DE281
:1025300090E1F5CFAA94AB2839F480E090E1FF2038
:1025400071F383E79EE1EBCFFF2039F08AE69EE14D
:10255000EE2029F38DE39EE1E2CF87EF9FE0EE20AE
:10256000F1F28AEC9FE0DBCF90E0882329F0282F5E
:102570002170920F8695F9CF892F08952F923F925F
:102580004F925F926F927F928F929F92AF92BF9283
:10259000CF92DF92EF92FF920F931F93CF93DF932F
:1025A000CDB7DEB7A6970FB6F894DEBF0FBECDBF8E
:1025B0008C8B2A013B010A871B872C873D878E2D38
:1025C000DB8ACA8A0E94B412982E8F2D0E94B41200
:1025D000980EA92CB12CD12CC12CAD8ABE8ACF8AE1
:1025E000D88E0E9408129A8389830E94CE118C0192
:1025F0000E9494119F8F8E8F0E945A1199A388A3D5
:1026000030E020E068017901A980BA80CA0CDB1CA7
:10261000E11CF11CCA8EDB8EEC8EFD8EBC882090F6
:10262000110230901202B11004C020900F023090BD
:1026300010028091E503882309F475C18091DC03C1
:102640009091DD03892B09F471C102E009879201A1
:10265000A30160E070E080E090E003E00E94C1ED43
:10266000822E398F4BA35AA3B62FA72FF82FE92F0D
:102670000A851B852C853D857801890120E130E0A4
:1026800040E050E060E070E080E090E057016801D9
:10269000E12CF12C00E010E00E940CEE59016A01DF
:1026A0007B018C01282D398D4BA15AA16B2F7A2FDC
:1026B0008F2F9E2F0E94F7EDA92CB12CC12CD12C6D
:1026C000E12CF12C00E010E00E940CEEAA84BB8407
:1026D000CC84DD844A0C5B1C6C1C7D1CCD88DE88A0
:1026E000EF88F88C4C0C5D1C6E1C7F1C6301520142
:1026F000E12CF12C87014A86BB866C86DD86EE864E
:10270000FF86088B198B512C412C612C712C4301B5
:10271000BC88BB2009F40DC1C0900C02CD8AB984DD
:10272000AB2CB12CD12CC12CE12CF12C8701A9822E
:10273000BA82CB82DC82ED82FE820F831887590138
:102740006A017B018C01298530E040E050E060E0C7
:1027500070E080E090E00E940AED51016201730197
:1027600084010E94F7EDAD88B12CC12CD12CE12C55
:10277000F12C00E010E00E94F7ED0985023009F02D
:10278000DCC02090DC033090DD03512C412C612C07
:10279000712C430151016201730184010E94F7ED24
:1027A00029873D8B498F5AA36BA37CA38DA39EA33E
:1027B0001C8980910E02111102C080910D0280903F
:1027C0000A02880E9924991C292D220F220B2C8B8A
:1027D0002A853B854C855D8560E070E080E090E077
:1027E000A4E00E9400EEA980BA80CB80DC80ED805E
:1027F000FE800F8118850E940AED59016A017B0154
:102800008C0194014C89542F642F742F842F942FA2
:102810000E94F7EDA8A1B9A16D01F12CE12CEE8D7C
:10282000FF8DCE0EDF1EE11CF11C56016701E12C6D
:10283000F12C00E010E00E940AED29013A014B0161
:102840001C01CA8CDB8CEC8CFD8C56016701E12CE1
:10285000F12C8701A982BA82CB82DC82ED82FE82D2
:102860000F831887A984BD88C98CDAA0EBA0FCA0CF
:102870000DA11EA129813A814B815C8160E070E04D
:1028800080E090E00E940AED2056304F4F4F5F4F9E
:102890006F4F7F4F8F4F9F4F59016A017B018C0112
:1028A0009201A301B401C1010E94F7EDE0E4AE2E54
:1028B000FFE1BF2EC12CD12CE12CF12C00E010E067
:1028C0000E9464ED29873983F42FE52F2F3F3F4F76
:1028D0004F4F5F4F6105710581059105B9F1B0F169
:1028E0008FEF9FEFDC01EA89FB8980839183A283CC
:1028F000B38380E0A6960FB6F894DEBF0FBECDBFBF
:10290000DF91CF911F910F91FF90EF90DF90CF90CB
:10291000BF90AF909F908F907F906F905F904F90FF
:102920003F902F90089511E0198791CE21E02987DB
:102930008ECED0900B02DD8AF2CE212C312C412C90
:10294000512C612C712C812C912C24CF898599815B
:10295000AF2FBE2F40911D0450911E0460911F04A3
:10296000709120048A019B01009510952095309567
:10297000081719072A073B0760F48FEF9FEFDC0168
:1029800080931D0490931E04A0931F04B093200411
:10299000AACF480F591F6A1F7B1F40931D045093F5
:1029A0001E0460931F0470932004EA89FB89408110
:1029B0005181628173818A019B0100951095209558
:1029C0003095081719072A073B0708F489CF840FA9
:1029D000951FA61FB71F80839183A283B38381E0D5
:1029E00089CF2F923F924F925F926F927F928F92F8
:1029F0009F92AF92BF92CF92DF92EF92FF920F938E
:102A00001F93CF93DF93CDB7DEB76B970FB6F894D4
:102A1000DEBF0FBECDBF69877A878B879C87290170
:102A20003A01802FC98ADA8AEB8AFC8ABB8EAA8E89
:102A30000E94B412082F812F0E94B412E82F4985FA
:102A40005A856B857C85A3E0440F551F661F771F51
:102A5000AA95D1F7441555056605770508F405C113
:102A6000A301920160E070E0CB0149823A836B825E
:102A70005C836D837E838F8398870E0F098F4BA9AC
:102A80005CA99A0140E050E060E070E080E090E0F6
:102A9000A0E10E9400EE5401C12CD12CE12CF12CBC
:102AA00000E010E00E94F7EDA988BA88CB88DC88A6
:102AB0000E94F7EDA980BA80CB80DC800E940CEEEA
:102AC00039014A01B62FA72FF82FE92FE984FA849C
:102AD0000B851C856701780100E010E09801C9862C
:102AE000DA86EB86FC860D871E872F87388B96014A
:102AF000A70160E070E080E090E003E00E94C1ED9B
:102B000059016A017B018C019301A4016B2F7A2F7B
:102B10008F2F9E2F0E94F7EDA98CB12CC12CD12CA8
:102B2000E12CF12C00E010E00E940CEE4FA858AC14
:102B300069AC7AAC1201510163010E940AED322E98
:102B4000832E942E252E2B013C014DA95EA99A01BE
:102B500040E050E060E070E080E090E0A2E00E94A1
:102B600000EEE9A9FAA95F01C12CD12CE12CF12CCE
:102B700000E010E00E94F7EDCA8CDB8C5601D12CEE
:102B8000C12CE12CF12C8701A98ABA8ACB8ADC8A74
:102B9000ED8AFE8A0F8B188FC12CD12CE12CF12CE1
:102BA00000E010E00E94F7EDA980BA80CB80DC80C5
:102BB0000E94F7EDA984BA84CB84DC840E94F7EDEF
:102BC000A98CB12CC12CD12C0E94F7EDCBACDCAC84
:102BD000EDACFEAC56016701E12CF12C8701A98216
:102BE000BA82CB82DC82ED82FE820F831887E12CD1
:102BF000F12C00E010E00E940AED2056304F4F4FBC
:102C00005F4F6F4F7F4F8F4F9F4F59016A017B017D
:102C10008C01232D382D492D522DB201C3010E9464
:102C2000F7EDE0E4AE2EFFE1BF2EC12CD12CE12C5C
:102C3000F12C00E010E00E9464EDF42FE52F2F3F0F
:102C4000AFEF3A074A075A076105710581059105FB
:102C500071F068F08FEF9FEFDC012196EEADFFADD4
:102C6000219780839183A283B38380E01FC0C90131
:102C7000AF2FBE2F2196EEADFFAD21974081518140
:102C8000628173818A019B01009510952095309592
:102C9000081719072A073B07E8F2840F951FA61F9C
:102CA000B71F80839183A283B38381E06B960FB6B5
:102CB000F894DEBF0FBECDBFDF91CF911F910F9172
:102CC000FF90EF90DF90CF90BF90AF909F908F904C
:102CD0007F906F905F904F903F902F9008954FB7E7
:102CE000F8942091E8033091E9038091DA03909100
:102CF000DB034FBF821B930B0895E0E9F0E0808176
:102D00008F7C8083E1E7F0E080818B7F8083089572
:102D10005B9A08958091700F882359F02091770F66
:102D20003091780F2650310981E02230310508F0CA
:102D300080E008958091700F882359F02091770FDB
:102D40003091780F2450310981E02230310508F0AC
:102D500080E008958091700F882359F02091770FBB
:102D60003091780F2350310981E02330310508F08C
:102D700080E00895882311F0749A08957498089556
:102D8000E4E8FFE080E09191992311F09D3059F43F
:102D9000E82FF0E0EC57F04F882349F09291903201
:102DA00031F48150F9CF8F5F813169F7F1CF089508
:102DB0008E30910549F09C012B50310981E0223081
:102DC000310518F080E0089581E008958091700F3A
:102DD000882331F08091770F9091780F0C94D8165A
:102DE00080E008954F925F926F927F928F929F92B0
:102DF000AF92BF92CF92DF92EF92FF92CF93DF9389
:102E0000EC019A01AB0160911102709112028130C4
:102E1000910541F060910F0270911002039711F437
:102E20006CE775E12B01712C612C64E170E0C1301D
:102E3000D10511F468E270E04B01B12CA12C880C93
:102E4000991CAA1CBB1CA9E0B0E00E94F7EC6B0126
:102E50007C0124E1C20ED11CE11CF11CC40CD51C68
:102E6000E61CF71C0E94E616882329F0229722E62A
:102E700030E0229710F022E030E0C80CD91CEA1CA8
:102E8000FB1CC701B601620F731F811D911DDF91ED
:102E9000CF91FF90EF90DF90CF90BF90AF909F9039
:102EA0008F907F906F905F904F9008952F923F92F8
:102EB0004F925F926F927F928F929F92AF92BF924A
:102EC000CF92DF92EF92FF920F931F93CF93DF93F6
:102ED000CDB7DEB764970FB6F894DEBF0FBECDBF97
:102EE0002C011B013A01088B198B2A8B3B8BAC8A76
:102EF0008B828130910509F04CC000911102109134
:102F000012021A83098308E210E049815A819A016A
:102F100050E040E02C833D834E835F83C801B0E0E6
:102F2000A0E0280F391F4A1F5B1F288739874A876F
:102F30005B87280F391F4A1F5B1F2C873D874E87F1
:102F40005F8749015A0152E0850E911CA11CB11CFA
:102F5000A9E0B0E09601A7010E94F7ECAB01BC012B
:102F6000F1013197ED30F10508F035C18827E454BF
:102F7000F84E8F4F0C94E0ECD717FC170D181A1869
:102F80002F182F182F186F186F186F18A918EB1813
:102F9000CE18039749F000910F02109110021A8386
:102FA000098304E110E0B1CF0CE715E1F8CF098106
:102FB0001A81B801661977096016710610F070E081
:102FC00060E090E080E064960FB6F894DEBF0FBE3C
:102FD000CDBFDF91CF911F910F91FF90EF90DF90C8
:102FE000CF90BF90AF909F908F907F906F905F90A9
:102FF0004F903F902F9008956016710658F406196F
:1030000017096C817D818E819F81600F711F811DE9
:10301000911DD9CF10E000E0F4CF6016710638F4AE
:1030200006191709688579858A859B85EECF10E09A
:1030300000E0F8CF82E090E08619970912E061166F
:10304000710410F090E080E00C851D852E853F8591
:10305000080F191F211D311DC901B801B4CF260168
:103060003701088919892A893B8904151505260520
:10307000370510F428013901A9E0B0E0A30192015D
:103080000E94F7EC9101265031092230310510F5EC
:10309000452846284728F1F0AB01BC0149505109A9
:1030A0006109710988E090E0A0E0B0E016E0211627
:1030B000310441F428E030E00C89201B3109C901BA
:1030C000B0E0A0E08A019B01080F191F2A1F3B1FD7
:1030D000C901B801680D791D8A1D9B1D74CF840E2E
:1030E000951EA61EB71E4B81433008F042E050E00B
:1030F0009A01A9E0B0E00E94E8EC91012950310961
:1031000022303105B8F41B811123A1F09A0121501E
:1031100031090E94E8EC29E022163104A9F408E004
:1031200010E03C89031B110930E020E0600F711FA3
:10313000821F931F633171058105910558F262E189
:1031400070E080E090E0C6CF08E010E020E030E0E2
:10315000EDCF6A017B0182E1C80ED11CE11CF11C9C
:103160000E94E616882349F092E0491A510882E647
:1031700090E0A2E04A16510410F082E090E0681658
:10318000790648F486199709C80CD91CEA1CFB1C5F
:10319000970186015DCF90E080E0F6CFA601B701F0
:1031A000C20164960FB6F894DEBF0FBECDBFDF91AB
:1031B000CF911F910F91FF90EF90DF90CF90BF9034
:1031C000AF909F908F907F906F905F904F903F90C7
:1031D0002F900C94F21660E070E0CB01F4CE0E94C8
:1031E000E616882359F02091450E3091460E225064
:1031F000310981E02230310508F080E008958D30FA
:10320000910549F09C012850310981E023303105B6
:1032100018F080E0089581E00895CF93DF938091C6
:10322000700F882391F0C091770FD091780FCE0165
:103230000E94FF18811109C0CE010E94D816811189
:1032400004C0DF91CF910C948A16DF91CF9108953D
:103250008091700F882331F08091770F9091780FD3
:103260000C94FF1880E008950F931F93CF93C091A3
:10327000700FCC2399F00091770F1091780FC8014F
:103280000E94FF18C82F81110EC0C8010E94D816D5
:10329000811104C00E948A16C1E0C8278C2FCF91EB
:1032A0001F910F910895C0E0F9CF8091A70E9091E2
:1032B000A80E0197039710F40C94341980E0089538
:1032C000282F30E090912D0E992339F010922B0E7B
:1032D00010922A0E922F882708958C3490F02B5448
:1032E000310940E253E0249FC001259F900D349F97
:1032F000900D112490932B0E80932A0E80E69AEE67
:10330000089510922B0E10922A0E40E253E0249F53
:10331000C001259F900D349F900D112408954FB743
:10332000F8942091310E3091320E80912F0E9091B1
:10333000300E4FBF821B930B0895FC016081718199
:10334000828193810895982F9F7D91549A31D0F076
:1033500090ED980F9A30B0F08032A1F093ED980F75
:10336000923080F08F3571F098ED980F923050F0D8
:103370008B3241F0662321F061E08F3209F060E08A
:10338000862F089561E0FCCFCF92DF92EF92FF92FB
:103390000F931F93CF93DF93D42EC22E8C017C0109
:1033A000E60EF11CD0E0E016F10639F1F801C1910A
:1033B0008F01CC2311F1CD3001F1D11005C0EC2FDC
:1033C000F0E0E55EF94FC4918C2F8F7D81548A31F6
:1033D00080F080ED8C0F8A3060F06C2D8C2F0E9475
:1033E000A319882301F3C032F1F2DF3FE1F2DF5F7E
:1033F000DACFDE3FC0F6DE5FD6CF8D2FDF91CF91E3
:103400001F910F91FF90EF90DF90CF9008959FB79D
:10341000F89480911C049FBF90E00895AF92BF92F2
:10342000CF92DF92EF92FF920F931F93DC01DC9615
:10343000ED91FC91DD97309731F1808140E050E0D3
:10344000BA0183FF0CC0408D518D628D738D8089D0
:103450009189A289B389481B590B6A0B7B0B4115D3
:10346000B0E85B076105710520F04FEF5FE760E0B2
:1034700070E0CA011F910F91FF90EF90DF90CF9005
:10348000BF90AF900895DE96ED91FC9180E090E0C2
:10349000309781F384A583FF23C020853185428541
:1034A00053856485758586859785A080B180C280A7
:1034B000D380E480F580068117810E940CEEF22F04
:1034C000E32F2F3F3F4741055105610571058105F8
:1034D000910519F010F0FFEFEFE78F2F9E2FCACF65
:1034E00020E030E040E050E060E070E080E090E01C
:1034F000E6CF90915503662321F0892B80935503E5
:10350000089580958923FACF90E080E008955B9A32
:1035100081E080931302089580FF05C0749A81E0D2
:103520008093D314089574981092D3140895982F0B
:1035300080912C0E811105C081E019162CF080E0DD
:1035400003C081E01916DCF30C948C1AEF92FF9201
:103550000F931F93CF93DF93DC01892B49F490E005
:1035600080E0DF91CF911F910F91FF90EF90089530
:103570008091700F882399F340917B0F50917C0FBD
:103580006417750760F30091770F1091780FC801E9
:103590000197029708F0C4C00230110509F0BBC0C2
:1035A0008091790F90917A0F480F591F8DEE8C936F
:1035B00083E711968C93119712964C93129713965A
:1035C0005C93139781E314968C931497CA014296E7
:1035D00015968C93159716969C93169787E090E016
:1035E000E8E3F9E0ED01C80FD91F2CE339E064915D
:1035F000699331962E173F07D1F79C012C5F3F4FFF
:103600006091770F7091780F6230710581F4EEE967
:10361000F9E0ED01C20FD31F22EA39E0649169930A
:1036200031962E173F07D1F79C01285F3F4FED01E0
:10363000C20FD31F81E0888390917D0F80917E0F10
:10364000F9013196EA0FFB1F9083818381E28B831E
:1036500090917F0F8091800FF9013496EA0FFB1F44
:103660009083818381E18E839091810F8091820F7D
:10367000F9013796EA0FFB1F9083818385ED8987D7
:1036800086EFE82E88E0F82EC9010A968A0F9B1F64
:1036900065E379E0F7011491FC011193CF01FFEF8D
:1036A000EF1AFF0A6E157F05A9F789EDFE01E75BAA
:1036B000FF4F808391E0319690833196108231964E
:1036C00090833196808331961082B901605B7F4F81
:1036D00081EE319680838091770F9091780F0297D9
:1036E00099F46A0F7B1F8DEEFB018083CF5ADF4F69
:1036F0008BE78883F901EE5AFF4FEA0FFB1F4083E7
:103700005183B9016C5A7F4FCB010196A60FB71FA9
:1037100029EE2C9326CF50E040E090E080E060CF8F
:103720000330110509F0D6C08091740F811140C09B
:10373000E1E8F9E0CD014D96ED0124912993319610
:103740008C179D07D1F781E05D968C935D979091E2
:103750007D0F80917E0F5E969C935E975F968C9313
:103760005F9781E290968C93909790917F0F8091D4
:10377000800F91969C93919792968C939297EBEBF6
:10378000F8E0ED01A396CD01825A9F4F2491299331
:1037900031968C179D07D1F73091810F2091820FC0
:1037A000FC013083A15ABF4F2C9380E690E0D9CE24
:1037B00091E29C938DE111968C93119781E1129681
:1037C0008C93129713968C93139714961C921497BC
:1037D00080EC15968C93159785ED16968C9316971D
:1037E00021E017962C93179783E518968C931897DA
:1037F00019961C9219978DEE1A968C931A9780EB56
:103800001B968C931B9789EC1C968C931C975EE3FC
:103810001D965C931D9748E01E964C931E9733EDC2
:103820001F963C931F978EEC50968C9350978DEC7F
:1038300051968C93519752965C93529757E05396BA
:103840005C93539754968C93549755964C935597F5
:1038500043E056964C93569757968C9357978EEB1A
:1038600058968C93589782E059968C9359975A960C
:103870003C935A9780EE5B968C935B975C962C9367
:103880005C9720917D0F80917E0F5D962C935D97C4
:103890005E968C935E9789ED5F968C935F9790967A
:1038A0009C93909790917F0F8091800F91969C931D
:1038B000919792968C939297E0E8F8E0ED01A396A9
:1038C000CD01825A9F4F2491299331968C179D07E1
:1038D000D1F762CFED01C8010E94FF18882361F083
:1038E000E0E2F8E0CE01805A9F4F2491299331966F
:1038F0008C179D07D1F759CFC8010E94D81688238D
:1039000009F447C0E6ECF7E0DE01CE01865A9F4F8E
:1039100024912D9331968A179B07D1F78091770FC9
:103920009091780F8C30910591F10E9771F582E5A9
:10393000FE01E55BFF4F808331968091830F80838A
:1039400090917D0F80917E0F319690833196808388
:1039500090917F0F8091800F319690833196808374
:103960009091810F8091820F319690833196808360
:10397000DE01AD5ABF4F97E0EBE9FFE001900D92F9
:103980009A95E1F78AE590E0ECCD8BE1D1CF89E221
:10399000CFCF045011090230110508F091C00E94E8
:1039A000C0162091790F30917A0F40917F0F50917E
:1039B000800F61E54115504108F463E5620F732FF4
:1039C000711D9EE3988396E199839DEC9A8392E121
:1039D0009B831C8291E19D836E837F839FED9887FB
:1039E00020917F0F3091800F09E010E021153041C8
:1039F00030F493ED998790EE9A870BE010E0DE01AA
:103A0000A00FB11F91E09C9340917D0F90917E0F8C
:103A1000F8013196EC0FFD1F4083918399ED1396C9
:103A20009C93139791E214969C93149740917F0F67
:103A30009091800FF8013596EC0FFD1F4083918324
:103A400022EA39E0A801495F5F4F4C0F5D1F60EE2D
:103A500079E0F9019491FA019193AF012F5F3F4F03
:103A600062177307B1F7AB5BBF4F93EC9C93409128
:103A7000810F9091820FF801EA5BFF4FEC0FFD1F61
:103A800040839183085B1F4FE82EF12CA70164E867
:103A90007FE0CE01800F911F0E943FEE98012E0D16
:103AA0003F1DC20FD31F8DE0888380917B0F9091C3
:103AB0007C0F2F5F3F4F2817390709F050CD51CDAC
:103AC00081E0888390917D0F80917E0F99838A8316
:103AD00081E28B8390917F0F8091800F9C838D83F7
:103AE00081E18E839091810F8091820F9F838887DF
:103AF00085ED89878091770F9091780FDE011A9676
:103B0000ECE3F9E00297D1F484918D93319689E04A
:103B1000E038F807C9F7FE01E25BFF4F8DEE8083C6
:103B200031968BE780833196108231961082CE5A7F
:103B3000DF4F89EE888383E590E013CD84918D93E8
:103B4000319699E0E138F907C9F78FE490E009CDA3
:103B5000CF93DF93CDB7DEB72E970FB6F894DEBFC5
:103B60000FBECDBF2FEF260F283628F5883021E174
:103B7000920759F5FE0133968CE0DF011D928A957C
:103B8000E9F783EC898388E08A8381E18B83DE0116
:103B90001196AE01415F5F4F2D9190E080E08D3036
:103BA000910569F1FC01E053F64E3491231327C0CF
:103BB000E4912E1751F180E02E960FB6F894DEBFF7
:103BC0000FBECDBFDF91CF9108958115904C99F72D
:103BD00081E2898388E08A8381E18B838C831D82E3
:103BE00080EC8E8391E09F83688719869DEE9A878B
:103BF00090EB9B8793EC9C871D868E87C8CF0196A0
:103C0000811531E0930759F6D6CF4A175B0709F0C3
:103C1000C3CF81E0D1CFCF92DF92EF92FF920F938B
:103C20001F938091F303882389F10E94D1CA0091E8
:103C3000EF031091F0032091F1033091F203DC01C6
:103C4000CB01801B910BA20BB30B0091F4031091DD
:103C5000F5032091F6033091F70368017901C094D0
:103C6000D094E094F094C816D906EA06FB06A8F0B2
:103C7000080F191F2A1F3B1F0093F4031093F5032D
:103C80002093F6033093F7031092F3031F910F91E3
:103C9000FF90EF90DF90CF9008950FEF1FEF980106
:103CA000EBCF0E940B1E8091990E90919A0EA091DD
:103CB0009B0EB0919C0E0097A105B10541F0809339
:103CC000F4039093F503A093F603B093F7030895DC
:103CD0008091F30381110DC00E94D1CA6093EF035C
:103CE0007093F0038093F1039093F20381E080934B
:103CF000F3030895CF92DF92EF92FF921F93CF9339
:103D0000DF93182FD62FC42F0E9454CA6B017C0159
:103D10008091030181701817B1F10E9454CA6C1987
:103D20007D098E099F09613472448F40910580F3AB
:103D300085E58093AF0F8CE48093B00F87E3809389
:103D4000B10F8091770F9091780F0597D1F08CE4A7
:103D50008093B20F80E28093B30FD093B40FC370FF
:103D6000C05DC093B50F8093B60F88E00E9400C875
:103D700080E0DF91CF911F91FF90EF90DF90CF9087
:103D8000089588E4E5CF81E0F4CF4F925F926F927F
:103D90007F928F929F92AF92BF92CF92DF92EF92DB
:103DA000FF920F931F93CF93DF935C014B016A0146
:103DB0002901CB010E9483E9EC013C018FEF681AD5
:103DC000780AF5018081882309F450C08501F80143
:103DD00081918D3009F446C08A3009F443C08823AC
:103DE00009F444C078015701F7018191882321F03B
:103DF0008D3011F08A30C1F5E01AF10A6E147F049B
:103E000000F7AE01B401C8010E9464E9892BC9F62C
:103E1000F801EC0FFD1F80818D3399F6C095D09588
:103E2000EC0EFD1EE414F50408F5B801660D771DCF
:103E3000A701C6010E943FEEEC0CFD1CF7011082A9
:103E400081E0DF91CF911F910F91FF90EF90DF9074
:103E5000CF90BF90AF909F908F907F906F905F902A
:103E60004F9008958F01B3CF7F01BDCF80E0E9CFA0
:103E7000AF92BF92CF92DF92EF92FF920F931F9378
:103E8000CF93DF930097B9F17B018C01EC0109908E
:103E90000020E9F72197C81BD90BCB010E9483E9C9
:103EA0006C01C817D90738F1C81BD90BC00FD11F37
:103EB00010E000E0C016D10691F0F701E00FF11F0D
:103EC000B490899190E00E942AEEA82E8B2D90E06C
:103ED0000E942AEEA8120FC00F5F1F4FEBCF81E0A8
:103EE000DF91CF911F910F91FF90EF90DF90CF90D6
:103EF000BF90AF90089580E0F3CFFC0180A991A915
:103F0000009721F030E020E00C94F68582A993A977
:103F1000009711F00C94C18F8FEF9FEF0895CF930E
:103F2000DF931F92CDB7DEB741E050E0BE016F5F77
:103F30007F4F0C960E947D1F019731F4898190E09C
:103F40000F90DF91CF9108958FEF9FEFF9CF4F92B0
:103F50005F926F927F928F929F92AF92BF92CF9219
:103F6000DF92EF92FF920F931F93CF93DF931F92F5
:103F7000CDB7DEB7FC0104AD15AD01151105A9F1F2
:103F8000F80180889188A288B388C484D584E684A7
:103F9000F78430E020E041E050E0BE016F5F7F4FEA
:103FA000C8010E94F6850197E9F4898190E0F80143
:103FB000808A918AA28AB38AC486D586E686F786E5
:103FC0000F90DF91CF911F910F91FF90EF90DF90B5
:103FD000CF90BF90AF909F908F907F906F905F90A9
:103FE0004F9008958FEF9FEFE2CF06AD17AD8FEFA3
:103FF0009FEF0115110521F3F80140805180628087
:10400000738084809580A680B780C08CD18CE28C30
:10401000F38C41E050E0BE016F5F7F4FC8010E940A
:10402000C18F019781F4898190E0F801408251822B
:104030006282738284829582A682B782C08ED18E7C
:10404000E28EF38EBDCF8FEF9FEFEFCFFC0180A903
:1040500091A9009711F00C9437D182A993A90097E8
:1040600011F00C94189380E008950C960C9426207F
:10407000CF92DF92EF92FF920E94D1CA6B010E9411
:10408000EAC2892BA9F081E080935503D0925203B4
:10409000C0925103D0925403C092530380915503B0
:1040A000877E80935503FF90EF90DF90CF90089527
:1040B00087E0EACF2F923F924F925F926F927F926A
:1040C0008F929F92AF92BF92CF92DF92EF92FF9228
:1040D0000F931F93CF93DF93CDB7DEB76E970FB6D5
:1040E000F894DEBF0FBECDBF7E876D875E8B4D8B94
:1040F000DC01D0960D90BC91A02DBA87A9871097AE
:1041000009F4E1C012968C9181FF1BC083FD21C090
:104110008D889E88A40170E060E0E985FA85808939
:104120009189A289B38980959095A095B0955F01FA
:10413000FCE0AF0EB11C84179507A607B70708F07F
:10414000D6C4E985FA858181816081831E8A1D8AB2
:104150009FC0A985BA8558964D915D916D917C91CE
:104160005B97CD010E948BD48111D2CFEACF95010C
:104170000E94ABCF87FDE5CF811106C089859A8566
:104180000E9497888823E9F2A985BA851696ED9151
:10419000FC9117971C964D915D916D917C911F97A5
:1041A0004250510961097109848104C0440F551FAF
:1041B000661F771F8A95D2F781899289A389B4896E
:1041C000480F591F6A1F7B1FFDC4E985FA85848D3E
:1041D000958DA68DB78D0097A105B10589F4CF0106
:1041E0000E949788882309F4ACCFE985FA858485F5
:1041F0009585A685B785848F958FA68FB78FB8C410
:10420000E985FA8584879587A687B787B1C421E0B9
:104210003AC49401232F332726950281011B110BE9
:104220002017310708F489012801542C4424550C27
:10423000C416D506E606F70698F0DB01CA01800F22
:10424000911FA11DB11DC816D906EA06FB0640F450
:1042500014A28FEF9FEFDC0187A390A7A1A7B2A7BD
:104260002D853E85C3010E94E0CC28C4E985FA85EE
:10427000808D918DA28DB38D8C159D05AE05BF05EA
:1042800038F4C08ED18EE28EF38E82818068828374
:104290008D899E896E960FB6F894DEBF0FBECDBF96
:1042A000DF91CF911F910F91FF90EF90DF90CF9012
:1042B000BF90AF909F908F907F906F905F904F9046
:1042C0003F902F900895DC01D2960D90BC91A02DC7
:1042D000BE8FAD8F109709F439CF9E968C9181FFD8
:1042E00073C183FD52C1ED8DFE8DF081F983AD8DDB
:1042F000BE8D1196BC91B987ED8DFE8DF281FB8745
:10430000AD8DBE8D1396BC91BC87ED8DFE8DF48175
:10431000FF87AD8DBE8D1596BC91B88BED8DFE8D52
:10432000F681F98BAD8DBE8D1796BC91BA8BED8D54
:10433000FE8D408851886288738884889588268895
:104340003788298139854B855C856F85788989898E
:104350009B2F52016301740181010E9415EE11F03F
:1043600008F03BC11B861C861F86188A198A1A8A88
:104370001F8A188E8D889E889A8689862D8D3E8DFF
:10438000285E3F4F3C8F2B8FAD8DBE8D2C901196AC
:104390003C90119712964C90129713965C9013973D
:1043A00014966C90149715967C90159716968C9091
:1043B000169717969C901797E985FA85EF2B09F4C5
:1043C0000AC39096ED91FC91DF01AC5DBD4FCD909D
:1043D000DD90ED90FC90320121014C205D206E209B
:1043E0007F20920131703C8B2B8B4114510461046E
:1043F000710409F056C0AD8DBE8D5896CD90DD90FC
:10440000ED90FC905B97C114D104E104F10409F430
:1044100023C19E968C919E9786FF0EC15C968D90CF
:104420009D90AD90BC905F9718962C911897199617
:104430003C9119971A964C911A971B965C911B9771
:104440001C966C911C971D967C911D971E968C91C5
:104450001E971F969C91AFEF0E9400EEE15DFD4F0D
:104460000081075F0E94DCED29833A834B835C83E4
:104470006D837E838F83988729813A814B815C810C
:10448000820E931EA41EB51EC814D904EA04FB04B0
:1044900008F4C4C08D8D9E8D0E94CB8D882309F4B5
:1044A00093C0AD8DBE8D9096ED91FC91DF01A15D25
:1044B000BD4F3C907301620119E0F694E794D794E4
:1044C000C7941A95D1F7AD8DBE8D58964D905D90DD
:1044D0006D907C905B97B2E04B1A510861087108AF
:1044E000032C04C0440C551C661C771C0A94D2F79C
:1044F0004C0C5D1C6E1C7F1CCF01885E9D4FDC0147
:104500004D915D916D917C91440E551E661E771EF6
:104510008B889C88892809F0C1C089849A84811479
:1045200022E0920608F4BAC02B853C854F85588955
:1045300069897A898F89988DA0E00E941EEE09F022
:10454000ADC04381548165817681818192818114DE
:1045500034E0930608F0E9C144165506660677066E
:1045600041F410824FEF5FEFBA01438354836583B8
:1045700076832D853E85B301A2010E9462CD8823FA
:1045800019F1212C82E0382E11C1AD8DBE8D189607
:104590000C91189719961C9119971A962C911A97A5
:1045A0001B963C911B971C964C911C971D965C91F9
:1045B0001D971E966C911E971F967C911F97CD019B
:1045C0000E94778E81118FCEAD8DBE8D9D968C9180
:1045D0009D9781609D968C93B9CD82019301A40132
:1045E000B1018D8D9E8D0E94778E882369F329817C
:1045F00039854B855C856F85788989899A895201CF
:104600006301740181010E940CEE2B873C874F8768
:10461000588B698B7A8B8F8B988FACCE3FEFC31AF8
:10462000D30AE30AF30AAD8DBE8D5896CD92DD9282
:10463000ED92FC925B9735CF2B8D3C8DB701A60197
:10464000CF010E94358B082E000C990B97FDBCCF33
:10465000892B09F41FCF25CFED8DFE8D848D958D8F
:10466000A68DB78D0097A105B10589F4CF010E94F1
:10467000CB8D882309F4A8CFED8DFE8D808D918D93
:10468000A28DB38D848F958FA68FB78F0ACFED8DB6
:10469000FE8D808F918FA28FB38F03CF212CB2E03C
:1046A0003B2E8B889C8828183908892809F02EC150
:1046B000AD8DBE8D2C9111963C91119712964C9117
:1046C000129713965C91139714966C911497159604
:1046D0007C9115975096AC9050975196BC905197FD
:1046E0005296CC9052975396DC9053975496EC90F8
:1046F00054975596FC90559756960C915697579609
:104700001C91579716968C91169717969C910E941C
:1047100015EE08F4FBC025E0B301A201CF010E9411
:10472000ECCE009709F450CFEB89FC89E80FF91F14
:104730002B853C854F85588969897A898F89988D21
:10474000A0E00E941EEE09F4E3C04101B12CA12CAF
:10475000C12CD12C760129829A82AB82BC82CD8277
:10476000DE82EF82F8865101C12CD12CE12CF12C94
:1047700000E010E00E9415EE10F4222E332EA1016D
:1047800070E060E0CF010E9448EE8B899C89820D29
:10479000931D8115924051F4AD8DBE8D90968D91F3
:1047A0009C910E94B6CD882309F40ECF910150E070
:1047B00040E060E070E0CB0129823A834B835C8368
:1047C0006D837E838F83988740E050E060E070E0E7
:1047D00080E090E0AD8DBE8DAC901196BC901197AD
:1047E0001296CC9012971396DC9013971496EC9037
:1047F00014971596FC90159716960C911697179688
:104800001C9117970E94F7ED722E832E942E652E21
:10481000562E472EF82FE92F2C9311963C93119783
:1048200012964C93129713965C93139714966C936D
:10483000149715967C93159716968C931697179642
:104840009C932B853C854F85588969897A898F8906
:10485000988DA0E00E941EEE09F4B0C0A980BA8035
:10486000C12CD12CE12CF12C00E010E00E940CEEC8
:104870002B873C874F87588B698B7A8B8F8B988FD0
:10488000AD8DBE8D5096AC9050975196BC9051977F
:104890005296CC9052975396DC9053975496EC9046
:1048A00054975596FC90559756960C915697579657
:1048B0001C915797272D382D492D562D652D742D78
:1048C0008F2F9E2F0E9415EE09F008F45DCD9E9665
:1048D0008C919E9780689E968C939E9750967C9222
:1048E000509751968C92519752969C92529753960C
:1048F0006C92539754965C92549755964C92559758
:104900005696FC9356975796EC933ECD21E004CFF4
:1049100089849A848214930408F41401A1016D859A
:104920007E85CF010E943FEE30CF09851A85012F89
:104930001127069530E020E0812C912C54018394BE
:1049400004C0880C991CAA1CBB1C3A94D2F789821B
:104950009A82AB82BC828C189D08AE08BF080815ED
:1049600019052A053B0510F44801590195018401F8
:10497000A9E0000F111F221F331FAA95D1F71801BC
:104980008401441555056605770588F0840C951C4F
:10499000A61CB71C481559056A057B0540F4108212
:1049A0002FEF3FEFA90123833483458356832D8561
:1049B0003E85B301A2010E94E0CCF5CEAD84BE8459
:1049C000A20CB31CBE86AD8629853A85221933090F
:1049D0003A87298755CFED8DFE8D2085318542851B
:1049E00053856485758586859785510162017301BC
:1049F00084010E9415EE08F04BCC20863186428659
:104A00005386648675868686978686A5806886A77F
:104A10003FCCFC014250510961097109848104C0F5
:104A2000440F551F661F771F8A95D2F78189928997
:104A3000A389B489480F591F6A1F7B1F80E092E049
:104A40008619970924018815990508F42C01611429
:104A5000710409F0DCCBA985BA8550960D911D91A2
:104A60002D913C9153975896CD90DD90ED90FC9010
:104A70005B970C151D052E053F0520F412968C91B1
:104A800085FFC5CB25E0CF0184960E94ECCE009730
:104A900009F457CBA2016D857E85860D971D0E9476
:104AA0003FEE640C751C6114B2E07B0651F4E9859D
:104AB000FA858681978184960E94B6CD882309F471
:104AC00040CBE985FA8580899189A289B389840DD3
:104AD000951DA11DB11D808B918BA28BB38B2D8554
:104AE0003E85240D351D3E872D8784189508E98560
:104AF000FA85C088D188E288F3888114910409F48A
:104B0000B5CB86819781DC0113961C91B701A60174
:104B100029E076956795579547952A95D1F71423FF
:104B20003601B1E07B22111123C04485558566858D
:104B300077856114710409F06CCF41155105610549
:104B4000710509F442CB228126FF11CB208C318CD8
:104B5000428C538CC214D304E404F50408F007CB50
:104B60004F5F5F4F6F4F7F4F4487558766877787CB
:104B7000A985BA851696ED91FC9117971C964D91D3
:104B80005D916D917C911F974250510961097109A6
:104B9000848104C0440F551F661F771F8A95D2F782
:104BA00081899289A389B489840F951FA61FB71F95
:104BB000AC01BD01410F511D611D711D61147104D6
:104BC00009F03CCF8114B2E09B0608F437CFC7A0B0
:104BD000D0A4E1A4F2A465A076A0811424E09206FA
:104BE00008F017CB4C155D056E057F0541F414A246
:104BF0008FEF9FEFDC0187A390A7A1A7B2A72D8518
:104C00003E85C3010E9462CD882309F49ACA412CD3
:104C100002E0502E56CF0C960C945A20CF93DF937F
:104C20001F92CDB7DEB7698341E050E0BE016F5FF0
:104C30007F4F0C960E945A200F90DF91CF910895DC
:104C4000AC0161E170E08FEA9FE00C94F4D9CF925F
:104C5000DF92EF92FF92CF93C82F0E9454CA6B014C
:104C60007C01809103018170C817B1F00E9454CA81
:104C70006C197D098E099F096132714A874091053F
:104C800080F38EEB97E00E94202680E0CF91FF908A
:104C9000EF90DF90CF90089581E0F8CF1F93CF93EE
:104CA000DF938095C82FCC0FC11DCC0FC11D14E020
:104CB00080E00E9427268823E9F08C2F881F882710
:104CC000881F0E94BA165B9881E00E942726D82F81
:104CD000882381F0C6FB882780F90E94BA160E94BB
:104CE0008816CC0FCC0F115019F78D2FDF91CF9173
:104CF0001F910895D0E0F9CFCF93C62FAC0161E1A9
:104D000070E08EE59FE00E94F4D9C0932E0ECF9103
:104D100008951092BA041092B90410924B0FECE06F
:104D2000FDE01382128211821082E4EBF4E0118222
:104D300010821092B3041092B2041092AE0410923A
:104D4000AF041092B0041092B1041092030D1092AF
:104D5000040D1092050D1092060D1092070D109281
:104D6000080D1092090D10920A0D1092A5041092D0
:104D7000A6041092A7041092A8041092B8041092EE
:104D8000AC0410920B0D1092B6041092AD04109268
:104D9000750410927404109273041092020D109214
:104DA000010D1092AB041092AA041092A904109263
:104DB000A40408958091B204E82FF0E0DF01AA0F67
:104DC000BB1FA45FB24F2D913C91232B51F0EC54AB
:104DD000FB4F9081911105C091E0908389278093CA
:104DE000B2040895CF93DF939091B204E92FF0E0DD
:104DF000DF01AC54BB4F2C91211133C020EC31E1C9
:104E0000992311F020EC3FE0EE0FFF1FE45FF24F1B
:104E100040815181EA012196D183C083240F351F3F
:104E2000F90180834091030D5091040D6091050DAF
:104E30007091060D4F5F5F4F6F4F7F4F4093030D93
:104E40005093040D6093050D7093060D81E0C1151C
:104E5000D24021F48C9398279093B204DF91CF91A4
:104E6000089580E0FBCF80916104811106C080919C
:104E70006004811102C080915F040895CF93C62F12
:104E8000AC0161E170E08EE59FE00E94AC9DC093B3
:104E90005D0F80E0CF910C948C1A2F923F924F922D
:104EA0005F926F927F928F929F92AF92BF92CF92BA
:104EB000DF92EF92FF920F931F93CF93DF93CDB7C3
:104EC000DEB763970FB6F894DEBF0FBECDBF7C018F
:104ED0008B012091450E3091460E3B8B2A8B390178
:104EE00032E0631A710880905C0E90905D0EB09075
:104EF0005E0EA0905F0E8091E5038B872090DC030F
:104F00003090DD032A893B89215031093D872C8768
:104F10008A899B89039709F449C080910A02282F46
:104F200030E03A87298780910B02282F30E03887BC
:104F30002F8380910C02282F30E03E832D838091B7
:104F40000D02282F30E03C832B8380910E02282F06
:104F500030E03A83298330910F02388B8091100220
:104F6000898B909111029E87209112022F8795E0E4
:104F7000492E512CE091ED03F091EE03EE30F10556
:104F800008F0C5C28827E853F84D8F4F0C94E0EC29
:104F9000DB27F52713285A287028A1280129312951
:104FA00075299B29B529D1291F2A602A82E090E022
:104FB0009A878987B8CF8A899B898130910579F052
:104FC000039781F49CE785E19093EB038093EC03D6
:104FD00021E030E03093EE032093ED03CBCF9E85AC
:104FE0008F85F2CF98898989EFCFC090EB03D0905D
:104FF000EC03C114D10409F029C28A899B8981304C
:10500000910559F0039761F494E180E09093EB03EC
:105010008093EC0322E030E0DDCF99818A81F6CFE6
:105020009B818C81F3CFC090EB03D090EC03C11433
:10503000D104B1F48A899B898130910559F0039795
:1050400061F494E180E09093EB038093EC0323E020
:1050500030E0C0CF9D818E81F6CF9F818885F3CFD0
:10506000970140E061E070E081E00E94421231E08F
:10507000C31AD108D092EC03C092EB03DD24D39481
:105080008D2D63960FB6F894DEBF0FBECDBFDF91B6
:10509000CF911F910F91FF90EF90DF90CF90BF9035
:1050A000AF909F908F907F906F905F904F903F90C8
:1050B0002F900895C090EB03D090EC03C114D1045D
:1050C00049F489859A859093EC038093EB0324E05F
:1050D00030E080CF970140E061E070E080E0C5CF34
:1050E000C090EB03D090EC03C114D10421F58A8960
:1050F0009B89019749F030E092E06916710428F429
:10510000382D292DC50104C030E820E090E080E072
:105110003093E1032093E2039093E3038093E4034D
:105120001092E0031092DF031092E6035092EE0318
:105130004092ED031FCF970140E061E070E081E015
:105140006EC14091E1035091E2036091E3037091DD
:10515000E403411551056105710549F41092E60318
:1051600088E090E09093EE038093ED0303CF2A89CB
:105170003B892130310511F58091EA0387FD3AC062
:10518000E091EA0381E08E0F8093EA03F0E0E054BF
:10519000F04F80818093DE0341505109610971090C
:1051A0004093E1035093E2036093E3037093E403BD
:1051B00088E08093E70386E090E0D4CF32E0631686
:1051C0007104C0F48091E8039091E9032091DA031F
:1051D0003091DB038217930769F0FC01F770E5510A
:1051E000FB4F20812093DE0301969093E903809387
:1051F000E803D2CF65E070E08DE89CE00E943E2796
:10520000ABC1D090E703D11003C027E030E0E2CE7D
:105210004091DE03342F331F3327331F398381E05E
:1052200046FB442740F98D1508F041E0970162E004
:1052300070E089810E9442129981992349F08091FE
:10524000DF039091E00301969093E0038093DF03E6
:105250008091DE03880F8093DE03DA94D092E70317
:105260000DCF8091E1039091E203A091E303B0910F
:10527000E4034091E003892B8A2B8B2B89F08091EA
:10528000450E9091460E81309105D1F48091EA034C
:1052900087FD29C0E091EA03F0E0E054F04F40813F
:1052A000441F4427441F970162E070E081E00E94A0
:1052B000421285E090E09093EE038093ED03DECE02
:1052C0000297029780F48091E8039091E90320917E
:1052D000DA033091DB038217930729F09770FC0102
:1052E000E551FB4FDCCF40E0DECF8091E60382301A
:1052F00080F00E94EF18882349F082E690E09093B6
:10530000EC038093EB032BE030E064CE82E090E08E
:10531000F6CF9091DF032091E003811101C0922F1D
:105320009093DE038F5F8093E60388E08093E7032A
:1053300089E090E017CFD090E703D11003C02AE0B6
:1053400030E048CE4091DE03842F881F8827881FD5
:1053500031E046FB442740F93D1508F041E0970154
:1053600062E070E00E94421273CF8091E6038230C7
:1053700098F44091DF035091E003440F452F441F00
:10538000550B51954170970162E070E081E00E94F9
:10539000421288E090E08FCF0E94EF1841E048274A
:1053A000F2CFC090EB03D090EC03C114D10471F59F
:1053B0008B85882319F12114310401F18091350E78
:1053C00081111CC02C853D8522303105B8F481E067
:1053D0008093350E3092EC032092EB032CE030E00A
:1053E0003093EE032093ED032A893B892130310568
:1053F00041F41092EA038093330EBCCD8DE090E02F
:10540000B1CE1092330E8093340EB4CD0E94EF18BB
:10541000882359F0970140E062E070E080E00E944C
:10542000421221E0C21AD10825CE41E092E0C9160D
:10543000D10408F440E0970162E070E080CEC090B3
:10544000EB03D090EC03C114D10429F0970140E0A4
:1054500070E060E043CE8A899B89029759F4D0902E
:10546000330ED11029C065E070E082E89CE00E9414
:105470003E2706CE2A893B8921303105D9F031E01B
:1054800063167104C9F030E020E090E080E03093D2
:10549000E1032093E2039093E3038093E4031092EB
:1054A000E0031092DF031092E6031092DE031092E5
:1054B000E7033CCE30E8E8CF382D292DC501E7CFF2
:1054C0008091450E9091460E8230910529F50E94FB
:1054D0003419D82E882311F081E03CC04091580E39
:1054E0005091590E60915A0E70915B0E8091640E2E
:1054F0009091650EA091660EB091670E48175907FE
:105500006A077B0748F382E08093360EB9CD67E0E7
:1055100070E088E79CE072CE0397F1F68091850EEB
:105520009091860E0297A9F44091580E5091590E11
:1055300060915A0E70915B0E8091640E9091650E91
:10554000A091660EB091670E481759076A077B074E
:1055500018F282E08093360ED12C92CDCF93DF9358
:1055600000D01F92CDB7DEB7BE016D5F7F4FCE0179
:1055700001960E944D27882309F149815A812B8188
:105580003C81240F351F4115510511F441E050E0D5
:105590002230310510F422E030E0215031093093FF
:1055A00099002093980050939B0040939A00509349
:1055B00044024093430291E09093390E0F900F9074
:1055C0000F900F90DF91CF910895CF93C62FAC012C
:1055D00061E170E08EE59FE00E94AC9DC0935D0F9D
:1055E000CF910895AC0161E170E08BE49FE00C94F1
:1055F000AC9D181634F089E79FE00E94F22A80E003
:10560000089580936904609191046093680490E028
:105610000E94D5B08091910491E0892780939104F4
:105620009093930481E00895DC019FB7F894209152
:10563000570430915804409155045091560480E02D
:105640004217530769F0F901F770E551FB4F80816C
:105650008C932F5F3F4F309358042093570481E081
:105660009FBF08954FB7F894209157043091580484
:1056700080915504909156044FBF821B930B08955F
:105680008091A70E9091A80E029759F48091850EF3
:105690009091860E029729F480917F0E9091800E52
:1056A000089590E080E008951092F4031092F503BD
:1056B0001092F6031092F7031092EF031092F0038A
:1056C0001092F1031092F2031092F30308951F93C6
:1056D000CF93DF932091A70E3091A80E2230310591
:1056E00009F051C02091850E3091860E223031058F
:1056F00009F049C0C0917F0ED091800E209709F427
:1057000042C020919F0E3091A00E2C173D0759F1F9
:10571000182F0E940B1E0E94542BD093A00EC093F2
:105720009F0ED0934A02C09349028091600E9091DF
:10573000610EA091620EB091630E8093990E9093CA
:105740009A0EA0939B0EB0939C0E1123E1F09FB78D
:10575000F89480915D0F9FBF8230A9F4DF91CF91C3
:105760001F910C94681E8091600E9091610EA09123
:10577000620EB091630E8093990E90939A0EA0934F
:105780009B0EB0939C0EDF91CF911F9108952F92A5
:105790003F924F925F926F927F928F92AF92BF92A1
:1057A000CF92DF92EF92FF920F931F93CF93DF93ED
:1057B00000D000D000D01F92CDB7DEB79A8789877E
:1057C0000E94E3A9A985BA8511969C938E9380ECDB
:1057D00093E113969C938E9312978091060F90916C
:1057E000070F15969C938E9314978091FD0E169635
:1057F0008C9316978091FB0E9091FC0E18969C93BB
:105800008E9317978091F90E9091FA0E1A969C93A9
:105810008E9319978091030F1B968C931B97809101
:10582000A90E1C968C931C978091AA0E1D968C93A2
:105830001D978091040F9091050F1F969C938E9356
:105840001E9787E89EE051969C938E935097809187
:10585000F303811145C00091F4031091F5032091E9
:10586000F6033091F703E985FA85028B138B248BBD
:10587000358B8091990E90919A0EA0919B0EB091CC
:105880009C0E868B978BA08FB18F0091A70E1091E5
:10589000A80E7801F1E0EF1AF10823E0E216F10416
:1058A00008F09BC08091700F882309F496C0809106
:1058B000450E9091460E8430910509F491C00397EE
:1058C00009F05FC00E948A168823B1F18091770F9A
:1058D0009091780F079709F086C08BE090E033C075
:1058E0000E94D1CA0091EF031091F0032091F103BF
:1058F0003091F203DC01CB01801B910BA20BB30BA7
:105900000091F4031091F5032091F6033091F70311
:1059100068017901C094D094E094F094C816D90637
:10592000EA06FB0628F0080F191F2A1F3B1F9BCF12
:105930000FEF1FEF980197CF0E94E616882309F416
:1059400055C089E090E0A985BA855C969C938E93BA
:105950005B972091060F3091070FA9014450510920
:105960004230510508F448C02730310509F444C0DD
:10597000009729F0069721E0069708F03EC020E046
:105980003CC00E942819811131C00E94E616811185
:1059900030C0E091770FF091780F3197E730F10543
:1059A000E0F48827E952F34D8F4F0C94E0ECE12CA2
:1059B000DE2CE42CE72CEA2CF32C6D2C82E090E01A
:1059C000C2CF81E090E0BFCF83E090E0BCCF84E025
:1059D00090E0B9CF85E090E0B6CF90E080E0B3CF23
:1059E0008CE090E0B0CF8AE090E0ADCF87E090E02F
:1059F000AACF88E090E0A7CF21E0E985FA85228F41
:105A0000C8010497029708F0DFC0C090220ED09022
:105A1000230EE090240EF090250E0E948F194091E5
:105A20001E0E50911F0E6091200E7091210EB0E05D
:105A3000A0E0481759076A077B0708F4A1C09A013C
:105A4000AB01281B390B4A0B5B0BC114D104E104D9
:105A5000F10409F099C020E0A985BA855D962C93E0
:105A60008091A70E9091A80E9C01245031092230FC
:105A7000310508F063C20E948F198115B8E09B07B9
:105A800008F41DC220E0A985BA855E962C935E9726
:105A90008091FF0E5F968C930091A70E1091A80E37
:105AA0008091A10E0230110549F48091850E9091EC
:105AB000860E029709F0EBC280917A0EE985FA858D
:105AC00080A38091000F81A30E94402BA985BA85F5
:105AD00093969C938E9392970230110509F0D9C248
:105AE0008091850E9091860E029709F0D2C2809126
:105AF0007D0E90917E0EE985FA8595A384A30230F0
:105B0000110509F0C9C28091850E9091860E029709
:105B100009F0C2C288E69EE0A985BA8597969C9353
:105B20008E9396978091A20E9091A30E023011054C
:105B300059F48091850E9091860E029709F0AFC2BC
:105B400080917B0E90917C0EE985FA8591A780A7C4
:105B50002A960FB6F894DEBF0FBECDBFDF91CF916E
:105B60001F910F91FF90EF90DF90CF90BF90AF907B
:105B70008F907F906F905F904F903F902F900895FF
:105B800020E030E0A90161CF2C153D054E055F05F1
:105B900010F024E661CFA4E6B0E00E94F7EC970194
:105BA00086013695279517950795600F711F821FFF
:105BB000931FA70196010E94BEEC253631054105D1
:105BC000510508F449CFE5CFF3E0EF16F10408F0F2
:105BD0001BC18091700F882309F43DCF8091450E41
:105BE0009091460E0497B9F4E0917D0FF0917E0FED
:105BF000309709F430CF2091A60F3091A70F409134
:105C0000A80F5091A90FA4E6B0E00E94F7EC9F0105
:105C100050E040E0D0CF8FB7F8940091450E10913E
:105C2000460E2091ED033091EE033E832D832090AC
:105C3000EB033090EC03B090EA034091E8035091FD
:105C4000E90358874F83A090E7038090E6038FBF56
:105C500040E850E060E070E081E090E00E94F216E1
:105C600069837A838B839C830E942819811104C0E5
:105C70000E948A168823C1F04091480E5091490E27
:105C800060914A0E70914B0E83E090E00E94F216F4
:105C900049805A806B807C80460E571E681E791E94
:105CA000C12CD12C760132C00E94AA16811157C096
:105CB0008091700F40917B0F50917C0F811102C039
:105CC00050E040E070E060E082E090E00E94F21678
:105CD0006B017C0149805A806B807C804C0C5D1C80
:105CE0006E1C7F1C0E94E616882381F04091480EAE
:105CF0005091490E60914A0E70914B0E83E090E0F6
:105D00000E94F216460E571E681E791E4114510459
:105D10006104710409F49FCE0130110529F50B2DA2
:105D200010E030E020E070E8C72ED12CE12CF12CFF
:105D3000A1016D817E8181E090E00E945617920161
:105D4000A301641575058605970510F49B01AC0148
:105D5000A4E6B0E00E94F7ECA30192012CCF4980A9
:105D60005A806B807C809CCF0230110509F58F81B1
:105D700098858C0130E020E08091700FC0907B0FFF
:105D8000D0907C0F811102C0D12CC12CF12CE12CC0
:105D9000A1016D817E8182E090E00E9456172981E9
:105DA0003A814B815C81620F731F841F951FC7CF9F
:105DB00003301105F9F489819A81AB81BC818C0D86
:105DC0009D1DAE1DBF1D89839A83AB83BC83C0908C
:105DD000480ED090490EE0904A0EF0904B0EAF81E5
:105DE000B8858D0130E020E0A1016D817E8183E0E6
:105DF00090E0D3CF9201A301012B09F0A9CF20E0BD
:105E000030E040E050E0A4CF0730110509F023CE88
:105E10000E94FA0F049709F4BCCE80913804909147
:105E20003904A0913A04B0913B04892B8A2B8B2B27
:105E300009F411CE8FB7F8942091480430914904A9
:105E400040914A0450914B048FBFC0903804D090C9
:105E50003904E0903A04F0903B042C153D054E05C2
:105E60005F0558F569E2C6166CE5D6066FE8E606EA
:105E700062E0F606A0F05695479537952795D7012D
:105E8000C601B695A79597958795E1E0CE22DD24CA
:105E9000EE24FF24C80ED91EEA1EFB1EE3CFA4E6A3
:105EA000B0E00E94F7ECA70196010E94BEEC2436F8
:105EB00031054105510508F4CFCD23E6CDCDAC0128
:105EC00070E060E040901E0E50901F0E6090200E1B
:105ED0007090210E441655066606770608F4D2CD5A
:105EE000441A550A660A770AC090220ED090230EF3
:105EF000E090240EF090250E4C145D046E047F0497
:105F000010F024E6C0CD9C01A4E6B0E00E94E8ECCD
:105F1000A701960124193509460957092115E8E01A
:105F20003E074105510508F069C00E94BEEC2536C8
:105F300031054105510508F4A6CDE3CF9C01215060
:105F400031092330310508F05EC08091450E9091F3
:105F5000460E9C01215031092330310590F60197FE
:105F600021F40E94AA168111CCCF80915C0E9091F1
:105F70005D0EA0915E0EB0915F0E892B8A2B8B2B4C
:105F800009F4BFCF0E946F168115F8E09F0708F053
:105F900079CDAC0170E060E04090500E5090510E11
:105FA0006090520E7090530E4416550666067706A2
:105FB00008F468CD441A550A660A770AC0905C0E48
:105FC000D0905D0EE0905E0EF0905F0E4C145D047C
:105FD0006E047F0408F095CF9C01A4E6B0E00E9417
:105FE000E8ECA7019601241935094609570921153E
:105FF000A8E03A074105510508F497CF2FEF37E0A5
:1060000040E050E092CF8730910571F50E949410E6
:106010004FB7F89430914D0420914C044FBF332377
:1060200029F0211103C0009709F42CCD8115B8E0A7
:106030009B0708F027CD60914004709141046C01EA
:10604000F12CE12CC60ED71EE11CF11CC114D104A9
:10605000E104F10409F455CF9C01A4E6B0E00E94EC
:10606000E8ECA70196015ACF069709F00BCD809175
:106070003402811146CF0E9456A69C01A4E6B0E0EE
:106080000E94E8EC28EF3FE340E050E04ECF80E094
:1060900015CD90E080E02FCD86E493E03DCD80915A
:1060A000810E9091820E50CD1092A90E1092AA0EE0
:1060B00008951092FF0E8091060F9091070F813086
:1060C000910529F40E94C1D98093FF0E089502978B
:1060D000E9F70E94D1D9F8CFCF92DF92EF92FF92E9
:1060E0000F931F93CF93DF93CDB7DEB76E970FB6A5
:1060F000F894DEBF0FBECDBF8C018F30910509F43F
:10610000B1C00797FF24F394029760F006301105A1
:1061100009F0F12C0031110509F4A7C00A3011056E
:1061200009F4A3C0EE24E3940930110509F0E12C31
:10613000680182E0C81AD1080B30110509F098C037
:1061400082E08093140281E090E021E00D3011059F
:1061500009F020E02093E5039801277F25303105E1
:1061600011F483E090E02EE1289FB001299F700D8B
:1061700011246758754F4EE150E0CE0101960E9400
:1061800071E98E819F819093050280930402888536
:10619000998590930302809302028A859B85909350
:1061A0000902809308028C859D8590930702809355
:1061B00006020115110509F473C0F1100AC0FE2C86
:1061C000E11007C0FF24F39483E0C816D10408F05F
:1061D000F12CF09200021092D9038E859F85909346
:1061E0001202809311028A899B89909310028093F6
:1061F0000F028E8980930E028F8980930C02888D06
:1062000080930D02898D80930B028A8D80930A0200
:106210008B8D9C8D9093DD038093DC0383E0C81607
:10622000D10488F48CE795E19093120280931102D7
:106230009093100280930F0282E00430110509F060
:1062400081E08093D9036E960FB6F894DEBF0FBE3F
:10625000CDBFDF91CF911F910F91FF90EF90DF9015
:10626000CF900895FF24F3945DCFEE24E39460CFA4
:106270000C30110531F483E08093140282E090E049
:1062800064CF0E30110531F484E0809314028AE06B
:1062900090E05BCF81E08093140290E080E055CFE6
:1062A000FF24F39496CF8FB7F8941092E9031092DD
:1062B000E8031092DB031092DA03109201028FBF01
:1062C0000895E0E7FFE080E5DF011D928A95E9F798
:1062D0000895DB01FC013197EA30F10588F5882744
:1062E000EB58FE4C8F4F0C94E0EC7F3185318E31B2
:1062F000913194319A319D3188318B3197318BE0D6
:1063000090E08D939C9381E008958CE090E0F9CF2C
:106310008EE090E0F6CF8FE090E0F3CF86E090E063
:10632000F0CF87E090E0EDCF88E090E0EACF80E129
:1063300090E0E7CF89E090E0E4CF8AE090E0E1CF21
:106340001D921C92E0CF7F928F929F92AF92BF924C
:10635000CF92DF92EF92FF920F931F93CF93DF9331
:106360008C01E62E942E242F41E00E94C419782E31
:10637000292D40E06E2DC8010E94C419882E6801A5
:10638000E00EF12EF11CA12CB12CD0E0EC14FD0498
:1063900029F0F601C1916F01C1110CC0F801ED0F98
:1063A000F11DDD23A1F18291803211F08E3279F559
:1063B000D150F7CFCD3091F3781428F4EC2FF0E0E2
:1063C000E55EF94FC491C03211F0CE3211F4DD23F5
:1063D000E9F2692D8C2F0E94A319811116C0A1101A
:1063E000D5CFCFE5AA24A3948C2F8F7D81548A31F9
:1063F00020F080ED8C0F8A3010F4BB24B394F801A8
:10640000ED0FF11DC083DF5FC1CFA12CEDCFF801EF
:10641000ED0FF11D1082BB2029F0BB24B394D111E4
:1064200001C0B12C8B2DDF91CF911F910F91FF9067
:10643000EF90DF90CF90BF90AF909F908F907F9024
:10644000089580918714909188148130910581F48A
:1064500080E890E0A0E0B0E080937C1490937D14FD
:10646000A0937E14B0937F1490E080E00C942CC530
:10647000029731F48091A2049091A304892BA1F793
:1064800008958F929F92AF92BF92EF92FF920F93D7
:106490001F93CF93DF93E0908714F0908814E1145A
:1064A000F10439F0EC0101978115944020F00E942D
:1064B000213280E02CC06111FCCF00916E1410914C
:1064C0006F140115110571F540917514442309F4F9
:1064D000ACC2809174148C171D0611F008F0A5C28F
:1064E0004C171D0608F4A1C2809172149091731488
:1064F0008F3F980729F0019690937314809372143C
:1065000081E02091601430916114232B91F2DF918E
:10651000CF911F910F91FF90EF90BF90AF909F9000
:106520008F9008958EE694E1892B51F3CE010530CA
:10653000110509F0F5C00E9474C5209172143091C4
:10654000731481111CC02F3F310509F030F42F5F07
:106550003F4F309373142093721480917214909172
:1065600073148115914061F684E090E090936F146C
:1065700080936E141092731410927214C1CF20384D
:106580003105C0F3CE010E942CC5BACF8D3C9105D8
:1065900008F072C0C032D10508F09CC0E82F5C2F13
:1065A000550F550F550F252F281B581710F4282F5E
:1065B000251BBC017595679575956795683008F43E
:1065C00068E0621708F486C030E05E1708F44BC03C
:1065D0002C5F3F4FA3E036952795AA95E1F7820FF0
:1065E00090E090937114809370140F3F100731F076
:1065F0000F5F1F4F109373140093721480917214E5
:10660000909173148115914009F07ACF80917014A4
:10661000909171149C01215031092C3C310508F0F6
:106620006FCF582F9C0135952795359527952830A4
:1066300008F428E0251710F4482F421B50E0495F6A
:106640005F4F73E0569547957A95E1F74093741440
:10665000280F822F90E0E3E095958795EA95E1F782
:10666000809375144DCF2D5F3F4FF3E036952795FE
:10667000FA95E1F7821BB4CFBE01E3E0660F771F06
:10668000EA95E1F79B01281B390B6817790718F485
:106690009C01261B370BFC01F695E795F695E795CF
:1066A000E217F307B8F06817790750F02C5F3F4FF7
:1066B000B3E036952795BA95E1F7820F931F91CFF6
:1066C0002D5F3F4FA3E036952795AA95E1F7821BF2
:1066D000930B87CFCE010E9474C50031110508F4D9
:1066E00051CF813009F04ECF21E030E030936F146C
:1066F00020936E148093741410927514EA94EF280A
:1067000029F01092811410928014FACE63E0CC0F1D
:10671000DD1F6A95E1F7D0938114C0938014A0CF58
:106720000E9474C587FD2ECF0130110509F066C0A7
:1067300090917414813009F045C09F3F19F09F5F1C
:1067400090937414EA94EF2809F0DACE209175142E
:10675000203108F0D5CE53E0CC0FDD1F5A95E1F77C
:10676000211106C0D0938114C093801481E078CFAA
:106770008091801490918114C817D90790F0C81B9C
:10678000D90B249643E0D695C7954A95E1F7C80FF3
:10679000D91FD0938114C09380142F5F2093751458
:1067A000AFCEAC014D5F5F4F4C1B5D0B33E0569598
:1067B00047953A95E1F7841B950B9093811480934C
:1067C0008014EBCF9C50953208F0DCCE8091801481
:1067D0009091811490938614809385141092811463
:1067E000109280141092751482E090E090936F14D0
:1067F00080936E1481E08093741482CE0230110570
:10680000B1F490917414811107C09F3F09F478CEC0
:106810009F5F9093741474CE9C50953208F0B2CE62
:1068200083E090E090936F1480936E149FCF0330B9
:10683000110591F4813009F0A5CE809175148F5F18
:1068400080937514823009F05BCE84E090E09093E1
:106850006F1480936E1454CE20917614283050F427
:1068600090917714990F892B809377142F5F209341
:10687000761446CE813019F090E080E084CEC0914D
:1068800077148090781490907914A0907A14B09036
:106890007B1480917C1490917D14A0917E14B09112
:1068A0007F1488169906AA06BB0608F077C00091E7
:1068B0008014109181148C2F0E94B412800F912F9C
:1068C000911D9093811480938014EA94EF2809F02D
:1068D0005DC0E82DF0E0E75AFC4FC083809178144A
:1068E00090917914A0917A14B0917B140196A11D16
:1068F000B11D8093781490937914A0937A14B09377
:106900007B1420917C1430917D1440917E14509121
:106910007F1449015A0162E0860E911CA11CB11C32
:1069200088159905AA05BB0561F5609182147091DF
:1069300083148091801490918114E0918714F091D8
:106940008814319709F061C06817790781F589E5E6
:1069500093E09093A3048093A2048091701490918B
:106960007114909377048093760410928814109297
:10697000871420E030E0A90160E081E090E00E940F
:10698000C9C51092771410927614BACDA50194015E
:106990006C2F82E090E00E94C9C5A0CF80E090916A
:1069A00082148C2B909383148093821497CF85E06C
:1069B00090E090936F1480936E1410927314109261
:1069C000721410927414109275141092781410921C
:1069D000791410927A1410927B1480E890E0A0E071
:1069E000B0E080937C1490937D14A0937E14B093B8
:1069F0007F141092811410928014109283141092BC
:106A0000821481E080938414BCCF6817790751F415
:106A100083E090E060E00E94C9C510928814109253
:106A20008714AFCF84E090E0F5CF8EE694E1892B18
:106A300009F466CD8091701490917114009709F457
:106A4000A1CD0091721410917314442309F49ECDCA
:106A5000809174148C171D0611F008F03BCE4C1772
:106A60001D0608F437CE0F3F100709F449CD0F5F1C
:106A70001F4F109373140093721442CD2091A204FF
:106A80003091A304232B31F06115710521E08207B9
:106A9000910528F01092881410928714089522E02E
:106AA00030E0309388142093871410926114109270
:106AB000601460937C1470937D1480937E14909383
:106AC0007F1490E080E00C942CC581E090E09093DE
:106AD0008814809387141092A3041092A204109239
:106AE00077041092760410928614109285141092F6
:106AF00061141092601480E890E0A0E0B0E0809310
:106B00007C1490937D14A0937E14B0937F1490E036
:106B100080E00C942CC5FC01E55BFF4F2081223501
:106B200011F12B3119F1293221F525E030E0FC017A
:106B3000E45BFF4F4081413011F04637D1F4DC0176
:106B4000E6ECF7E085EB8F3020F094914C914913FF
:106B500010C08F5F119631968F30A9F7FB013183FA
:106B6000208381E0089527E030E0E1CF24E030E0A9
:106B7000DECF80E00895FC01218D2D34D1F021314C
:106B8000D9F02631E1F02032E9F423E030E0DC01F5
:106B90009096E0E2F8E088965D914491541312C01B
:106BA0003196A817B907C1F7FB013183208381E033
:106BB000089526E030E0EBCF21E030E0E8CF22E09E
:106BC00030E0E5CF80E00895CF93DF93DC01892B9F
:106BD00059F18C91813011F0863731F552968D91B3
:106BE0009C9153978A359105F9F454968D919C9117
:106BF00055978115944DC1F456968D919C91579758
:106C00008115944D89F4ED016896E4E2FCE05F960D
:106C100099918491981308C03196CA17DB07C1F780
:106C200081E0DF91CF91089580E0FBCFCF93DF9398
:106C3000EC0166E176E00E94381F81112FC061E10E
:106C400076E0CE010E94381F81112BC06CE076E007
:106C5000CE010E94381F811127C067E076E0CE0187
:106C60000E94381F811123C062E076E0CE010E94AD
:106C7000381F81111FC06DEF75E0CE010E94381FD3
:106C800081111BC068EF75E0CE010E94381F811191
:106C900017C090E080E0DF91CF91089581E090E00F
:106CA000FACF82E090E0F7CF83E090E0F4CF84E089
:106CB00090E0F1CF85E090E0EECF86E090E0EBCF82
:106CC00087E090E0E8CF9FB7F894ECE6F0E08081B1
:106CD0008D7F8083E8E6F0E080818D7F808382E095
:106CE0008BBB10920A0F10920D0F9FBF08958091D9
:106CF000030181708093580382E08BBBECE6F0E0E7
:106D0000808182608083E8E6F0E080818260808319
:106D10000895CF93CFB7F89410920D0F83E080932E
:106D20000A0F0E947736CFBFCF91089560E08FE0C1
:106D30000E9477C960E08FE00E943CC862E080E179
:106D40000E9477C961E082E00E9477C961E082E138
:106D50000E9477C961E083E10E9477C91092D31441
:106D600081E0809313021092570360E082E00E945A
:106D70003CC861E082E10E943CC860E083E10E947F
:106D80003CC89FB7F8941092900088E080939100DF
:106D900010929500109294002FEF3FEF30939900DE
:106DA00020939800E1E7F0E080818D7F808382E08E
:106DB00088BB9FBF10921B0410921A0410921904F2
:106DC00010921804109217041092160410921504D1
:106DD00010921404109213041092120410921C04C6
:106DE00008958FB7F894809156038FBF0895CF937D
:106DF000DF93CDB7DEB7AF970FB6F894DEBF0FBE07
:106E0000CDBFAC01892B61F18091000D882379F011
:106E100060917417709175176115710589F0198269
:106E20001A821B8220E0CE0101960E947188AF96E3
:106E30000FB6F894DEBF0FBECDBFDF91CF9108959E
:106E400060917617709177176115710549F01DA64D
:106E50001EA61FA620E0CE0101960E941C9BE7CF34
:106E600080E0E5CFCF92DF92EF92FF920E94D1CAED
:106E70006B018091550380FD08C00E94382080E09E
:106E8000FF90EF90DF90CF90089580915303909101
:106E900054039601281B390B2A30310580F3D09218
:106EA0005403C09253030E94EAC29C0161E0892B03
:106EB00009F060E09091550391FB882780F98613D3
:106EC00008C084E00E94791AD0925203C092510304
:106ED000D6CF92FB882780F98613F3CF40915103D8
:106EE00050915203C41AD50A82E3C816D10438F26D
:106EF000232B49F49F7E98609093550382E00E9473
:106F0000791A81E0BDCF977F9061F6CF0E9432372A
:106F1000809155038295817008950E943237809147
:106F2000550383FF05C0877F8093550381E0089553
:106F300080E008951092500310924F0310924E0378
:106F40000895AC0161E170E08FEE9CE00C94AC9D83
:106F50008091EF0C811104C089E994E00E94A1376F
:106F600061E085E30E9477C961E085E30E943CC847
:106F700062E083E00E9477C98091550380FF0C9402
:106F800038200C9432378CE794E00C94A137FC0144
:106F90001382128288EE93E0A0E0B0E084839583B0
:106FA000A683B78315AE14AE17AE16AE88EE92E088
:106FB000918380830895DF92EF92FF920F931F9346
:106FC000CF93DF930091891410918A140115110554
:106FD00049F480E0DF91CF911F910F91FF90EF90E6
:106FE000DF900895D42E7B01EC010E9434D4F80187
:106FF000E05AFD4F608171816115710589F0188239
:1070000019821A82D9ABC8AB2D2DA701CE010E94DF
:107010007188882311F081E0DDCF19AA18AADACF90
:10702000F801EE59FD4F608171816115710589F29A
:107030001CA61DA61EA6DBABCAAB2D2DA701CE013B
:107040000E941C9B8111E7CF1BAA1AAAC3CFFC0187
:1070500080A991A9892B39F481E022A933A9232B96
:1070600019F480E0089581E0089580EE94E10E9493
:107070002738882321F080EE94E10C9434D40895CD
:1070800090933102809330021092EA040C943538C8
:107090000E9435381092000D0E949A370E943237B4
:1070A0008091550384FD04C08FE794E00C94A137D0
:1070B0008DE894E0FBCFEF92FF920F931F93CF9355
:1070C000DF93CDB7DEB760970FB6F894DEBF0FBE83
:1070D000CDBF1091000D112309F442C080917817A3
:1070E00090917917892B41F00E9432378091550396
:1070F00084FF04C00E94483810E032C0E090781746
:10710000F090791720E030E0A9016AE0C7010E9401
:1071100095CC8823A1F08CE1F7018387C7010E94F9
:10712000CACB0E94D1CA40915003411127C021E02F
:107130002093500370934F0360934E0311C040E1BE
:1071400050E0BE016F5F7F4FC7010E941ACE082F2B
:10715000882321F3C7010E94CACB0E949A37102FBF
:10716000812F60960FB6F894DEBF0FBECDBFDF91C2
:10717000CF911F910F91FF90EF90089520914E03B2
:1071800030914F03FB01E21BF30BE436F10540F3B2
:1071900070934F0360934E034F3F21F081E0840FC3
:1071A00080935003809150038330D0F2A3CFAF92ED
:1071B000BF92CF92DF92EF92FF921F93CF93DF9314
:1071C000CDB7DEB7CD5AD1090FB6F894DEBF0FBEEA
:1071D000CDBF5C016B01892B61F0672B51F01091E1
:1071E000000D112331F080EE94E10E9427388823AE
:1071F000B9F08DEE95E00E94A13710E0812FC355C4
:10720000DF4F0FB6F894DEBF0FBECDBFDF91CF9139
:107210001F91FF90EF90DF90CF90BF90AF900895B7
:1072200060917417709175176115710571F019826D
:107230001A821B8220E0A601CE0101960E9471886D
:107240008823A1F081EE95E0D6CF609176177091FA
:1072500077176115710551F01DA61EA61FA620E027
:10726000A601CE0101960E941C9BEACFE090741704
:10727000F0907517E114F10409F45BC1C257DF4FB8
:107280001882CE58D040C157DF4F1882CF58D04017
:10729000C057DF4F1882C059D04080EDE81A8DEFFB
:1072A000F80A20E0A501B701CE0182579F4F0E9446
:1072B000EE87882309F44DC018AA19AA1AAA1982C0
:1072C0001A821B82C257DF4F8881CE58D040887106
:1072D00009F43FC0CC56DF4F28813981C459D040D2
:1072E000F701868197812817390799F5CE018257D2
:1072F0009F4F0E9437D180E2FE01E257FF4FDE012F
:10730000119601900D928A95E1F760E0CE018257C7
:107310009F4F0E947A88FC01892BD9F090E2DE0110
:10732000A15ABF4F01900D929A95E1F7C257DF4FD6
:107330008881CE58D04083FF15C021E5A601B70152
:10734000CE01C0960E94EE87C12CD12C760181110E
:1073500018C00E945B38182F882309F44FCF85EDA1
:1073600095E049CF20E0A601B701CE01C0960E946A
:10737000AE8A882371F36096CCACDDACEEACFFAC8A
:10738000609728968CAD9DADAEADBFAD2897CE551C
:10739000DF4F88839983AA83BB83C25AD0408CA9CC
:1073A0009DA9CE56DF4F99838883C259D0408BA9BF
:1073B000CF56DF4F8883C159D04088AD99ADAAAD73
:1073C000BBADCA56DF4F88839983AA83BB83C65956
:1073D000D04018AA1AAA61E0CE0182579F4F0E949E
:1073E0007A88009709F4B5CFDC011D9623E1EFE51B
:1073F000F0E0EC0FFD1F3D9601900D922A95E1F70C
:10740000AB962FADAB97FC012387C114D104E104E7
:10741000F10409F46FC0CC56DF4FE881F981C459FB
:10742000D0408481B701A601425051096109710918
:1074300004C0440F551F661F771F8A95D2F78189B4
:107440009289A389B489480F591F6A1F7B1F20E0C6
:10745000CF0184960E94ECCEFC01892B09F479CFF0
:1074600090E2B096DE01A15ABF4F01900D929A951D
:10747000E1F7B701A601CC56DF4F88819981C45945
:10748000D0400E942CD0882309F463CFCC56DF4F24
:10749000E881F981C459D040C655DF4F48815981F0
:1074A0006A817B81CA5AD0404250510961097109F1
:1074B000848104C0440F551F661F771F8A95D2F739
:1074C00081899289A389B489480F591F6A1F7B1F3C
:1074D00021E0CF0184960E94ECCEDC01892B09F4D7
:1074E00038CF90E2FE01E15AFF4F909601900D9245
:1074F0009A95E1F71D8E1E8E1F8E18A282E08B8357
:1075000088E08983CE0101960E947FD0882309F408
:1075100020CFCC56DF4F88819981C459D0400E943A
:10752000DF89882309F415CF0E949A370E94C33758
:1075300065CEE0907617F0907717E114F10409F426
:1075400008CFC557DF4F1882CB58D040C457DF4F04
:107550001882CC58D040C357DF4F1882CD58D04046
:10756000F0EDEF1AFDEFFF0A20E0A501B701CE0113
:10757000815A9F4F0E94989A882309F4EACE6D960B
:107580001FAE6D976E961FAE6E976F961FAE6F977C
:107590001DA61EA61FA6C557DF4F8881CB58D04019
:1075A000887109F4D6CEC158DF4F28813981CF5771
:1075B000D040F70180A191A12817390709F0C9CE61
:1075C00021E5A601B701CE01C0960E94989A8823B2
:1075D00009F4BFCE8FE2FE01E15AFF4FDE011196A2
:1075E00001900D928A95E1F789E0FE01EE5AFF4F76
:1075F000AFE5B0E0AC0FBD1F929601900D928A9559
:10760000E1F76C968FAD6C97C657DF4F8883CA58E9
:10761000D040C357DF4F8881CD58D0408068C357D2
:10762000DF4F8883CD58D040CE01815A9F4F0E94B2
:107630001893882309F48DCE1D8E1E8E1F8E18A2DE
:1076400082E08FA788E08DA7CE0101960E948296E6
:1076500068CF1F93CF93DF93CDB7DEB7AF970FB649
:10766000F894DEBF0FBECDBFAC01892B21F0109185
:10767000000D111110C08CEC95E00E94A13710E0B4
:10768000812FAF960FB6F894DEBF0FBECDBFDF914E
:10769000CF911F91089560917417709175176115BE
:1076A0007105C1F019821A821B8221E0CE01019678
:1076B0000E947188882331F0CE0101960E947FD00C
:1076C00081111EC00E945B38182F8823C9F28CEBF1
:1076D00095E0D3CF6091761770917717611571059A
:1076E00089F31DA61EA61FA621E0CE0101960E94C9
:1076F0001C9B882339F3CE0101960E948296E0CF2D
:107700000E949A370E94C337BBCF8F929F92AF924D
:10771000BF92CF92DF92EF92FF92CF93DF9380EEF2
:1077200094E10E942738882359F1E0911015F091D7
:107730001115309799F080899189A289B3894C01FC
:107740005D01C501B401DF91CF91FF90EF90DF9013
:10775000CF90BF90AF909F908F9008952091121579
:10776000309113152115310531F0F9018080918098
:10777000A280B380E6CF812C912CA12CB12CE1CF3B
:1077800060E070E0CB01DFCF8F929F92AF92BF920B
:10779000CF92DF92EF92FF92CF93DF9380EE94E14E
:1077A0000E942738882359F1E0911015F0911115A6
:1077B000309799F0808D918DA28DB38D4C015D0134
:1077C000C501B401DF91CF91FF90EF90DF90CF9092
:1077D000BF90AF909F908F90089520911215309197
:1077E00013152115310531F0F90180849184A284AB
:1077F000B384E6CF812C912CA12CB12CE1CF60E099
:1078000070E0CB01DFCF8F929F92AF92BF92CF9269
:10781000DF92EF92FF920F931F93CF934B015C0186
:107820008091000D882339F080EE94E10E94273882
:10783000C82F811110C00E944838C0E08C2FCF9112
:107840001F910F91FF90EF90DF90CF90BF90AF907E
:107850009F908F9008958091101590911115009729
:1078600081F0B501A4010E948BD4811119C00E943E
:107870005B38C82F882311F38DEA95E00E94A13769
:10788000DCCF8091121590911315009781F384013C
:10789000950140E050E060E070E00E94778EE5CF17
:1078A0000E949A37CBCFCF93C091700F81EF99E0B0
:1078B000CC23F9F0C091710FC1111DC08091770FD9
:1078C0009091780F04970297B8F50E94871A81E08B
:1078D0000E948C1A6091A20F7091A30F8091A40F47
:1078E0009091A50F0E94033CC82F811107C089EE1B
:1078F00099E00E9420268C2FCF9108951092A60F18
:107900001092A70F1092A80F1092A90F1092720F49
:107910001092730F1092AA0F1092AB0F1092AC0F2F
:107920001092AD0F84E090E09093760F8093750FE6
:1079300081E08093710FDFCF6091A20F7091A30F50
:107940008091A40F9091A50F0E94033CC82F81EE57
:1079500099E0CC2371F21092A60F1092A70F10920B
:10796000A80F1092A90F1092720F1092730F10921D
:10797000AA0F1092AB0F1092AC0F1092AD0F81E0D6
:107980008093710F0E94871A8091770F9091780FE2
:107990000397A1F480E00E948C1A0E94D1CA6093E0
:1079A000AA0F7093AB0F8093AC0F9093AD0F81E053
:1079B00090E09093760F8093750F9DCF81E0EBCF91
:1079C0008F929F92AF92BF92EF92FF920F931F936D
:1079D00020FF0AC02F3FEFEF3E074E075E0769F119
:1079E0002F5F3F4F4F4F5F4F49015A018094909452
:1079F000A094B09486169706A806B906F0F049013F
:107A00005A01860E971EA81EB91EE814F9040A052D
:107A10001B0598F00E94C43B681579058A059B05F3
:107A200060F0C501B4011F910F91FF90EF90BF90DE
:107A3000AF909F908F900C94033C80E01F910F912A
:107A4000FF90EF90BF90AF909F908F900895CF934D
:107A50008091000D882331F080EE94E10E94273858
:107A6000811106C00E944838C0E08C2FCF91089544
:107A700080EE94E10E942620C82F811109C00E9447
:107A80005B38882391F38EE995E00E94A137EDCF12
:107A90000E949A370E94C337E8CFCF93C091000D60
:107AA000CC2321F180EE94E10E9427388823F9F05D
:107AB000E0911015F0911115309761F00680F78173
:107AC000E02D80819181FC0125852130A9F0CF91A5
:107AD0000C942ACCE0911215F0911315309751F0C7
:107AE00000A0F1A1E02DE45DFD4FEBCFC1E08C2FB4
:107AF000CF910895C82FFBCFC0E0F9CF8F929F920E
:107B0000AF92BF92DF92EF92FF920F931F93CF93AA
:107B1000DF9300D01F92CDB7DEB74B015C0180919F
:107B2000000D882339F080EE94E10E942738D82E8A
:107B3000811114C00E944838D12C8D2D0F900F90C8
:107B40000F900F90DF91CF911F910F91FF90EF90C9
:107B5000DF90BF90AF909F908F900895E0901015A8
:107B6000F0901115E114F10409F474C0B501A401F9
:107B7000C7010E948BD48823A1F1F701828181FF84
:107B800030C0848D958DA68DB78D0097A105B10568
:107B900009F45BC044855585668577854115510597
:107BA0006105710549F119821A821B821C829E01AE
:107BB0002F5F3F4F868197810E94ABCF87FD11C019
:107BC000882311F1F70144855585668577850FEF88
:107BD0001FEF2FEF3FE0868197810E9436CF811102
:107BE00013C00E945B38D82E882309F4A6CF8EE8F4
:107BF00095E00E94A137A0CF89839A83AB83BC8391
:107C0000148E158E168E178E49815A816B817C8158
:107C1000411551056105710539F0F701868197819C
:107C20000E942CD08823E9F2F70180899189A289EA
:107C3000B389808F918FA28FB38F82818068828376
:107C4000C7010E9437D1882361F20E949A370E94AF
:107C5000C33773CFE0901215F0901315E114F104BF
:107C600009F4BFCF8401950140E050E060E070E08E
:107C7000C7010E94778E882309F4B3CFC7010E9401
:107C8000C093E1CF2F923F924F925F926F927F927B
:107C90008F929F92AF92BF92CF92DF92EF92FF921C
:107CA0000F931F93CF93DF93CDB7DEB760970FB6D7
:107CB000F894DEBF0FBECDBF6D837E838F83988720
:107CC0008091000D882339F080EE94E10E942738DE
:107CD000F82E81111DC00E944838F12C8F2D60961E
:107CE0000FB6F894DEBF0FBECDBFDF91CF911F91CD
:107CF0000F91FF90EF90DF90CF90BF90AF909F904B
:107D00008F907F906F905F904F903F902F9008954D
:107D1000C0901015D0901115C114D10409F4D7C02A
:107D2000D60112968C91129781FFC6C05C968D91F8
:107D30009D910D90BC91A02D892B8A2B8B2B09F046
:107D4000BBC0F60126803780D10114962C91275FA5
:107D50008D819E81AF81B8850197A109B10904C0C9
:107D6000B695A795979587952A95D2F78C019D0191
:107D70000F5F1F4F2F4F3F4F0D871E872F87388B69
:107D8000D10119968D909D90AD90BC901C97BFEF3E
:107D90008B1A9B0AAB0ABB0A24013501EF2CF101B7
:107DA000818D928DA38DB48D88159905AA05BB058B
:107DB00008F482C09E012F5F3F4FB501A401C101AD
:107DC0000E94ABCF282F87FD77C0B501A4014F5F7C
:107DD0005F4F6F4F7F4F89819A81AB81BC81892B27
:107DE0008A2B8B2B11F421110BC084149504A6044B
:107DF000B70409F0E12C2A013B014A015B01CFCF16
:107E0000DB01CA0184199509A609B7090D851E85EC
:107E10002F853889081719072A073B0771F7EE20C5
:107E200039F0D10119968D929D92AD92BC921C971A
:107E30000FEF1FEF2FEF3FE0B501A401C1010E943A
:107E400036CF8823C9F1481459046A047B04C0F46E
:107E50009501840101501109210931090D871E87FF
:107E60002F87388B950184014D855E856F857889D4
:107E7000C1010E9436CF8D849E84AF84B888E1CF43
:107E8000D6015C964D925D926D927C925F970D81CA
:107E90001E812F81388558960D931D932D933C9309
:107EA0005B9712968C911297806E12968C93C601F6
:107EB0000E9437D1811181C00E945B38F82E88233F
:107EC00009F40CCF80E895E00E94A13706CFC0905E
:107ED0001215D0901315C114D10471F3F60186A5C3
:107EE00081FFEACF848D958DA68DB78D892B8A2B46
:107EF0008B2B11F72D813E814F81588589019A0185
:107F000040E050E0BA010D831E832F8338874987F4
:107F10005A876B877C8700A0F1A1E02D98014F81E3
:107F2000588560E070E080E090E0AFEF0E9400EEE6
:107F3000DF01A15DBD4F0C91075F0E94DCED5A018E
:107F400049013FEF831A930AA30AB30A95018401FA
:107F500040E050E0BA01CF010E94B68C2B013C01F9
:107F600042E0441651046104710408F4A5CFEE24E4
:107F7000E3949501BC01A201D60190968D919C914C
:107F80000E948B8B882309F497CF0D81F60100871F
:107F90001E8111872F8122873885338714861586A5
:107FA00016861786448E558E668E778E86A5806CD3
:107FB00086A7C6010E9418937DCF0E949A370E941F
:107FC000C3378CCE0F931F93CF93DF938C01EB01BC
:107FD000892B11F0209729F488E795E00E94A137BA
:107FE0000CC08091000D882331F080EE94E10E9456
:107FF0002738811105C00E944838DFEFCFEF14C049
:10800000AE01B80180EE94E10E945A208C179D07C2
:1080100039F00E945B38882381F388E695E0DECF53
:10802000D82FC92F0E949A378D2F9C2FDF91CF9187
:108030001F910F910895BF92CF92DF92EF92FF921E
:108040000F931F93CF93DF93B090B304CB2DD0E069
:10805000CE018C549B4F6C01FC01008101110CC0BE
:1080600011E0812FDF91CF911F910F91FF90EF9041
:10807000DF90CF90BF9008950E944D3D182F811141
:10808000EFCFCC0FDD1FFE01E45FF24FE080F18007
:10809000C70101978115924070F580EC91E1BB20FA
:1080A00011F080EC9FE0B7010E94E23F8E159F0522
:1080B00011F58091AE049091AF04A091B004B091FD
:1080C000B1048E0D9F1DA11DB11D8093AE04909330
:1080D000AF04A093B004B093B104C45FD24F19822F
:1080E0001882F60110828091B30491E08927809371
:1080F000B304102FB6CF85ED9FE00E9498A7B1CFB3
:108100002F923F924F925F927F928F929F92AF9267
:10811000BF92CF92DF92EF92FF920F931F93CF9374
:10812000DF931F921F92CDB7DEB722E0E22EF12C33
:1081300077247394CC24C394D12CE0919704F0E07D
:10814000E056FB4F00810111CBC08091930488233E
:1081500091F08091690490916804911101C081951A
:108160000E94490E811110929304809193048823F8
:1081700021F301E0B5C00E943327082F882309F4BA
:1081800000C1809192048823A1F380916104882327
:1081900021F180909C0490909D04A0909E04B0904A
:1081A0009F04809167048823B1F081E00E94490E0A
:1081B000882371F08092620490926304A092640418
:1081C000B09265047092660410926104709260042B
:1081D0000E943327CCCF8FEFE9CF009160040023BA
:1081E00071F080E00E94490E882391F310926004A0
:1081F00080915D04882361F30E942A0EE9CF80916B
:108200005F04882309F4B5CF10915E04812F111605
:1082100014F08FE7810F90916704911101C081954F
:1082200090916604992309F4A7C08090620490900D
:108230006304A0906404B0906504898340916A044B
:1082400050916B0460916C0470916D042091100D3D
:108250003091110D2115310589F084169506A60679
:10826000B70660F01A012B01220E331E411C511C6F
:1082700082149304A404B50408F447C040916E042A
:1082800050916F0460917004709171042091120DEF
:108290003091130D2115310591F084169506A6062F
:1082A000B70668F01A012B01220E331E411C511C27
:1082B00020EC3FE082149304A404B50440F18091C3
:1082C000980490919904A0919A04B0919B04881607
:1082D0009906AA06BB0668F18FE89FE00E94F22A81
:1082E000802F0F900F90DF91CF911F910F91FF90F2
:1082F000EF90DF90CF90BF90AF909F908F907F9046
:108300005F904F903F902F90089520EC31E1841AB8
:10831000950AA60AB70A820E931EF4018083109272
:108320005F0411160CF068CF7092600470925D04C7
:108330004FCF0E944D3D082F81114ACFC501B40196
:108340000E94033C811103C083E89FE0C7CF61E036
:1083500070E0CE0101960E94E23F0197A9F760917B
:1083600098047091990480919A0490919B040E94C2
:10837000033C8111D4CFE8CF0E94490E8111CFCFA9
:1083800027CF80919404882341F0109294040E9496
:10839000F92A882309F4A4CFD0CECE0102960E94F8
:1083A000142B882309F4E5CE20919504309196048E
:1083B0008A812130310581F410929604109295043F
:1083C00090EF980F903718F08EEA9FE087CF0E94C9
:1083D000F92A8823C9F3B1CE2230310591F41092E5
:1083E00096041092950490919204992311F08F3F76
:1083F0001CF48AE99FE072CF80935E0470925F0460
:108400009CCE813029F4D0929604C092950495CEEA
:108410008230D9F58091920481112DC08091420F54
:108420008823C1F010928E0410928D0410928C0457
:108430000E94213280917D04873061F00E9496AFC6
:1084400010927C0410927B0410927A0410927904AA
:108450001092780470929204809191048093670442
:1084600010926604109261041092600410925F04EE
:1084700010925D0462CE80916604811103C07092F7
:1084800061045BCE7092600458CE833029F4F09280
:108490009604E092950451CE282F30E094E0359573
:1084A00027959A95E1F7182F1F702115310519F4BA
:1084B00084EA9FE013CF822F0E94F92A882309F4CF
:1084C0000FCF112309F439CE1093940436CEBF9206
:1084D000CF92DF92EF92FF920F931F93CF93DF9390
:1084E000B0907204CB2DD0E0CE0180569B4F6C0132
:1084F000FC01008101110CC011E0812FDF91CF91AF
:108500001F910F91FF90EF90DF90CF90BF90089553
:108510000E944D3D182F8111EFCFCC0FDD1FFE01C2
:10852000E05FF24FE080F180C70101978115924032
:1085300028F08DE69FE00E94F22ADFCF80EC91E1E7
:10854000BB2011F080EC9FE0B7010E94E23F8E1546
:108550009F0519F082E69FE0EECF809198049091FC
:108560009904A0919A04B0919B048E0D9F1DA11DAA
:10857000B11D8093980490939904A0939A04B093AA
:108580009B04C05FD24F19821882F601108280913D
:10859000720491E0892780937204102FAECF2F923E
:1085A0003F924F925F926F927F928F929F92AF9283
:1085B000BF92CF92DF92EF92FF920F931F93CF93D0
:1085C000DF93EC018B01892B11F0672B29F480E6F6
:1085D00095E00E94A1370CC08091000D882331F0F6
:1085E00080EE94E10E942738811105C00E9448382E
:1085F000CFEFDFEF38C0A801BE0180EE94E10E940A
:108600007D1FEC0197FF07C00E945B38882381F330
:1086100081E595E0DECF892B21F5E0911015F091F1
:1086200011153097A1F180899189A289B3891C0124
:108630002D01612C712C4301808D918DA28DB38D04
:108640005C016D01E12CF12C87019501A601B701B8
:10865000C80151016201730184010E9415EE09F005
:1086600068F50E949A37CE01DF91CF911F910F914B
:10867000FF90EF90DF90CF90BF90AF909F908F9042
:108680007F906F905F904F903F902F900895E09172
:108690001215F0911315309721F32080318042801C
:1086A00053806480758086809780A084B184C28462
:1086B000D384E484F58406851785C7CF0E945B3890
:1086C000882309F495CF82E495E083CF2F923F92DF
:1086D0004F925F926F927F928F929F92AF92BF92D2
:1086E000CF92DF92EF92FF920F931F93CF93DF937E
:1086F00000D01F92CDB7DEB76B017C015C834B834A
:108700001901DA011D921D921D921C921397F90115
:1087100011821082C114D104E104F10409F481C072
:1087200046015701F1E0CF16F2E0DF06E104F10463
:1087300028F0812C82E0982EA12CB12C9A8289827B
:10874000B40180EC91E10E94CF428815990529F18E
:1087500097FD1EC067E070E08DE39AE00E94E52A75
:1087600080E00F900F900F900F90DF91CF911F91AD
:108770000F91FF90EF90DF90CF90BF90AF909F90C0
:108780008F907F906F905F904F903F902F900895C3
:1087900066E070E087E49AE0E1CF00EC11E1D801F7
:1087A0008D918D010E94B412282FEB81FC814081B4
:1087B000518162817381482E512C712C612CDB0117
:1087C000CA0180959095A095B09584159505A6054C
:1087D000B705D8F48FEF9FEFDC0180839183A283EC
:1087E000B383F10180819181820F911D91838083F8
:1087F000C801805C914129813A818217930778F200
:10880000C818D908EA08FB0885CF440D551D661D18
:10881000771DAB81BC814D935D936D937C931397D2
:10882000E0CF81E09ECF2F923F924F925F926F9266
:108830007F928F929F92AF92BF92CF92DF92EF92F0
:10884000FF920F931F93CF93DF9300D000D01F921E
:108850001F92CDB7DEB71C018090640E9090650E1C
:10886000A090660EB090670E0E94853B861A970A0C
:10887000A80AB90A67E070E08EE69AE020E882165E
:108880009104A104B10408F49DC060E870E080EC9C
:108890009FE00E94CF428038910509F08DC000EC26
:1088A0001FE018861F82812C912C5401712CF80135
:1088B00081918F010E94B412880E911CA11CB11CE1
:1088C0002F813885280F311D38872F83739430E826
:1088D0007312EDCFC090D20FD090D30FF12CE12CBA
:1088E000C0925C0ED0925D0EE0925E0EF0925F0E32
:1088F0004090640E5090650E6090660E7090670E0A
:108900000E94853B461A570A680A790A67E070E0B8
:1089100080E59AE04C145D046E047F0408F452C0B4
:108920006101EF80F8849501840140E850E060E047
:1089300070E081E00E94BE12811102C080E023C07D
:1089400060915C0E70915D0E80915E0E90915F0E55
:108950009E012B5F3F4FAE014F5F5F4F0E9466430A
:10896000882361F3ED80FE8009811A812B813C818F
:1089700040915C0E50915D0E60915E0E70915F0EA5
:1089800080E00E94BE1228960FB6F894DEBF0FBE9C
:10899000CDBFDF91CF911F910F91FF90EF90DF90AE
:1089A000CF90BF90AF909F908F907F906F905F908F
:1089B0004F903F902F90089597FF07C066E070E0BA
:1089C00085E69AE00E94E52AB9CF67E070E08BE582
:1089D0009AE0F8CF8F929F92AF92BF92CF92DF92A0
:1089E000EF92FF92C090640ED090650EE090660EFC
:1089F000F090670E0E94853BC61AD70AE80AF90A6A
:108A000080E8C816D104E104F10480F467E070E066
:108A100082E39AE00E94E52A80E0FF90EF90DF90E9
:108A2000CF90BF90AF909F908F90089560E870E0D6
:108A300080EC9FE00E94CF428038910561F097FF63
:108A400005C066E070E089E29AE0E4CF67E070E09C
:108A50008FE19AE0DFCFC090D20FD090D30FF12CEE
:108A6000E12CC0925C0ED0925D0EE0925E0EF09210
:108A70005F0E8090640E9090650EA090660EB09090
:108A8000670E0E94853B861A970AA80AB90A8C14B9
:108A90009D04AE04BF0428F467E070E084E19AE02E
:108AA000B9CF6093540E7093550E8093560E9093E9
:108AB000570EC60ED71EE81EF91EC092580ED09251
:108AC000590EE0925A0EF0925B0E1092EA03109249
:108AD000500E1092510E1092520E1092530E109290
:108AE000470E0E94533181E098CF8F929F92AF92B0
:108AF000BF92CF92DF92EF92FF920F931F9340911C
:108B0000500E5091510E6091520E7091530E809103
:108B10005C0E90915D0EA0915E0EB0915F0E4817B5
:108B200059076A077B0730F08FB7F89491E090936C
:108B300001029FC00E946F16811528E0920790F0F5
:108B400066E070E08BE09AE00E94E52A80E01F91E9
:108B50000F91FF90EF90DF90CF90BF90AF909F90DC
:108B60008F9008956FEF77E0681B790B09F482C04E
:108B7000613082E0780710F060E072E0C0905C0E37
:108B8000D0905D0EE0905E0EF0905F0E0091500E62
:108B90001091510E2091520E3091530ECB01B0E046
:108BA000A0E046015701801A910AA20AB30A88166A
:108BB0009906AA06BB0618F4B601601B710B80EC7F
:108BC00091E10E94CF4297FF05C066E070E082E02D
:108BD0009AE0BACF009729F467E070E088EF99E057
:108BE000B3CF2091DA033091DB03E0ECF1E1D9015E
:108BF000B7704191A551BB4F4C932F5F3F4FAF01D1
:108C0000405C51414817590794F3092E000CAA0BF8
:108C1000BB0B4091500E5091510E6091520E7091CD
:108C2000530E840F951FA61FB71F8093500E90936D
:108C3000510EA093520EB093530E8FB7F894309309
:108C4000DB032093DA030091500E1091510E209116
:108C5000520E3091530E40915C0E50915D0E60911A
:108C60005E0E70915F0E041715072607370708F090
:108C70005DCF8FBF81E06BCFCF93DF934091500EDC
:108C80005091510E6091520E7091530E80915C0E76
:108C900090915D0EA0915E0EB0915F0E481759073E
:108CA0006A077B0768F40E946F16EC010E94754505
:108CB000282F8823C1F00E946F168C179D07F1F6AC
:108CC00080915C0E90915D0EA0915E0EB0915F0E52
:108CD00021E0892B8A2B8B2B31F00E946F1621E02B
:108CE000892B09F420E0822FDF91CF910895CF9353
:108CF00060914C0E70914D0E80914E0E90914F0EE2
:108D00000E94033CC82F811109C066E070E08FEF1C
:108D10009BE00E94E52A8C2FCF9108954091480E48
:108D20005091490E60914A0E70914B0E40935C0E2B
:108D300050935D0E60935E0E70935F0E80914C0EAB
:108D400090914D0EA0914E0EB0914F0E840F951F35
:108D5000A61FB71F8093580E9093590EA0935A0EDA
:108D6000B0935B0E1092500E1092510E1092520E54
:108D70001092530E1092470E0E9453310E943C46AF
:108D8000C82F882341F281E08093470EC4CF2F92F1
:108D90003F924F925F926F927F928F929F92AF928B
:108DA000BF92CF92DF92EF92FF920F931F93CF93D8
:108DB000DF93CDB7DEB7C757D1090FB6F894DEBF42
:108DC0000FBECDBF3C010091850E1091860E209004
:108DD000640E3090650E4090660E5090670EE396DC
:108DE0002CAE3DAE4EAE5FAEE397019711F4712C01
:108DF000612CC3010E946C300E94853B60934C0E35
:108E000070934D0E80934E0E90934F0E80915C0E9A
:108E100090915D0EA0915E0EB0915F0E8093480E12
:108E20009093490EA0934A0EB0934B0E70927C0E15
:108E300060927B0E8091850E9091860E029709F4C8
:108E400013C11092680E8091850E9091860E029744
:108E500001F52090580E3090590E40905A0E5090C7
:108E60005B0EE3962CAE3DAE4EAE5FAEE397109236
:108E7000600E1092610E1092620E1092630E1092AC
:108E80001D0410921E0410921F041092200401E091
:108E900010E020904C0E30904D0E40904E0E5090B1
:108EA0004F0E0E9461316114710409F420C2C301A4
:108EB0000B97049708F41BC20130110509F017C283
:108EC00080EC9FE0892B09F412C22091C00F213061
:108ED00019F0263709F00BC22093830F81E1E1ECF2
:108EE000FFE0A4E8BFE001900D928A95E1F7409180
:108EF000D20F5091D30F50937E0F40937D0F8091EE
:108F0000D40F9091D50F9093800F80937F0F609135
:108F1000D60F7091D70F7093820F6093810F3DE051
:108F2000E2EDFFE0A5E9BFE001900D923A95E1F78F
:108F30002092A20F3092A30F4092A40F5092A50F3F
:108F40004115510509F4D3C14C01B12CA12C70E09D
:108F500060E075016C01C40ED51EE61EF71E31E0FF
:108F6000C316D104E306F10408F0C1C1420D531D3C
:108F7000641D751DE3962CAC3DAC4EAC5FACE39725
:108F8000241635064606570608F4B1C13FE06316BD
:108F9000710409F4B2C6A30146505109433051058A
:108FA00008F4ABC660E16616710409F4DEC69301ED
:108FB000295031092230310508F4E7C273E0671601
:108FC000710409F4A0C2A4E06A16710409F03BC25E
:108FD00011E58115904108F413E50E94C016180FA1
:108FE0001F5F412E512C712C612CD301C201885F6F
:108FF0009E4EAF4FBF4FE9E0CE16E1E1DE06E10441
:10900000F10408F457C088169906AA06BB0608F0B2
:1090100051C080917F0F9091800FB0E0A0E0F0EC04
:109020005F0E611C711C20917D0F30917E0FAC0191
:10903000BD01420F531F611D711D4130504C610530
:10904000710508F04EC1612F80E090EC0E94A81DD0
:10905000882309F44CC185E090E09093780F8093C9
:10906000770F80E090EC36C081EC9FE0892B09F40B
:1090700076C688E69EE0009709F4EBCEA1ECBFE04F
:10908000FC018D9181933EE0E937F307D1F710920F
:10909000790E41E061E188E69EE00E94A3318111F2
:1090A000D2CE4DE15CE062E170E088E69EE00E9495
:1090B000989DC9CE612F88E091E10E94A81D882368
:1090C00009F4A7CF84E090E09093780F8093770F16
:1090D00088E091E190937A0F8093790F812F90E04F
:1090E00090937C0F80937B0F81E08093700F0E94A0
:1090F0008A16882309F494C284E89FE0892B09F436
:10910000E9C0D090810FE090820FB0907F0FC090A7
:10911000800F90907D0FA0907E0FF0907B0F0091BC
:10912000790F10917A0F6F2DC8010E94B3C6882362
:1091300009F4D0C00E943EC7811101C081E0075BE5
:109140001F4F6FEA6093D80F91E29093D90F10925E
:10915000DA0F50ED5093DB0F77E77093DC0F21E1CE
:109160002093DD0F41E04093DE0F5093DF0F4093DB
:10917000E00F37EE3093E10F33E03093E20F3DEE36
:109180003093E30FE0EBE093E40F9093E50F00934F
:10919000E60F1093E70F2093E80F1092E90F50931A
:1091A000EA0F4093EB0F8093EC0F1092ED0F30938A
:1091B000EE0FE093EF0F86E18093F00F84EE809343
:1091C000F10F4EE14093F20F40EE4093F30F909376
:1091D000F40F1092F50F1092F60F4AE44093F70F38
:1091E0003093F80F59E75093F90F4EE74093FA0F79
:1091F0004BE44093FB0F3093FC0F5093FD0F7093A3
:10920000FE0F33E23093FF0F3BEC3093001034E657
:109210003093011038E23093021033EF3093031093
:109220003EE33093041035E13093051032E3309380
:109230000610409307103AE03093081090930910FD
:1092400090920A10A0920B1032E230930C1042E080
:1092500040930D1020930E1090930F10B0921010A9
:10926000C09211103093121094E090931310209339
:1092700014109DEC909315109AE290931610109292
:1092800017109AED909318109EEF9093191010926A
:109290001A1060931B1093ED90931C1080931D1077
:1092A00083EC80931E10D0921F10E09220100E9439
:1092B0003EC724E83FE0A1E2B0E190E08111A3C104
:1092C000E0EFF9E1E491E093211081E0875BF8168B
:1092D00009F4CDC167E070E081E59CE00E94E52AD9
:1092E00044C384159505A605B70508F0ACCE80915A
:1092F000850E9091860E029709F0FCC4AD961CAEC7
:109300001DAE1EAE1FAEAD971092600E1092610E94
:109310001092620E1092630E10921D0410921E04A1
:1093200010921F041092200430ECC32E3FE0D32E85
:10933000F12CE12C812C912C540110E0D6018D915F
:109340006D010E94B412880E911CA11CB11CE80E84
:10935000F11C1F5F103891F7FE01E759FF4F6F01B5
:109360009501840140E850E060E070E081E00E94F7
:10937000BE12882309F4F9C260914C0E70914D0E13
:1093800080914E0E90914F0E0E94033C882309F469
:10939000ECC26091480E7091490E80914A0E9091F6
:1093A0004B0E9E0123593F4FAE014F5F5F4F0E940E
:1093B0006643882309F4D9C2AF96EEACFFACAF97F1
:1093C00009811A812B813C814091480E5091490EB0
:1093D00060914A0E70914B0ECE0187599F4F6C01E0
:1093E00080E00E94BE12882309F4BFC2AD968CAD06
:1093F0009DADAEADBFADAD978F3FEFEF9E07AE0712
:10940000BE0739F00196A11DB11DB695A795979598
:1094100087958093600E9093610EA093620EB09337
:10942000630E60914C0E70914D0E80914E0E909196
:109430004F0E0E94033C182F81115CC466E070E05F
:1094400086E39CE032C135E06316710409F087C001
:1094500084E89FE010E0892B39F00E943EC781111B
:1094600001C081E019E4180F8FEF810F883608F0F2
:109470003ECF412E512C712C612CD301C201885F4B
:109480009E4EAF4FBF4F49E0C41641E1D406E10400
:10949000F10448F188169906AA06BB0620F58091CA
:1094A0007F0F9091800FB0E0A0E050EC550E611C52
:1094B000711C20917D0F30917E0FAC01BD01420FD8
:1094C000531F611D711D4130504C61057105A8F499
:1094D000612F80E090EC0E94A81D882309F407CF3B
:1094E00087E090E0BACD612F88E091E10E94A81D4D
:1094F0008823A9F286E090E0E7CD84159505A605BE
:10950000B70530F7F4CEF1E1CF16DF06E104F10440
:1095100018F08037914188F083E090E09093780FC5
:109520008093770F1092740F80E191E190937A0FFE
:109530008093790F80E690E0D3CD31E0C31630EC14
:10954000D306E104F10408F0D2CE83E090E09093DA
:10955000780F8093770F81E08093740FE5CF61E0FF
:10956000C61661E1D606E104F104A8F581E090E0B9
:109570009093780F8093770F80E091E190937A0F2A
:109580008093790F85E590E0E0C371E0C71674ED34
:10959000D706E104F10440F08AE5881684ED9806C8
:1095A000A104B10408F4A3CE90E080E04B30510553
:1095B00028F44A505D4FDA018C9190E09093780F37
:1095C0008093770F80E094ED90937A0F8093790FDA
:1095D0008AE590E0BAC3B5E58B16B1E19B06A1041C
:1095E000B10420F6E1E0CE16E0ECDE06E104F10481
:1095F00008F07DCE82E090E09093780F8093770F13
:1096000080E090ECBBCF9F5FF90141919F01E42F77
:10961000F0E0E053F64EE491ED938913F4CF56CE8B
:109620000E949A16882309F443C068E670E0CE01D0
:1096300001960E94A61A8C0180917B0F90917C0F5D
:109640000817190709F046CE602F8091790F909185
:109650007A0F0E94B3C6882309F43CCEA80155278F
:10966000BE016F5F7F4F88ED9FE00E943FEE0E943A
:10967000AA168111D1C00E9428198111CDC00E9463
:109680008A16182F8111C8C060E072E080EC91E169
:109690000E94A61A9C01215031092F3F374008F43F
:1096A00083C067E070E08CE29CE00E94E52AB9C2CA
:1096B0000091770F1091780FC8010E94FF18E09079
:1096C000790FF0907A0F0330110511F08823C9F05B
:1096D0009BEB9093C00F1092D20F1092D30F109269
:1096E000D40F92E19093D50FE092D60FF092D70F5E
:1096F00081112EC08091830F8093D80F80917E0FAF
:1097000034C0C8010E94D81620917B0F90917C0F25
:10971000882309F43CC02093D20F9093D30FE0929A
:10972000D40FF092D50FE092D60FF092D70F88EDBC
:109730009FE0009709F49BCFE4E2FCE0DC0180EEBF
:109740009FE024912D9331968A179B07D1F78FCFF5
:1097500081E08093D80F0950110981E1053011058E
:1097600020F40F5F1C4FD8018C918093D90F86E0B5
:10977000E5E9FFE0AAEDBFE001900D928A95E1F7DF
:1097800060E670E080EE9FE00E94A61A70CF209302
:10979000D20F9093D30FE092D40FF092D50FE092B6
:1097A000D60FF092D70F63CFE0ECF1E130E020E08C
:1097B0004191D901A551BB4F4C932F5F3F4F821769
:1097C0009307B1F72FB7F8941092E9031092E803CA
:1097D0009093DB038093DA0331E0309301022FBFD3
:1097E000B0E0A0E080935C0E90935D0EA0935E0EBF
:1097F000B0935F0E8093500E9093510EA093520E33
:10980000B093530E1092580E1092590E10925A0E99
:1098100010925B0E1092470E0E940D19882309F4D6
:109820004CC21E01E9E62E0E311CD1011D921D9283
:109830001D921C921397A0ECEA2EAFE0FA2EB0E432
:10984000CB2EB0E1DB2E10E000E0412C512C320198
:10985000F70181917F010E94B412480E511C611CD6
:10986000711C080F111DCE14DF0491F749825A8232
:109870006B827C82AF961FAF0EAFAF97209108022C
:10988000309109028091060290910702B0E0A0E0B9
:10989000AC01BD01420F531F611D711DE3964CAF1A
:1098A0005DAF6EAF7FAFE397209104023091050268
:1098B0008091020290910302B0E0A0E0AC01BD01F2
:1098C000420F531F611D711DE7964CAF5DAF6EAF28
:1098D0007FAFE79750910A02E8965FAFE8978090D4
:1098E0000C02912CA0900E02B12CC0901102D090CD
:1098F0001202F12CE12C3F922F92E3966FADE39789
:109900006F93E2967FADE2977F93E1968FADE197FB
:109910008F93E0969FADE0979F93E796AFADE79763
:10992000AF93E696BFADE697BF93E596EFADE597AB
:10993000EF934F931F9282E08F931F921F921F927B
:109940005F93A301920160E870E080E090E00E94E4
:10995000F1140FB6F894DEBF0FBECDBF811107C062
:1099600080915D0F863009F09AC110E05AC10E94C3
:10997000E616882309F480C060E072E080EC91E193
:109980000E94A61A5C01892B59F38091700F8823DD
:1099900039F380917B0F90917C0FA816B90601F7DF
:1099A000F0ECCF2EF1E1DF2E10E000E0412C512C45
:1099B0003201C601805C91418A159B0560F4D60195
:1099C0008D916D010E94B412480E511C611C711CD6
:1099D000080F111DEECF49825A826B827C82AF96AE
:1099E0001FAF0EAFAF9780900B02912C80910D02AC
:1099F000282F30E0C0900F02D0901002F12CE12C03
:109A0000B50190E080E03F922F92E396BFADE397DF
:109A1000BF93E296EFADE297EF93E196FFADE1974A
:109A2000FF93E0964FADE0974F93E7965FADE797D2
:109A30005F93E696AFADE697AF93E596BFADE5973A
:109A4000BF93E496EFADE497EF931F921F921F929E
:109A5000E2E6EF931F92E896FFADE897FF93590176
:109A6000A30192010E94F1140FB6F894DEBF0FBE5D
:109A7000CDBF882309F474CF60914C0E70914D0EC8
:109A800080914E0E90914F0E0E94033C882309F462
:109A900067CF6091480E7091490E80914A0E909167
:109AA0004B0E9E0123593F4FAE014F5F5F4F0E9407
:109AB0006643182F882309F463C0AF960EAD1FAD1F
:109AC000AF9729813A814B815C814090480E50903C
:109AD000490E60904A0E70904B0EE091770FF09116
:109AE000780F3697E930F10508F0D7C08827E45899
:109AF000F24B8F4F0C94E0EC2C4E2C4E934D8C4D32
:109B0000464E404E394E854D334E92E080E0EFE3B5
:109B1000FCE367E27FE10DC092E080E0E8EFF8E16E
:109B200069E47DE006C092E080E0E4E1F5E165E211
:109B30007CE03F922F921F921F92FF93EF931F9210
:109B40001F927F936F931F929F931F928F931F92E9
:109B500082E08F9364E1862E912C74E1A72EB12CC4
:109B6000ECE7CE2EE5E1DE2EE12CF12CC301B201B3
:109B70000E94F114182F0FB6F894DEBF0FBECDBFB0
:109B800060914C0E70914D0E80914E0E90914F0E43
:109B90000E94033C882309F4E3CE112309F4E0CEAC
:109BA0000E948A16D1014D915D916D917C9188231F
:109BB00089F0403EBCEF5B07BFEF6B077B0708F007
:109BC000CFCE405E5C4F6F4F7F4FF101408351839A
:109BD00062837383F10180819181A281B3818F3F80
:109BE000FFEF9F07AF07BF0739F00196A11DB11D19
:109BF000B695A795979587958093600E9093610E83
:109C0000A093620EB093630E0E94281981116DC05B
:109C10000E948A16811169C081E090E00E941711AC
:109C200011E0812FC958DF4F0FB6F894DEBF0FBE89
:109C3000CDBFDF91CF911F910F91FF90EF90DF90FB
:109C4000CF90BF90AF909F908F907F906F905F90DC
:109C50004F903F902F90089592E080E0E0E0F4E193
:109C600060E07AE066CF90E082E6EEE9FEE36FE442
:109C700051CF90E082E6E8E5F3E26CEA71E159CF7A
:109C800090E082E6E0E4FAE160E24BCF92E080E02F
:109C9000EDEEFEE16EEC7FE04CCF10E071CF8091F5
:109CA000850E9091860E029729F488E49CE067E087
:109CB00070E014CB8FE39CE0FACF8091850E9091F9
:109CC000860E1092600E1092610E1092620E10922B
:109CD000630E029709F098CF10921D0410921E0493
:109CE00010921F04109220048FCF0E94774681119A
:109CF00093CF3BCE0E943C46FACF213009F0F7CA01
:109D000041E1C416D406E104F10440F050E78516A1
:109D100051E19506A104B10408F4E9CAF3013697AC
:109D200090E080E0EB30F10520F4EA50FD4F8081B7
:109D300090E09093780F8093770F80E191E190937A
:109D40007A0F8093790F80E690E02091770F309121
:109D5000780F2230310509F0C3C90F96C1C988E6D2
:109D60009EE0892B09F09DC974C8F1E0CF16F4ED8F
:109D7000DF06E104F10408F41CCC2AE5821624ED88
:109D80009206A104B10408F014CCB1CA0F931F933A
:109D9000CF930E948F19811528E0920758F066E052
:109DA00070E084EB97E00E947C2680E0CF911F91C9
:109DB0000F9108956FEF77E0681B790BC9F0613060
:109DC00082E0780710F060E072E080EC91E10E94A0
:109DD000CF4297FF05C066E070E08AEA97E0E3CFE4
:109DE000009741F48FB7F89491E0909342028FBFAF
:109DF00081E0DCCF20912F0E3091300EE0ECF1E1CC
:109E0000D901B7704191A551BB4F4C932F5F3F4F84
:109E1000AF01405C51414817590794F3092E000CDB
:109E2000AA0BBB0B40911E0E50911F0E6091200E8D
:109E30007091210E840F951FA61FB71F80931E0ED1
:109E400090931F0EA093200EB093210ECFB7F894DD
:109E50003093300E20932F0E0E94853B0091220EEE
:109E60001091230E2091240E3091250E601771075A
:109E70008207930718F081E080934202CFBFB8CFEA
:109E8000CF93DF93EC01892B49F487EE94E00E9495
:109E9000A137C0E08C2FDF91CF9108950E945B38ED
:109EA0008823B9F380EE94E10E942738882321F0BB
:109EB00080EE94E10E9434D442E3BE0180EE94E14E
:109EC0000E94DB37C82F811109C00E945B388823AC
:109ED00001F386ED94E00E94A137DCCF0E949A370F
:109EE0000E94C337D7CFCF93DF93EC01892B49F47E
:109EF0008DEC94E00E94A137C0E08C2FDF91CF91D0
:109F000008950E945B388823B9F380EE94E10E94A3
:109F10002738882321F080EE94E10E9434D440E079
:109F2000BE0180EE94E10E94DB37C82F811109C089
:109F30000E945B38882301F38EEB94E00E94A137E6
:109F4000DCCF0E949A370E94C337D7CFCF93DF93DD
:109F5000EC012C96CE010E942738882319F0CE01FF
:109F60000E9434D4DF91CF910C945B38DC01D09601
:109F7000ED91FC91D197309739F09081907D81E0FF
:109F8000911101C080E00895D296ED91FC91309737
:109F9000C9F394A59075F3CF8F929F92AF92BF9221
:109FA000CF92DF92EF92FF920F931F93CF93DF93A5
:109FB0007C018B01EA0188E4DA011D928A95E9F7B8
:109FC0006701BCE0CB0ED11CBA01C6010E94F3C3ED
:109FD000FE01EF5BFF4F21E0009709F020E02083B6
:109FE0001FAE892B39F440EB54E060E470E0CE0101
:109FF0000E94AC9DC6010E94B64FFE01E05CFF4F7F
:10A000008083D701DC96ED91FC91DD973097E1F0EC
:10A01000808C918CA28CB38CFE01EE5BFF4F808212
:10A020009182A282B382CA5BDF4F19830883DF91DA
:10A03000CF911F910F91FF90EF90DF90CF90BF9045
:10A04000AF909F908F900895DE96ED91FC913097A0
:10A0500029F080849184A284B384DECF812C912C5A
:10A06000A12CB12CD9CF8EBD00000DB407FEFDCFC1
:10A070008EB508958CBD9DBD0895CF92DF92EF926D
:10A08000FF920F931F93CF93DF931F921F92CDB731
:10A09000DEB7182F0E94A837111118C08091000D4B
:10A0A0008823A1F00E945B38882381F00E94C33787
:10A0B0000E94382081E00F900F90DF91CF911F9187
:10A0C0000F91FF90EF90DF90CF9008950E94353868
:10A0D0001092000D0E949A3782EA94E00E94A13704
:10A0E00061E085E30E943CC80E94259B82E590E0E8
:10A0F0000E943A501AE08FEF0E9433501150D9F766
:10A100001092831710928617109287171092881753
:10A11000109289171092851785E38093841761E068
:10A120000E9477C961E0809184170E943CC882E553
:10A1300080937C1710927D170E94259B81E080936D
:10A1400083178AE797E10E9411CC61E08091841720
:10A150000E943CC81AE00E94C7CB1150E1F760E0B2
:10A16000809184170E943CC80E94D1CA6053784FE6
:10A170007A83698320E030E0A90160E08AE797E113
:10A180000E9495CC082F813069F1CE0101960E9482
:10A1900045CC882379F381E0809385178AE797E19E
:10A1A0000E94CACB8AE797E190937917809378173A
:10A1B000892BA1F080918517811110C061E08AE799
:10A1C00097E10E9474D1811177C060E08091781787
:10A1D000909179170E9474D181116EC00E94483805
:10A1E00080E069CF2AEA31E040E050E068E08AE7A9
:10A1F00097E10E9495CC82FD11C014E00E94C7CB6C
:10A20000809388171150D1F78A3A29F1CE0101962F
:10A210000E9445CC882331F386E0BECF11E0C12CEB
:10A22000D12C760120E030E0A90167E38AE797E1CD
:10A230000E9495CCA701960169E28AE797E10E9406
:10A2400095CC882379F0CE0101960E9445CC8823D5
:10A2500049F387E1A1CF12E0C12CD12CE12C80E49D
:10A26000F82EE0CF1230C9F420E030E0A9016AE313
:10A270008AE797E10E9495CC882311F082E18CCF88
:10A280000E94C7CB807C803C09F413E00E94C7CBBE
:10A290000E94C7CB0E94C7CB012F8AE797E10E949B
:10A2A000CACB80E580937C1781E080937D17009373
:10A2B00089178093821776CF81E08093000D0E94EA
:10A2C0009A370E945B38882309F4F5CEEFCE80914F
:10A2D000000186958170089580931302682F82E1B2
:10A2E0000C943CC80E9470C80E94353881E080936D
:10A2F000420210922E0E1092320E1092310E1092D7
:10A30000300E10922F0E10922B0E10922A0E1092D9
:10A31000290E1092280E1092270E1092260E1092DF
:10A32000220E1092230E1092240E1092250E1092DF
:10A330001E0E10921F0E1092200E1092210E0C94E1
:10A340006C51882329F0109A81E080930D0E0895B6
:10A35000109880E0FACF1F93CF93DF931F921F9244
:10A36000CDB7DEB71A8219821FB7F8948091B7046F
:10A37000823021F08091B704833021F50E9463364A
:10A380008091B704823029F5CE0101960E94330FE7
:10A3900010922101909173009D7F9093730092E041
:10A3A0009ABB8823F1F089819A810E944D0F8823FE
:10A3B000C1F00E94130F8823A1F01092B70480E02F
:10A3C0000E94A1511FBF0F900F90DF91CF911F915D
:10A3D000089580915A0490915B049A83898381E067
:10A3E000D7CF84E08093B704EACF2F923F924F9269
:10A3F0005F926F927F928F929F92AF92BF92CF9215
:10A40000DF92EF92FF920F931F93CF93DF931F92F0
:10A410001F92CDB7DEB718160CF05CC06091A40493
:10A4200090E00E944132382E8091A40491E0892767
:10A430008093A404311018C033243394832D0F90DB
:10A440000F90DF91CF911F910F91FF90EF90DF90D0
:10A45000CF90BF90AF909F908F907F906F905F90C4
:10A460004F903F902F90089597E2492E512C2CE267
:10A47000622E712C39E3832E912C0091601410917F
:10A48000611401151105D1F2809162144091631499
:10A49000509164146091651470916614A0906B14CF
:10A4A000B0906C1410926114109260140130110578
:10A4B00009F07FC1C090A204D090A304009176045B
:10A4C00010917704E0908514F090861480910B0D24
:10A4D000882311F0312CB2CF809175048111FACF0D
:10A4E00060EC71E1672B09F476C0C114D10409F462
:10A4F00072C0D60158962C90B1E02B126CC0BE01F0
:10A500006F5F7F4FC6010E94BB35882309F463C08B
:10A5100080E8F601A0ECB1E101900D928A95E1F797
:10A520002092C011F6017A9686E0A2EDB1E1019089
:10A530000D928A95E1F7E8EDF1E188E6DF011D92E1
:10A540008A95E9F789819A819093740480937304C2
:10A55000019787309105C8F190E080E09093020D5B
:10A560008093010D80ECC82E81E1D82EC6010E9497
:10A57000FDB5882309F4AECFD60152968D919C91FA
:10A58000B0E0A0E08093070D9093080DA093090D13
:10A59000B0930A0D80589F4FAF4FBF4F8093A504D3
:10A5A0009093A604A093A704B093A80481E080939D
:10A5B0000B0DC6010E946EAD6091070D7091080DE4
:10A5C0008091090D90910A0D15C08A5F9C4FFC0186
:10A5D000808190E0C3CFC6010E94E435882369F0F2
:10A5E00081E080937504C6010E946EAD6AE570E05B
:10A5F00080E090E00E943E3540CF0115110509F43E
:10A60000D4C0E114F10409F04DC0C8018857910984
:10A610000837110538F488E790E0801B910B093367
:10A62000110528F1A8014953510998012C5231090B
:10A630000752110970E4A71A7FE1B70AA9E8AA1620
:10A64000A3E1BA0650F40217130738F404171507EC
:10A6500020F40817190708F4AAC048175907C0F4CE
:10A660002417350708F4B7C191E080E080C0A40149
:10A67000401B510B0C321105C0F69301201B310B0E
:10A6800007321105A8F6B201601B710B8B01D2CF06
:10A690002817390708F089C02417350708F085C046
:10A6A00092E0E3CFA801485751090837110520F47B
:10A6B00048E750E0401B510BC7018B5E9109BBEE90
:10A6C000EB16F10420F48BEE90E08E199F09480FF1
:10A6D000591FC801C9970933110518F4C401801B1B
:10A6E000910B970125573109E5E7EE16F10420F4A7
:10A6F00025E730E02E193F09280F391FC8018C9734
:10A700000C32110518F4C301801B910BB701685579
:10A710007109F8E5EF16F10420F468E570E06E19B0
:10A720007F09860F971F0732110550F10752110953
:10A730007FE4E716F10448F1AFE4EA1AF1080E0DE0
:10A740001F1D0817190730F40217130718F4041710
:10A75000150768F124173507F0F48217930708F4FA
:10A760003FC191E080E00217130708F490E0909356
:10A77000010D8093020DC114D10409F4ABCEF6CEC5
:10A78000B201601B710B8B01D3CFEFE4F0E0EE1947
:10A79000FF097F01D4CF8417950738F482179307F8
:10A7A00020F40817190708F07BCF90E05ECF98E0FF
:10A7B0005CCF0230110539F590917504992359F059
:10A7C0004A3551056105710508F084CE40545E4E4E
:10A7D000FA01808352CE90910B0D992309F47ACE21
:10A7E0000091070D1091080D2091090D30910A0D6F
:10A7F000401751076207730708F06CCE0E94F226DB
:10A8000081113BCE67CE0330110509F0C5C08091A0
:10A810007504882309F498C060EC7FE0672B09F485
:10A8200088C00091A2041091A304C8010E94E435DD
:10A83000882309F47EC080EC91E1009709F479C087
:10A84000BE016F5F7F4F0E948B35882309F471C072
:10A8500080E8F801A0ECBFE001900D928A95E1F745
:10A8600080910C128093C00F8DE0EDE0F2E1A2ED3B
:10A87000BFE001900D928A95E1F71092DF0F898178
:10A880009A819093740480937304019787309105A3
:10A8900008F454C090E080E09093020D8093010D85
:10A8A00010920F0D10920E0D10920D0D10920C0DB6
:10A8B0001092B5041092B4041092B3041092B20432
:10A8C0001092AE041092AF041092B0041092B10432
:10A8D0001092030D1092040D1092050D1092060DAA
:10A8E00080EC9FE00E94FDB5882309F4F3CD8091B0
:10A8F000D20F9091D30FB0E0A0E08093070D90931A
:10A90000080DA093090DB0930A0D80589F4FAF4FCB
:10A91000BF4F8093A5049093A604A093A704B0937F
:10A92000A80481E080930B0D1092750480EC9FE0E9
:10A9300041CE85E090E10E9498A7CCCD8A5F9C4FE4
:10A94000DC018C9190E0A8CF80910B0D8823A9F0B9
:10A950004091030D5091040D6091050D7091060D0D
:10A960008091A5049091A604A091A704B091A80499
:10A97000481759076A077B0719F01092AC04AACD53
:10A9800081E08093AC040E94AB510E94DA261093C0
:10A99000BA040093B90471CD0430110509F06DCDEE
:10A9A00080917504882319F089EF9FE0C4CF8091CE
:10A9B000AD04882319F08CEE9FE0BDCF8091730425
:10A9C00090917404892B21F481E08093B60455CDD5
:10A9D0008FED9FE0B0CF2817390708F0E6CE60CEA4
:10A9E0008417950708F4DDCEE0CECF938091B704AD
:10A9F000813069F5CFB7F894809104018E7F809300
:10AA00000401809105018E7F8093050180910301EF
:10AA1000817080935C0480915C0480939004109218
:10AA20005B0410925A04109259041092540490E05E
:10AA300080E00E94CB0E82E08093B7040E948936AA
:10AA400081E00E94A151CFBF81E0CF91089580E0C5
:10AA5000FCCF0E946336E3E7F0E080818D7F808346
:10AA6000109221011092200182E08ABB80E00C94B8
:10AA7000A1511F93CF93DF931FB7F894C0910301A7
:10AA8000C17080915C048C1731F180915A049091CF
:10AA90005B040E944D0FD82F81110BC00E942955D5
:10AAA00084E08093B7041FBF8D2FDF91CF911F915A
:10AAB0000895C0935C041092590490E080E00E94D5
:10AAC000CB0E82E08093B7040E94893681E00E9419
:10AAD000A151D1E0E8CF80915A0490915B04EFCF6F
:10AAE000CF93DF93DFB7F8940E946336D19B0FC0FA
:10AAF0000E94220FC82F81110AC00E94295584E0AC
:10AB00008093B704DFBF8C2FDF91CF9108958091A0
:10AB10002401909125011092210190935B04809370
:10AB20005A0483E08093B70480E00E94A151C1E001
:10AB3000E9CF1F920F920FB60F9211240BB60F920E
:10AB40002F933F934F935F936F937F938F939F9335
:10AB5000AF93BF93EF93FF938091B704823061F47A
:10AB60000E94130F8823D9F082E00E94F30E8823FD
:10AB7000B1F081E080935904FF91EF91BF91AF91C3
:10AB80009F918F917F916F915F914F913F912F9105
:10AB90000F900BBE0F900FBE0F901F9018950E9444
:10ABA000295584E08093B704E7CFCF93CFB7F894CB
:10ABB0000E94295510925904109254041092B7041F
:10ABC000CFBFCF910895009711F00E9498A70E94DF
:10ABD000D555109288141092871410926114109217
:10ABE00060140E9435388091C013882321F080ECD6
:10ABF00093E10E94293B85E090E09093BA04809312
:10AC0000B90408950E94F22A0E94D5550E94353851
:10AC10008091C013882321F080EC93E10E94293BAE
:10AC200085E090E090934A0F8093490F0895CF9369
:10AC3000CFB7F8940E9429551092580410925704E7
:10AC4000109256041092550410925B0410925A040C
:10AC50008CE991E390932B0280932A0282E0809307
:10AC6000290210928F0410925C04109290041092AA
:10AC70005904109254041092B704CFBFCF91089595
:10AC80000E94175610924A0F1092490F1092090F06
:10AC90001092080F1092C01310924B0FE0E1FDE0EC
:10ACA0001182108213821282E0EAF4E01082118293
:10ACB0001092970410927204EAE6F4E01082118276
:10ACC00012821382148215821682178210929804BF
:10ACD0001092990410929A0410929B0410929C0472
:10ACE00010929D0410929E0410929F04109296045C
:10ACF000109295041092940410929104109293046F
:10AD000010926904109268041092920410926704E1
:10AD1000109266041092620410926304109264040C
:10AD200010926504109261041092600410925F0406
:10AD300010925E0410925D0408951F920F920FB658
:10AD40000F9211240BB60F921F932F933F934F93A3
:10AD50005F936F937F938F939F93AF93BF93EF9383
:10AD6000FF93CF93DF931F921F92CDB7DEB7109161
:10AD70000301117080910A0F90915803911781F08F
:10AD80001093580320910B0F30910C0F2F5F3F4F02
:10AD900030930C0F20930B0F8130D1F480930D0F63
:10ADA0000F900F90DF91CF91FF91EF91BF91AF91F5
:10ADB0009F918F917F916F915F914F913F912F91D3
:10ADC0001F910F900BBE0F900FBE0F901F90189504
:10ADD000833031F78091B704823011F780915C04A1
:10ADE0001817F1F2CE0101960E94330F811106C0AF
:10ADF0000E94295584E08093B704D2CF89819A813B
:10AE00000E944D0F8823A1F310935C04C9CF809159
:10AE100071008A7F809371001092900010929100CF
:10AE200085E088BB80916F0F833011F410926F0F13
:10AE300080E00C94A151CF93C82F0E94075780E067
:10AE40000E948C1A10924E04C0935304CF9108951F
:10AE50001F93CF93DF9300D01F92CDB7DEB71FB7FC
:10AE6000F894BE016D5F7F4FCE0101960E944D2781
:10AE7000882309F456C029813A818B819C81820FF5
:10AE8000931F8230910510F482E090E02115310586
:10AE900011F421E030E0309346022093450221E096
:10AEA00030E030934402209343021092390E2093F5
:10AEB0003B0E10923A0E1092360E209171002A7FAE
:10AEC000209371001092900010929100019790933E
:10AED000990080939800809145029091460290934A
:10AEE0009B0080939A008091980090919900909394
:10AEF00095008093940085E088BB80E00E948C1AC6
:10AF000082E080936F0F81E00E94A15183E38093E0
:10AF100090008091710084608093710089E180933A
:10AF200091001FBF80915D0F823061F48091440ECB
:10AF300091E089270F900F900F900F90DF91CF91A4
:10AF40001F91089580E0F6CFCF930E948A16C82FF4
:10AF50008823F1F08091450E9091460E0397C1F43D
:10AF60008091ED039091EE03892B91F480913F0E37
:10AF700081110CC00E946AC881E080933F0E0E943C
:10AF8000D1CA70933E0E60933D0E8C2FCF910895E1
:10AF9000CF910C9428571F93CF93DF9380915D0F2F
:10AFA000813031F080915D0FC0E0833009F04FC0F7
:10AFB00082E080935D0F8091450E9091460E04973C
:10AFC00019F080E00E946C51C0913C0ECC2309F432
:10AFD00043C01092430E81E09091370E911101C051
:10AFE00080E00E948C1A1FB7F8948091380ED0E34D
:10AFF000811101C0D0E082E080936F0F81E00E9458
:10B00000A15185E088BBD360D093900080917100FE
:10B010008A7F809371008091380E882329F0809177
:10B02000710084608093710080913B0E882321F031
:10B0300080913A0E882329F080917100816080937D
:10B04000710089E18093910010923C0E1FBF8C2FFC
:10B05000DF91CF911F9108958091450E9091460EFA
:10B06000049751F40E94533CC82F8111F0CF8FEA0E
:10B070009FE00E9456C7EBCFDF91CF911F910C94B8
:10B08000A457909171009A7F909371001092900054
:10B090001092910095E098BB90916F0F923011F44F
:10B0A00010926F0F10923B0E10923A0E1092390EC2
:10B0B0000E948C1A80E00C94A1511F920F920FB63F
:10B0C0000F9211240BB60F922F933F934F935F93E0
:10B0D0006F937F938F939F93AF93BF93CF93EF9390
:10B0E000FF9380916F0F823009F06AC080915D0FED
:10B0F000823021F080E00E9441581DC00E940F1153
:10B1000080913A0E8823A9F1C091360EC13039F5ED
:10B110008091450E9091460E019709F50E949A166E
:10B120008823E9F01092360E81E00E944158C13028
:10B13000D1F4C093440EFF91EF91CF91BF91AF91A5
:10B140009F918F917F916F915F914F913F912F913F
:10B150000F900BBE0F900FBE0F901F90189510927E
:10B16000360E80E0E2CFC23031F784E080935D0F8D
:10B17000E2CF8091390E811107C067E070E08FE661
:10B180009CE00E943E27B6CF8091430290914402FA
:10B1900090934602809345021092390E0E94AE2A87
:10B1A0008111C9CF8091360E882309F4A3CF81E0A5
:10B1B00080933A0E80917100856080937100BBCFBF
:10B1C000809171008E7F8093710081E088BBB3CF46
:10B1D000809171008B7F809371001092900010928B
:10B1E000910084E088BB80916F0F813011F4109240
:10B1F0006F0F80E00C94A1511F920F920FB60F9227
:10B2000011240BB60F922F933F934F935F936F933D
:10B210007F938F939F93AF93BF93CF93EF93FF93BE
:10B2200080916F0F823009F45FC0833009F48DC0C4
:10B23000813009F0ABC180912E0E8230B1F00E94B6
:10B24000E858FF91EF91CF91BF91AF919F918F916E
:10B250007F916F915F914F913F912F910F900BBE16
:10B260000F900FBE0F901F90189580912A0E90910D
:10B270002B0E009739F010922B0E10922A0E0E947E
:10B280003310DFCF2091310E3091320E80912F0E8E
:10B290009091300E2817390791F0F901F770E551B8
:10B2A000FB4FC0818C2F2F5F3F4F3093320E209386
:10B2B000310EC11113C08FE70E946019E0CF0E94C8
:10B2C000E85880E00E948C1A80914202882321F085
:10B2D00084E080932E0EB5CF85E0FBCFC7FDC195EE
:10B2E0000E94971A8C2FE8CF80915D0F823009F071
:10B2F000A8CF0E940F1180913B0E882301F1C1E07D
:10B30000C8BB10923B0E0E94AE2A882331F0809178
:10B31000710081608093710094CF8091360E8823F4
:10B3200051F0C0933A0E8091710085608093710056
:10B330000E947D1686CF80E00E94415882CF809186
:10B340003A0E882309F47DCFF3CF809153048230E5
:10B3500019F00E94075775CFE0914E04E150E83094
:10B3600008F09DC0F0E08827E754F64A8F4F0C9410
:10B37000E0ECC159CC59F259FD59105A1B5A625A86
:10B380009E5A81E00E948C1A82E080934E04809144
:10B3900021049091220423C080911B0290911C02F1
:10B3A0000E94A21080912B0490912C04009729F008
:10B3B000019790932C0480932B0480E00E948C1AB8
:10B3C00080912B0490912C04892B11F081E0DDCF2A
:10B3D00083E080934E0480912304909124040E9482
:10B3E00033102FCF81E00E948C1A84E080934E04AA
:10B3F0008091250490912604F2CF809119029091BA
:10B400001A020E94A21080E00E948C1A0E9423104F
:10B4100090931E0280931D0225E020934E04DFCFFF
:10B4200081E00E948C1A86E080934E0480911D0278
:10B4300090911E02D4CF80911702909118020E9421
:10B44000A2108091270290E095958795809327021E
:10B45000892BC9F68091340490913504019690931C
:10B4600035048093340420913604309137048217D8
:10B47000930728F080E00E948C1A87E086CF8091A5
:10B4800051049091520420914F043091500482173E
:10B49000930741F480912802882309F45DC087E076
:10B4A00090E05CC0FC01F770E551FB4F20812093D8
:10B4B00033040196909352048093510480E8809362
:10B4C0002702A1CF80911502909116020E94A2102E
:10B4D00080911F02882359F00E94075780E00E9444
:10B4E0008C1A10924E0484E080935304AACE80E01C
:10B4F0000E94A15181E080934D0410924C048091F0
:10B500002D04811112C08DE590E090934704809343
:10B51000460480E29EE4909345048093440488E0CE
:10B5200080934E040E9442108CCE8AE091E090936A
:10B5300047048093460480E49CE9EDCF8091420467
:10B54000909143040E94A2100E944210811179CE72
:10B5500080914C04811105C085E090E00E941B574A
:10B5600070CE4091200260912E0480912F04909122
:10B5700030040E94011010924C0410924D0481E09E
:10B580000E94A15180E00E948C1A20CF809171000E
:10B590008B7F8093710084E088BB53CE1F93CF9341
:10B5A000DF931FB7F8941092850010928400809169
:10B5B000C5049091C60401979093890080938800F8
:10B5C00010928000C1E8D0E088E0888382E086BBEA
:10B5D0008093BB0481E00E94A151EFE6F0E08081FE
:10B5E0008260808389E088831FBF81E0DF91CF91F3
:10B5F0001F9108951F920F920FB60F9211240BB650
:10B600000F922F933F934F935F936F937F938F93FB
:10B610009F93AF93BF93EF93FF938091BB048230CE
:10B6200001F180916F008D7F80936F0010928100F7
:10B6300086E08093BB0480E00E94A151FF91EF91CE
:10B64000BF91AF919F918F917F916F915F914F913A
:10B650003F912F910F900BBE0F900FBE0F901F9038
:10B6600018958091030180FF0DC09091BF048091D7
:10B67000C00421E030E001C0220F9A95EAF7822B46
:10B680008093C0048091BF048F5F8093BF0480913A
:10B69000BF04883041F52091C0048091C904909185
:10B6A000CA044091CB045091CC04BC01641B750BBF
:10B6B000AB014F3F574048F080916F008D7F8093E2
:10B6C0006F001092810084E0B4CFFC01F770E55167
:10B6D000FB4F208301969093CA048093C904109273
:10B6E000C0041092BF042091C5043091C60480911B
:10B6F000C1049091C2044091C3045091C404840FCA
:10B70000951F4091C7045091C8048417950720F0F5
:10B71000841B950B2F5F3F4F9093C2048093C1040D
:10B7200021503109309389002093880087CFCF932F
:10B73000CFB7F89480916F008D7F80936F00109247
:10B7400081001092800082E086BB9091C0048091BD
:10B75000BF041092C0041092BF04882339F0909364
:10B76000BE048093BD0481E08093BC048091BB043F
:10B77000843011F01092BB0480E00E94A151CFBF31
:10B78000CF9108951F920F920FB60F9211240BB60E
:10B790000F922F933F934F935F936F937F938F936A
:10B7A0009F93AF93BF93EF93FF9380911C048230DC
:10B7B00029F1809171008D7F8093710088E08093E2
:10B7C00091001092900082E088BB80E00E94A1511D
:10B7D00087E080931C04FF91EF91BF91AF919F91FF
:10B7E0008F917F916F915F914F913F912F910F902A
:10B7F0000BBE0F900FBE0F901F90189580911204F2
:10B8000081111FC08091CD049091CE042091EC0C49
:10B810003091ED0C8217930709F44EC0FC01F770CC
:10B82000E551FB4F4081409313044091340201964F
:10B83000411137C09093CE048093CD0488E080936B
:10B84000120480911304282F30E03595279520931A
:10B8500013049091120491509093120481700E94ED
:10B860008C1A20911804309119048091140490913D
:10B8700015044091160450911704840F951F4091B0
:10B880001A0450911B0484179507D8F5909315045A
:10B89000809314042150310930939900209398002B
:10B8A0009ACF2817390731F680912F023093CE04B2
:10B8B0002093CD048111C3CF809171008D7F80933F
:10B8C000710088E0809391001092900082E088BB24
:10B8D00080E00E94A15180E00E948C1A8091340285
:10B8E000882369F02091CD043091CE048091EC0C36
:10B8F0009091ED0C2817390711F484E06ACF85E0A8
:10B9000068CF841B950B2F5F3F4FC0CFCF93CFB72E
:10B91000F894109295001092940082E088BB1092E7
:10B92000900080931C0481E00E94A151E1E7F0E0C7
:10B9300080818260808389E080939100CFBFCF9126
:10B94000089580E00C94A151CF93CFB7F8940E9452
:10B950000757CFBF0E946AC80E94A15C0E94353879
:10B960008FB7F89410925204109251041092500420
:10B9700010924F0491E09093280210925304109279
:10B980004E0410924D0410924C04109248041092F0
:10B99000490410924A0410924B04109247041092EA
:10B9A00046041092450410924404109243041092ED
:10B9B00042048FBF109241041092400410923C0444
:10B9C00010923D0410923E0410923F0410923804ED
:10B9D0001092390410923A0410923B0410923704EA
:10B9E00010923604109235041092340410923304ED
:10B9F00080E8809327021092320410923104109252
:10BA00005E0F81E0CF910C946C510F931F93CF93F5
:10BA1000DF938C01C62FDFB7F8940E940757DFBF72
:10BA20000E946AC80E94A15C0E943538A80161E1A9
:10BA300070E08EE59FE00E94AC9D8FB7F894109265
:10BA40004E04C09353048FBFDF91CF911F910F918C
:10BA50000895CF93DF93EB010E94CF4297FF0AC076
:10BA600066E070E084ED9EE00E94055D80E0DF917D
:10BA7000CF9108958C179D0729F067E070E08DED58
:10BA80009EE0F2CF81E0F3CFCF93DF93C0914004EB
:10BA9000D0914104209741F48FB7F89491E09093AE
:10BAA00028028FBF81E00DC00E949410811528E00C
:10BAB000920750F066E070E08BEC9EE00E94055D1E
:10BAC00080E0DF91CF9108952FEF37E0281B390BED
:10BAD00049F3C13082E0D80710F0C0E0D2E02C1763
:10BAE0003D0708F4E901BE0180EC91E10E94CF42DC
:10BAF00097FF05C066E070E082EC9EE0DFCF8C1718
:10BB00009D0729F067E070E088EB9EE0D7CF809139
:10BB10004F0490915004E0ECF1E1DC01B770219109
:10BB2000A551BB4F2C9301969F01205C31412C17EE
:10BB30003D0798F320914004309141042C1B3D0BAC
:10BB400030934104209340042FB7F894909350040D
:10BB500080934F048091400490914104892B19F403
:10BB600081E0809328022FBF9DCF4F925F926F920A
:10BB70007F928F929F92AF92BF92CF92DF92EF927D
:10BB8000FF920F931F93CF93DF9300D0CDB7DEB713
:10BB9000082F0E949410892B39F066E070E082E251
:10BBA0009FE00E94055D2DC00E94853BC0903C0433
:10BBB000D0903D04E0903E04F0903F04C616D706B6
:10BBC000E806F90628F466E070E089E19FE0E9CF35
:10BBD000A7019601261B370B480B590BDA01C90147
:10BBE0000297A105B10528F467E070E08EE09FE0C0
:10BBF000D8CF62E070E0CE0101960E94295D8111EC
:10BC000016C010E0812F0F900F900F90DF91CF9111
:10BC10001F910F91FF90EF90DF90CF90BF90AF906A
:10BC20009F908F907F906F905F904F900895E980E4
:10BC3000FA8067E070E083E09FE032E0E316F10411
:10BC400008F4AFCF0E94853B80903C0490903D0467
:10BC5000A0903E04B0903F04861A970AA80AB90A39
:10BC60002701712C612C67E070E089EF9EE084145D
:10BC70009504A604B70408F494CF61E070E0CE0107
:10BC800003960E94295D182F882309F4BACF8B816F
:10BC900081508E3F28F467E070E080EF9EE081CF16
:10BCA000C701019790934104809340048FB7F894A3
:10BCB000109228028FBF8091400490914104892BFB
:10BCC000D9F00E9494106C010E94445D81110FC054
:10BCD00080915304863009F494CF809153048730C7
:10BCE00009F48FCF66E070E087EE9EE05ACF0E94A5
:10BCF0009410C816D906F9F60E949410892B41F3C6
:10BD000041E084149504A604B70409F040E06B8177
:10BD1000002329F0C7010E940110102F73CFF09269
:10BD20003004E0922F0460932E04409320028FB7DA
:10BD3000F89491E090934C048FBF64CFCF93DF933E
:10BD4000C0919D0ED0919E0E2297AC0161E170E0F2
:10BD500087E89EE00E94AC9D0E940B1E0E94A15CA1
:10BD600084E090E090939E0E80939D0E229720F4A5
:10BD70000E943419882329F081E0DF91CF910C943F
:10BD80006C51DF91CF910895CF93DF93C0919D0EB9
:10BD9000D0919E0E22970097F9F487E89EE00097D5
:10BDA00031F04AE55DE061E170E00E94989D0E94FB
:10BDB0000B1E0E94A15C84E090E090939E0E809305
:10BDC0009D0E229720F40E943419882379F081E097
:10BDD000DF91CF910C946C5140E150E0BC0187E8B9
:10BDE0009EE00E9466EE1092970EE1CFDF91CF9118
:10BDF0000895CF93DF9380919D0E90919E0E0397AF
:10BE000091F48091A70E9091A80E8630910509F0CB
:10BE10005DC00E94071A039781F00E94071A0E94D2
:10BE2000FE100E949E5E83E090E09093050F809349
:10BE3000040F80E0DF91CF91089520911804309194
:10BE400019048091140490911504409116045091A6
:10BE50001704840F951F40911A0450911B048417F6
:10BE6000950720F0841B950B2F5F3F4F909315048F
:10BE70008093140421503109309399002093980045
:10BE80000E94865C8091A70E9091A80E029719F4EB
:10BE900080E00E94672B0E94681E82E090E09093F1
:10BEA0009E0E80939D0E81E090E09093050F80930D
:10BEB000040F0E9454301092020F8091F90E90915D
:10BEC000FA0E892B09F480C081E0B4CF9C01215087
:10BED00031092330310548F40E94CB578111D2CF6C
:10BEE0008EE59FE00E94C45E9ECF0797B1F59091CA
:10BEF00053049330A9F7CFB7F894809171008A7FEB
:10BF00008093710010929000109291001092950011
:10BF10001092940085E088BB82E080935304909354
:10BF20006F0F90914E0481E0983009F480E00E94F8
:10BF3000A15181E08093910080913104909132046D
:10BF40000E94851010923204109231048091710089
:10BF5000846080937100CFBF95CF80912E0E833087
:10BF600009F0BECFDFB7F8941092950010929400BC
:10BF700010929000C1E0C093910084E088BB82E001
:10BF800080932E0E81E00E94A1518091260E909107
:10BF9000270E90932B0E80932A0E1092270E10924C
:10BFA000260EC0936F0F8091280E9091290E0E944B
:10BFB00085101092290E1092280E809171008460D5
:10BFC00080937100DFBFC8CF0E945519882309F400
:10BFD0007BCF91E09093020F2DCF2FB7F8949091E3
:10BFE00071009A7F909371001092900010929100CE
:10BFF00095E098BB90916F0F923011F410926F0FF3
:10C0000010923B0E10923A0E1092390E2FBF8111F2
:10C010000E946AC80C94A15C81E00E94ED5F0E94BE
:10C0200035380E94533110925D0F1092460E1092D7
:10C03000450E1092440E1092430E1092420E109232
:10C04000410E1092400E10923F0E10923E0E109232
:10C050003D0E10923C0E10923B0E10923A0E109232
:10C06000390E1092380E1092370E81E090E09093C6
:10C0700046028093450290934402809343021092BB
:10C08000360E1092840E1092830E1092820E109231
:10C09000810E809347021092800E10927F0E1092B4
:10C0A0007E0E10927D0E10927C0E10927B0E1092DE
:10C0B0007A0E1092680E1092640E1092650E109215
:10C0C000660E1092670E1092600E1092610E109222
:10C0D000620E1092630E90E080E00E946C3010922D
:10C0E0005C0E10925D0E10925E0E10925F0E10921A
:10C0F000580E1092590E10925A0E10925B0E10921A
:10C10000540E1092550E1092560E1092570E109219
:10C11000500E1092510E1092520E1092530E109219
:10C120004C0E10924D0E10924E0E10924F0E109219
:10C13000480E1092490E10924A0E10924B0E109219
:10C14000470E1092350E1092340E1092330E0E944C
:10C15000613181E00C946C519FB7F894EFE6F0E008
:10C1600080818D7F8083109281001092800082E018
:10C1700086BB9FBF0C94A15C2FB7F894909171007F
:10C180009D7F9093710098E09093910010929000A1
:10C1900092E098BB2FBF81110E946AC80C94A15CE9
:10C1A00081E00E94BC608FB7F89410921C0410923A
:10C1B0001304109212048FBF08950E94A15C0E9484
:10C1C000D0600E94F5B90E9472510E940C600E94DA
:10C1D000A45C81E00E946C511092990E10929A0E0C
:10C1E00010929B0E10929C0E1092A00E10929F0E19
:10C1F0000E94542B1092980E10929E0E10929D0E3B
:10C20000089580919D0E90919E0E029711F080E00E
:10C2100008958091A70E9091A80E8630910591F413
:10C220000E94071A049799F70E94D0600E94511E3D
:10C2300081E08093980E81E090E090939E0E809331
:10C240009D0E08959C01215031092330310588F459
:10C250009FB7F89480915D0F9FBF8430C1F68091A5
:10C26000A70E9091A80E029709F780E00E94672B15
:10C27000DDCF079729F40E94FA0F049741F6D6CF35
:10C280009FB7F89480912E0E9FBF843009F0BFCFE6
:10C29000CDCFCF93DF93EC01FE016491219666230D
:10C2A00029F08AE897E10E9471C9F6CFDF91CF911A
:10C2B0000895CF92DF92FF920F931F93CF93DF9356
:10C2C00000D000D01F921F92CDB7DEB7853608F0A0
:10C2D00084E628E0829FC0011124C29664E670E0E3
:10C2E0000E94AAECF62E80913502861711F18E017C
:10C2F0000F5F1F4FF80180E098E0961B20E0891740
:10C3000008F02FE121938F5F8830C1F788E40E9405
:10C310001EC9680188E0C80ED11CF80161918F0127
:10C320008AE897E10E9471C9C016D106B1F7F09270
:10C33000350228960FB6F894DEBF0FBECDBFDF9151
:10C34000CF911F910F91FF90DF90CF9008950C94A3
:10C3500024C98091F60E882351F06091ED0E8DEA8C
:10C360009EE00E940EB7811102C00E9455B9109242
:10C37000410F1092400F0C94A761AF92BF92CF92E1
:10C38000DF92EF92FF920F931F93CF93DF93CDB77E
:10C39000DEB7AE970FB6F894DEBF0FBECDBF8B01F0
:10C3A0007E0123E2E20EF11CAC016CE070E0C701FB
:10C3B0000E94AC9DFF92EF928EE997E09F938F933E
:10C3C0001F9281E18F93CE0101966C019F938F9311
:10C3D0000E94C19B0E94A761B60180E00E948E9BD3
:10C3E00063E977E081E00E946D9F0FB6F894DEBFAD
:10C3F0000FBECDBF0E94C7C20817190758F4801B93
:10C40000910B4E9760F464E170E080E090E00E9450
:10C4100079CAF0CF9801281B390BC901F2CF6AEF16
:10C4200070E080E090E00E9479CA0E94ABCA5C0193
:10C43000BF928F938BE897E09F938F931F9281E138
:10C440008F936E0132E1C30ED11CDF92CF920E9416
:10C45000C19BB70180E00E948E9BB60181E00E94E3
:10C460008E9B6CEB72E080E090E00E9479CA6FE7EF
:10C4700077E080E00E946D9F67E777E081E00E94AF
:10C480006D9F0FB6F894DEBF0FBECDBF0E94C7C22E
:10C490000817190758F4801B910B459760F064E169
:10C4A00070E080E090E00E9479CAF0CF9801281BEC
:10C4B000390BC901F2CF68EC70E080E090E00E9497
:10C4C00079CAC501AE960FB6F894DEBF0FBECDBFD8
:10C4D000DF91CF911F910F91FF90EF90DF90CF9060
:10C4E000BF90AF9008950F931F93CF93DF93CDB775
:10C4F000DEB72C970FB6F894DEBF0FBECDBFFC01A0
:10C5000000811181011584E0180708F04EC0A28156
:10C51000B381A11584E0B80708F047C06481758134
:10C52000611584E0780708F040C0468157814115C5
:10C5300084E05807D0F520853185211584E038073F
:10C54000A0F5828593858115E4E09E0770F51A8336
:10C550000983BC83AB837E836D8358874F833A877F
:10C5600029879C878B87FE01319620E02F5FBF01D2
:10C570006E5F7F4FDB01322F363079F08D919D91C8
:10C58000408151818417950768F48A01081B190BB3
:10C59000C801449750F03F5FEFCFFB01263031F7E1
:10C5A00081E004C0841B950BF4CF80E02C960FB67D
:10C5B000F894DEBF0FBECDBFDF91CF911F910F91D9
:10C5C00008950E94C7C29C014091360250913702E3
:10C5D0004817590708F05AC0BC01641B750BAB0122
:10C5E00080913E0290913F028217930708F051C05C
:10C5F000F901E81BF90BCF018417950708F04CC02F
:10C60000AC0184E090E060913802709139026217C9
:10C61000730708F044C0F901E61BF70BBF0164176C
:10C62000750718F4AB0181E090E060913A027091D7
:10C630003B0262177307B0F5F901E61BF70BBF0168
:10C640006417750718F4AB0182E090E060913C023A
:10C6500070913D026217730740F5F901E61BF70B75
:10C66000BF016417750718F4AB0183E090E0609197
:10C6700040027091410262177307D0F4261B370BFA
:10C680002417350710F485E090E00895481B590BF6
:10C69000A7CF821B930BB0CF90E080E0B4CF621B9A
:10C6A000730BBDCF621B730BCBCF621B730BD9CF48
:10C6B000FB01E21BF30B9F01E3CFCF92DF92EF92DE
:10C6C000FF920E94D1CA6B010E94E16220911A0E72
:10C6D00030911B0E2817390741F090931B0E809361
:10C6E0001A0ED092170EC092160E2091160E30918F
:10C6F000170EA601421B530B4431510508F45BC0D1
:10C700002091180E3091190E2817390709F453C0DB
:10C710009093190E8093180E2115310541F500975D
:10C7200009F449C09093150E8093140ED092130E05
:10C73000C092120ED092110EC092100E10920F0ED7
:10C7400010920E0E9C01215031092230310528F43F
:10C75000029751F081E090E002C090E080E0FF900D
:10C76000EF90DF90CF90089583E090E0F8CF0097AE
:10C77000C9F62350310923303105D0F480910F0ED2
:10C78000811116C022523D4FF901808190E0109234
:10C79000150E1092140E1092130E1092120E10928B
:10C7A000110E1092100E10920F0E10920E0ED7CF87
:10C7B00090E080E0ECCF8091140E9091150E0097E0
:10C7C00061F22091180E3091190E8217930729F605
:10C7D0002091120E3091130EA601421B530B9A01A9
:10C7E000AC01415051094230510508F540910E0EFF
:10C7F000411113C02C3B52E03507C8F021E02093D3
:10C800000E0ED092110EC092100E029719F082E017
:10C8100090E0A5CF84E090E0A2CF4091100E50911F
:10C82000110EB601641B750B6837710550F703973D
:10C830008330910508F091CF40910F0E41118DCFBB
:10C840002C3B324008F489CF21E020930F0E8F510A
:10C850009D4FFC01808190E082CFCF93DF93EC016C
:10C86000019791F40E94A15C0E946AC881E00E9435
:10C870006C5161E087E10E943CC8D0933E0FC093A9
:10C880003D0FDF91CF910895D0E0C0E060E0F2CF9E
:10C89000FC01680F791F90E080E02191820F911DCB
:10C8A000E617F707D1F70895AF92BF92CF92DF92C4
:10C8B000EF92FF920F931F93CF93DF93CDB7DEB725
:10C8C0002C970FB6F894DEBF0FBECDBF5C01CE0132
:10C8D00001967C018CE0F70111928A95E9F76701D6
:10C8E00000E410E0C8010E9488ECF60181936F011A
:10C8F0000F5F1F4F0C341105A9F789819A81AB8115
:10C90000BC8189359345A444B34549F58D819E8109
:10C91000019729F50B851C856AE070E0C7010E942C
:10C92000486408171907D9F48F819885A985BA85B5
:10C93000F50180839183A283B38381E02C960FB6A7
:10C94000F894DEBF0FBECDBFDF91CF911F910F9145
:10C95000FF90EF90DF90CF90BF90AF90089580E070
:10C96000EDCFAF92BF92CF92DF92EF92FF920F93F3
:10C970001F93CF93DF93CDB7DEB72C970FB6F89404
:10C98000DEBF0FBECDBF5C01CE0101967C018CE005
:10C99000F70111928A95E9F7670100E310E0C801F9
:10C9A0000E9488ECF60181936F010F5F1F4F0C33DB
:10C9B0001105A9F789819A81AB81BC8183349245A5
:10C9C000A444B34549F58D819E81019729F50B85D6
:10C9D0001C856AE070E0C7010E94486408171907C7
:10C9E000D9F48F819885A985BA85F50180839183D3
:10C9F000A283B38381E02C960FB6F894DEBF0FBEFE
:10CA0000CDBFDF91CF911F910F91FF90EF90DF90FD
:10CA1000CF90BF90AF90089580E0EDCFAF92BF92DE
:10CA2000CF92DF92EF92FF920F931F93CF93DF93FA
:10CA3000CDB7DEB72E970FB6F894DEBF0FBECDBFD1
:10CA40005C01CE0101967C018EE0F70111928A957E
:10CA5000E9F7670100E210E0C8010E9488ECF601E6
:10CA600081936F010F5F1F4F0E321105A9F7898166
:10CA70009A81AB81BC818C349045A444B34541F587
:10CA80008D819E81019721F50D851E856CE070E0FA
:10CA9000C7010E94486408171907D1F486E0FE0117
:10CAA0003796D50101900D928A95E1F781E02E9697
:10CAB0000FB6F894DEBF0FBECDBFDF91CF911F91AF
:10CAC0000F91FF90EF90DF90CF90BF90AF900895BF
:10CAD00080E0EDCFAF92BF92CF92DF92EF92FF92C4
:10CAE0000F931F93CF93DF93CDB7DEB764970FB645
:10CAF000F894DEBF0FBECDBF5C01CE0101967C0174
:10CB000084E1F70111928A95E9F7670110E000E0EE
:10CB1000C8010E9488ECF60181936F010F5F1F4FDF
:10CB200004311105A9F789819A81AB81BC818B34CD
:10CB30009243A444B34541F58D819E81019721F52F
:10CB40000B891C8962E170E0C7010E9448640817E4
:10CB50001907D1F48CE0FE013796D50101900D92B2
:10CB60008A95E1F781E064960FB6F894DEBF0FBEB8
:10CB7000CDBFDF91CF911F910F91FF90EF90DF908C
:10CB8000CF90BF90AF90089580E0EDCFFF920F93CC
:10CB90001F93CF93DF93EC01F62E08811981C80112
:10CBA0000E9488ECF81621F06F2DC8010E9490ECCD
:10CBB000CE01DF91CF911F910F91FF9008958A30A0
:10CBC00060F08536E0F084E6809354028091B000F6
:10CBD0008F738093B0002C9A08958AE0809354025A
:10CBE0002FEF829FC0011124C29664E670E00E947C
:10CBF000AAEC6093B30083E88093B000089580931B
:10CC00005402843619F3ECCFDF92EF92FF920F9328
:10CC10001F93CF93DF93EB018C01FE01D490F801B9
:10CC2000F1908F018F2D0E94C58DE82E8D2D0E94D1
:10CC3000C58DE81204C0FF2059F02196EECF80E0A8
:10CC4000DF91CF911F910F91FF90EF90DF900895AA
:10CC500081E0F6CFDF92EF92FF920F931F93CF9375
:10CC6000DF937C018B01EA0164E777E00E940466B0
:10CC7000D82E82E090E0D11040C06BE677E0C7018B
:10CC80000E940466D82E83E090E0D11036C062E6A0
:10CC900077E0C7010E940466882371F024E030E049
:10CCA00039832883D82E8D2DDF91CF911F910F913D
:10CCB000FF90EF90DF900895F8018081811102C00C
:10CCC000D12CF1CF6BE577E0C7010E940466D82E26
:10CCD000882351F167E577E0C8010E947AE9892B42
:10CCE00019F419821882DFCF63E577E0C8010E944A
:10CCF0007AE9892B29F48BE090E099838883D3CF5C
:10CD00006FE477E0C8010E947AE9892B19F48CE07E
:10CD100090E0F3CF6BE477E0C8010E947AE9892BB9
:10CD200079F68EE090E0E9CF65E477E0C7010E94F4
:10CD30000466D82E8823A9F061E477E0C8010E9438
:10CD40007AE9892B19F48DE090E0D7CF6DE377E095
:10CD5000C8010E947AE9892B09F0B2CF85E090E002
:10CD6000CCCF6AE377E0C7010E940466D82E8823FF
:10CD700049F166E377E0C8010E947AE9892B19F44A
:10CD80008FE090E0BACF62E377E0C8010E947AE9D1
:10CD9000892B19F486E090E0B0CF6EE277E0C8010D
:10CDA0000E947AE9892B19F487E090E0A6CF6AE225
:10CDB00077E0C8010E947AE9892B09F081CF88E0E9
:10CDC00090E09BCF67E277E0C7010E940466D82E0F
:10CDD000882309F475CF63E277E0C8010E947AE9FD
:10CDE000892B19F480E190E088CF6FE177E0C801EA
:10CDF0000E947AE9892B19F489E090E07ECF6BE1FB
:10CE000077E0C8010E947AE9892B09F059CF8AE0BE
:10CE100090E073CF2F923F924F925F926F927F92EA
:10CE20008F929F92AF92BF92CF92DF92EF92FF923A
:10CE30000F931F93CF93DF93CDB7DEB7E0970FB675
:10CE4000F894DEBF0FBECDBF2091830E3091840ECB
:10CE5000232B09F4ADC0009709F4AAC02091810EDC
:10CE60003091820E2130310501F110927A0EFB01D2
:10CE70003183208311E0812FE0960FB6F894DEBF56
:10CE80000FBECDBFDF91CF911F910F91FF90EF901B
:10CE9000DF90CF90BF90AF909F908F907F906F90DA
:10CEA0005F904F903F902F9008955B0198AB8FA7B4
:10CEB0000E94853B1B012C010E943538F50111822F
:10CEC00010826091830E7091840E1BA61AA680ECCE
:10CED00091E1892B11F4712C9DC061157105D9F375
:10CEE00024E544E580EC91E10E9443D9882399F33D
:10CEF00080EC91E10E94F736882369F380EC91E1A0
:10CF00000E94734F8EA7882331F3198E1DA2812CA6
:10CF1000912C60E072E080EC91E10E94CF423C01F4
:10CF200097FF03C00E943538D6CF892B09F468C01B
:10CF300080EC91E19DA78CA7ECA5FDA58191FDA7B3
:10CF4000ECA78D3011F08A3079F4882099F18BA507
:10CF50008111E8CF812C912C8CA59DA5805C9141FD
:10CF6000861597054CF348C08110F6CF96E19915C8
:10CF700048F0E1E0F0E0EC0FFD1FE90DF11D8083CA
:10CF80009394EACF8EA4E8CF8BA5882309F481C0BF
:10CF9000A501BE016B5D7F4FCE0149960E942A66B6
:10CFA000182F8AA70E943538112309F494CF73C033
:10CFB00010E061CF992071F2E1E0F0E0EC0FFD1F8D
:10CFC000E90DF11D1082CE018A966C0175018E016A
:10CFD0000B5D1F4F9E01275E3F4FAE01455D5F4FCA
:10CFE0006FA578A989970E94FAC5882309F49ACF7A
:10CFF0008AA5882309F4AECF8AA5882309F489CFAE
:10D000007AA4711042C0882011F18BA58823E9F120
:10D010000E94353870927A0E8091830E9091840E22
:10D020000E94734F182F66E070E082E19CE01123AC
:10D0300059F0C201B1010E94033C182F81111BCF8E
:10D0400066E070E089E09CE00E94E52A14CF992018
:10D05000E1F0E1E0F0E0EC0FFD1FE90DF11D1082C1
:10D06000FE01BA966F0175018E010B5D1F4F9E0187
:10D07000275E3F4FAE01455D5F4F6FA578A9CE019A
:10D0800001960E94FAC5882319F28AA5882309F41B
:10D090007BCF0E9435388AA5882309F41CCF7724DA
:10D0A0007394F50180819181019709F0B3CF13CF7B
:10D0B0002F923F924F925F926F927F928F929F92A8
:10D0C000AF92BF92CF92DF92EF92FF920F931F9396
:10D0D000CF93DF93CDB7DEB7C654D1090FB6F8941E
:10D0E000DEBF0FBECDBF0E94DD601092870E809123
:10D0F000A70E9091A80E8630910509F055C30E94A5
:10D1000096360091A50E1091A60E01151105C1F4D9
:10D1100081E090E09093330280933202E0913202FA
:10D12000F09133028BE99DE0EE3038F4FF27EE0FEB
:10D13000FF1FE158F24F859194910E949E5E56C365
:10D14000F090A40E0E94F5B984E680932C028BE93E
:10D1500080932D02F0922E021092CF041092EB0CCD
:10D160001092EE0C8FB7F8941092CE041092CD046A
:10D170001092ED0C1092EC0C98E090932F0210920C
:10D1800034028FBFE0EDF4E08AE1DF011D928A9561
:10D19000E9F71092EA0481E090E0909331028093E5
:10D1A0003002C8010E94734F811115C082E090E0E7
:10D1B000909331028093300280913002909131023D
:10D1C00090933302809332028FB7F89491E090935A
:10D1D00034028FBFA3CF0E94C43B23966CAF7DAFB8
:10D1E0008EAF9FAF23976C3071058105910528F4B0
:10D1F00086E090E00E944038DFCF6CE070E0CE0126
:10D2000089960E94CF420C9719F083E090E0F2CF0C
:10D2100089A58235C1F48AA58934A9F48BA5863401
:10D2200091F48CA5863479F489A9873549F48AA9C3
:10D23000813431F48BA9863519F48CA9853431F009
:10D2400085E090E0D7CF84E090E0D4CFCE018D96FA
:10D250000E949D19683FBFEF7B078B079B0708F073
:10D260005CC0DC01CB010896A11DB11D23964CAC1E
:10D270005DAC6EAC7FAC23978C309105A105B105F8
:10D2800038F084159505A605B70510F42C013D016D
:10D29000212C312CD12CC12C0E94853B64157505A5
:10D2A0008605970508F01DC1A3019201261B370BC7
:10D2B000480B590BDA01C9010897A105B10508F41B
:10D2C00010C168E070E0CE01C5960E94CF42089779
:10D2D00009F09BCFCE01C9960E949D194B015C01BC
:10D2E0000E94853B27966CAF7DAF8EAF9FAF27978F
:10D2F0008DA98636C9F48EA98D36C9F48FA98437D5
:10D30000B1F488AD803299F430E183169104A10420
:10D31000B104E0F48DE090E06DCF23964CAC5DACB1
:10D320006EAC7FAC2397B4CF843609F480C0830100
:10D330007201A501940127966CAD7DAD8EAD9FADB8
:10D3400027970E94E03C8111A7CFE4CF60E170E015
:10D35000CE0149960E94CF42409709F056CFC98C22
:10D36000DA8C8B8D9C8D9093E5048093E404CE0140
:10D370004D960E949D196093D0047093D1048093C0
:10D38000D2049093D304CE0181960E949D1960939C
:10D39000D4047093D5048093D6049093D7048DA1C0
:10D3A0009EA19093E7048093E6048FA198A59093A3
:10D3B000E9048093E8044EEFC4164FEFD40639F524
:10D3C00058E285169104A104B10408F4A3CF68E1E2
:10D3D00070E0CE0101960E94CF42489709F09ACFA3
:10D3E00089819A81469718F489E090E003CFC98437
:10D3F000DA8481E0C816D104B9F74EE050E061E765
:10D400007DE0CE010B960E9464E9892B69F78301C8
:10D410007201A501940127966CAD7DAD8EAD9FADD7
:10D4200027970E94E03C382E811136CF73CF8EA90A
:10D43000813609F07CCF8FA9843709F078CF88AD89
:10D44000813609F074CFD501C40180959095A095DF
:10D45000B09527962CAD3DAD4EAD5FAD27978217A9
:10D460009307A407B50708F455CFDA01C901880D61
:10D47000991DAA1DBB1D23962CAD3DAD4EAD5FADD4
:10D480002397281739074A075B0708F443CF211071
:10D4900016C027968CAD9DADAEADBFAD27978093DE
:10D4A000D8049093D904A093DA04B093DB0480925B
:10D4B000DC049092DD04A092DE04B092DF0431100F
:10D4C0001AC083017201A501940127966CAD7DAD50
:10D4D0008EAD9FAD27970E94E03C282E8111DCCEB7
:10D4E00019CF87E090E0332009F484CE88E090E003
:10D4F000222009F47FCECA94CD2809F075CF8091FF
:10D50000E4049091E504019719F08AE090E072CE6E
:10D510008091E8049091E904089719F08BE090E07D
:10D5200069CE8091D0049091D104A091D204B091A1
:10D53000D304823226E59207A105B10579F084343F
:10D540003CEA9307A105B10549F080384BEB9407FD
:10D55000A105B10519F08CE090E04CCE2091E604D5
:10D560003091E7042130310509F0D4CE4091D40444
:10D570005091D5046091D6047091D7048417950713
:10D58000A607B70709F0C6CE6091D8047091D904F8
:10D590008091DA049091DB040E94033C882309F413
:10D5A00034CE8091DC049091DD04A091DE04B09132
:10D5B000DF048093E0049093E104A093E204B0932D
:10D5C000E30481E08093EA04109231021092300269
:10D5D0008AE1E0EDF4E0A8EFB3E001900D928A95C6
:10D5E000E1F710923302109232020E9482A7882340
:10D5F00009F494CD0E9482A7811105C00E94F5B95B
:10D6000081EB9DE09ACD0E9456A6892BB9F310912B
:10D61000EA04111121C00E94F5B985EA9DE00E943B
:10D620009E5E812FCA5BDF4F0FB6F894DEBF0FBE40
:10D63000CDBFDF91CF911F910F91FF90EF90DF90C1
:10D64000CF90BF90AF909F908F907F906F905F90A2
:10D650004F903F902F9008958090F8039090F90399
:10D66000A090FA03B090FB0360910404709105044C
:10D670008091060490910704412C512C32018114B1
:10D680009104A104B10471F1A50194010E94BEECC2
:10D6900069017A019B01AC0188E3C81689E8D806C4
:10D6A00081E4E806F104D0F5A8EEB3E00E94F7ECBF
:10D6B000950184013695279517950795600F711F81
:10D6C000821F931FA50194010E94BEEC29013A011B
:10D6D000A8EEB3E0A70196010E94F7EC460E571E94
:10D6E000681E791E4092990E50929A0E60929B0E7F
:10D6F00070929C0ED501C4010197A109B1098F3F19
:10D700009F4FA105B10578F087E080931C040E942B
:10D71000F5B90E94071A0E94FE100FCD44244A94C6
:10D72000542C3201DFCF60E074E284EF90E0A50179
:10D7300094010E94BEEC69012B01DA01C901019735
:10D74000A109B1098F3F9F4FA105B10510F086E0F7
:10D75000DCCF81E00E94BC608FB7F89410929500F6
:10D760001092940090921B0480921A04D092190493
:10D77000C092180450921704409216041092150497
:10D7800010921404109213041092120491E09093DA
:10D790001C048FBF1092980E81E090E090939E0E33
:10D7A00080939D0E11E03DCF9C0124503109223021
:10D7B000310508F08BC010E1059709F012E3E09005
:10D7C000A50EF090A60E0E947251E114F10421F012
:10D7D000103171F0123361F067E070E080ED9DE090
:10D7E0000E947C268EE59FE00E94C45E10E019CF67
:10D7F00081E0103109F080E080932D0E10922C0E04
:10D8000010925E0F8FB7F8941092320E1092310E74
:10D810001092300E10922F0E109242028FBF109273
:10D820002B0E10922A0E1092290E1092280E109292
:10D83000270E1092260E10921E0E10921F0E10929E
:10D84000200E1092210EC7010E94734F811105C056
:10D8500066E070E086EC9DE0C3CF0E94C43B60931D
:10D86000220E7093230E8093240E9093250E672B27
:10D87000682B692B21F18091420281110CC00E941A
:10D880008F198C01809142028823A9F00E948F1980
:10D890000817190781F70E948F19892B81F081E001
:10D8A00080932E0E1092990E10929A0E10929B0E4B
:10D8B00010929C0E6FCF0E94C64E8111E7CF0E943E
:10D8C000353867E070E08BEB9DE08ACF9C012150FA
:10D8D00031092330310508F098C22091A20E309111
:10D8E000A30E3EAF2DAF1092A10E2130310509F0ED
:10D8F00070C08130910509F090C06091A50E7091C3
:10D90000A60E1EAE1DAE80EC91E10E94B6D981112B
:10D9100002C080E05CC080EC91E10E94F736882371
:10D92000C1F380EC91E10E94734F882391F30E9430
:10D93000C43B4B01DC01CB010197A109B1098F3731
:10D940009105A105B10518F00E943538E2CFB40168
:10D9500080E692E10E94CF428C010E943538081582
:10D960001905B9F6F401E05AFD4E108280E692E105
:10D97000892B79F22CE030E0AE014F5F5F4F6FED05
:10D980007DE080E692E10E94C51E882311F2198E87
:10D9900025E030E0AE01475E5F4F69ED7DE080E657
:10D9A00092E10E94C51EAE01435C5F4FBE01675EFF
:10D9B0007F4FCE0101960E942A66882309F4A9CFE1
:10D9C00081E02DAD3EAD2130310509F4A2CF809329
:10D9D000A10E909048020091490210914A02EDACCC
:10D9E000FEACC090A70ED090A80EA090A50EB0904F
:10D9F000A60EFEAAEDAA0E940C6010925E0FA11462
:10DA0000B10421F0C6010197039760F067E070E070
:10DA10008FE49EE00E94E52AE5CE0297D1F21EAE89
:10DA20001DAED7CFD092860EC092850EB092840ED6
:10DA3000A092830EF092820EE092810E90924702A5
:10DA40001092800E10927F0E10927E0E10927D0E1C
:10DA500010927C0E10927B0E10927A0E1092680E2D
:10DA600042E0C416D104B1F401151105D1F08DA91D
:10DA70009EA98130910511F490E080E00E946C3005
:10DA8000C5010E94734F81110FC066E070E086E40B
:10DA90009EE0C0CF8DA99EA9019749F71EAA1DAA95
:10DAA000E6CF01E010E0E3CF0E94C43B6093640E38
:10DAB0007093650E8093660E9093670E60387105C3
:10DAC0008105910538F40E94353867E070E08CE3F9
:10DAD0009EE0A0CF52E0C516D10409F09FC0011509
:10DAE000110511F401E010E010927E0E10927D0EEF
:10DAF00060E070E0CB010E94033C811107C066E04A
:10DB000070E081E29EE00E94E52A7CC0312C412C2D
:10DB1000512C612C712CD12CC12C0E94853B4B01C6
:10DB20005C018091640E9091650EA091660EB0919B
:10DB3000670E88169906AA06BB06B0F588199909DA
:10DB4000AA09BB0980389105A105B10528F467E051
:10DB500070E086E19EE0D7CF0E94EA44882309F472
:10DB600051C09FEFC916D90629F467E070E08CE038
:10DB70009EE0C9CFAFEFCA1ADA0AC016D10619F46F
:10DB8000382E240135016091580E7091590E809104
:10DB90005A0E90915B0E0E94033C8111BECF66E04D
:10DBA00070E083E09EE0AFCF88169906AA06BB0618
:10DBB00071F4C114D10459F0D0927E0EC0927D0E42
:10DBC00031100AC067E070E08DEE9DE09CCF67E009
:10DBD00070E088EF9DE097CFB201C3010E94033C43
:10DBE000882399F00E94EA44882379F01093800EEC
:10DBF00000937F0EBE016B5C7F4FC8010E940A67D5
:10DC00008111D7C00E943538EDCD80915D0F8730EE
:10DC1000C9F366E070E084EE9DE075CF10921D04BC
:10DC200010921E0410921F0410922004198E1A8E56
:10DC30001B8E1C8E1092600E1092610E1092620E5E
:10DC40001092630E60E070E0CB010E94033C8111F2
:10DC500005C066E070E083E39EE055CF8091850EBD
:10DC60009091860E0297A1F5CE0149960E94134429
:10DC7000882341F20E94853B0091640E1091650E4D
:10DC80002091660E3091670E601771078207930727
:10DC900058F3698D7A8D8B8D9C8D6F3F5FEF750783
:10DCA0008507950709F049C06093600E7093610E77
:10DCB0008093620E9093630E60E070E0CB010E944F
:10DCC000033C811154C066E070E08AE29EE01BCF05
:10DCD000CE0149960E941344882309F493CF809083
:10DCE000640E9090650EA090660EB090670E0E9434
:10DCF000853B861A970AA80AB90A59F29E01275D40
:10DD00003F4FAE014F5F5F4FC501B4010E946643B4
:10DD1000882309F477CFE9A4FAA409811A812B8119
:10DD20003C81AE01475E5F4F6A01B501A40180E00E
:10DD30000E94BE128111ADCF65CF20911402220F37
:10DD400030E050E040E00E94BEEC672B682B692B6E
:10DD500049F42093600E3093610E4093620E50930D
:10DD6000630EAACF2F5F3F4F4F4F5F4FF2CF0E94FE
:10DD7000EA44882309F446CF80911D0490911E0443
:10DD8000A0911F04B09120048F3F2FEF9207A207AC
:10DD9000B20739F00196A11DB11DB695A7959795CB
:10DDA00087958093600E9093610EA093620EB0935E
:10DDB000630E8DA99EA90E94C746882309F422CF2D
:10DDC00081E080935D0F8091600E9091610EA09133
:10DDD000620EB091630E8093990E90939A0EA09369
:10DDE0009B0EB0939C0E8091850E9091860E0297AB
:10DDF00039F090E080E09093A00E80939F0ECACC03
:10DE000080917F0E9091800EF6CF079709F011C296
:10DE10000091330F1091340FC090A50ED090A60E34
:10DE20000E94A45CC114D10469F00130110509F409
:10DE3000E0C078F00230110509F4DFC003301105AD
:10DE400009F4DFC067E070E085EA9EE00E94055DAE
:10DE5000C9CC8AE0E6EBF2E0A1E2B4E001900D92D9
:10DE60008A95E1F710925E0F10923C0410923D04E7
:10DE700010923E0410923F0410923804109239041C
:10DE800010923A0410923B04109241041092400404
:10DE9000409121045091220470E060E0DB01CA014E
:10DEA000880F991FAA1FBB1F81509F4FAF4FBF4FB5
:10DEB000892F9A2FAB2FBB270097A105B10521F41D
:10DEC00081E090E0A0E0B0E090931C0280931B0200
:10DED00020912304309124048091250490912604FC
:10DEE000B0E0A0E0820F931FA11DB11D81509F4F94
:10DEF000AF4FBF4F892F9A2FAB2FBB270097A1059C
:10DF0000B10521F481E090E0A0E0B0E090931A0226
:10DF100080931902209127043091280480912904CC
:10DF200090912A04B0E0A0E0820F931FA11DB11DC3
:10DF300081509F4FAF4FBF4F892F9A2FAB2FBB27D9
:10DF40000097A105B10521F481E090E0A0E0B0E0E8
:10DF5000909318028093170241505F4F6F4F7F4F8D
:10DF6000452F562F672F77274115510561057105FC
:10DF700021F441E050E060E070E0509316024093DD
:10DF800015028BEE90E090932202809321028FE4A1
:10DF900090E090932602809325028DE990E0909383
:10DFA0002402809323028FB7F894109252041092A7
:10DFB00051041092500410924F0491E09093280263
:10DFC00010924D0410924C0410924E04109248048A
:10DFD0001092490410924A0410924B048FBFC6015C
:10DFE0000E94734F811111C066E070E08CE99EE0E1
:10DFF0002DCF8AE0E0ECF2E02FCF8AE0EAECF2E00D
:10E000002BCF8AE0E4EDF2E027CF0E94C43B60937F
:10E010003C0470933D0480933E0490933F04672B2F
:10E02000682B692B29F467E070E082E99EE00ECF4F
:10E03000109238041092390410923A0410923B0462
:10E04000812C912C540180913C0490913D04A0912D
:10E050003E04B0913F0488169906AA06BB0608F054
:10E06000C5C088199909AA09BB090297A105B1057C
:10E0700028F467E070E087E89EE0E8CEC501B401CF
:10E080000E94033C811105C066E070E08EE79EE0CF
:10E09000DDCE62E070E0CE0101960E94295D88230A
:10E0A00009F4A0CBC980DA8032E0C316D10428F489
:10E0B00067E070E083E79EE0C9CE2601712C612CF9
:10E0C00042E0440E511C611C711C480C591C6A1C16
:10E0D0007B1C481459046A047B0468F080913C045A
:10E0E00090913D04A0913E04B0913F0484159505A4
:10E0F000A605B70528F467E070E089E69EE0A6CEA5
:10E1000061E070E0CE0149960E94295D882309F400
:10E1100069CB898D9FEF980F9E3F28F467E070E0F0
:10E1200080E69EE093CE80903C0490903D04A090C9
:10E130003E04B0903F0420EC3FE040E050E08823F4
:10E1400021F02AE436E040E050E0A0911B02B091BB
:10E150001C020E94F7EC0E94CC1060911902709191
:10E160001A0290E080E00E94CC10A0911702B091BA
:10E17000180296010E94E8EC23E0660F771F881FC3
:10E18000991F2A95D1F70E94CC10609115027091C9
:10E19000160290E080E00E94CC10481459046A04F2
:10E1A0007B0409F450CF2091210230912202898D05
:10E1B000811111C0ADE5B0E00E94E8EC0E94CC10E6
:10E1C000609125027091260290E080E00E94CC10C0
:10E1D0005301420138CFAAE0B1E00E94E8EC0E946E
:10E1E000CC106091230270912402EECF60E070E0C9
:10E1F000CB010E94033C811105C066E070E087E519
:10E200009EE024CE8091380490913904A0913A0484
:10E21000B0913B04892B8A2B8B2B09F4E3CA81E054
:10E220000E94B55D882309F4DDCA81E08093530420
:10E2300039CB8DEA9EE00C949D680F931F93CF938A
:10E24000DF9380919D0E90919E0E019709F08DC0F5
:10E250008091980E811185C08091A70E9091A80E93
:10E260008630910509F0B4C00E94071A019709F0A1
:10E27000A6C08091120481111FC08091CD0490919D
:10E28000CE042091EC0C3091ED0C8217930709F429
:10E2900084C0FC01F770E551FB4F408140931304AB
:10E2A00040913402019641116CC09093CE0480934A
:10E2B000CD0488E08093120480911304282F30E06D
:10E2C00035952795209313049091120491509093C3
:10E2D000120481700E948C1A209118043091190444
:10E2E00080911404909115044091160450911704E4
:10E2F000840F951F40911A0450911B0484179507B1
:10E3000020F0841B950B2F5F3F4F90931504809353
:10E3100014042150310930939900209398000E94F1
:10E32000865C80E00E946C510E94681E82E090E052
:10E3300090939E0E80939D0E81E090E09093050F48
:10E340008093040F1092010F0E9454301092020F1C
:10E350008091F90E9091FA0E892B09F4DEC081E0CC
:10E360000BC00E945868811177CF83E090E09093B2
:10E37000050F8093040F80E0DF91CF911F910F91E3
:10E3800008952817390709F090CF80912F02309314
:10E39000CE042093CD0481118DCF80913402882347
:10E3A000A9F02091CD043091CE048091EC0C909195
:10E3B000ED0C2817390751F484E080931C040E9467
:10E3C000071A0E94FE100E949E5ECFCF85E0F5CF17
:10E3D0009C01215031092330310548F40E94CB576C
:10E3E0008111A2CF8EE59FE00E94C45EBECF079749
:10E3F00009F048C0C0915304C130A1F740911F02F9
:10E4000060912D0480913604909137040E94011090
:10E4100080E00E948C1ADFB7F894809171008A7FA7
:10E4200080937100109290001092910010929500CC
:10E430001092940085E088BBC0934E04109248046B
:10E440001092490410924A0410924B041092430413
:10E450001092420482E08093530483E080936F0F14
:10E4600081E00E94A151C09391008091210490917C
:10E4700022040E9485108091710084608093710055
:10E48000DFBF4FCFD0912E0ED13009F0ABCF20910E
:10E49000310E3091320E80912F0E9091300E281750
:10E4A0003907A1F1F901F770E551FB4FC0818C2FBD
:10E4B0002F5F3F4F3093320E2093310ECC2331F13A
:10E4C000C7FDC1950E94971A8C2F0E9460198C017C
:10E4D000CFB7F8941092950010929400109290008B
:10E4E000D093910084E088BB82E080932E0E81E07F
:10E4F0000E94A151D0936F0FC8010E948510809196
:10E500007100846080937100CFBFBBCF67E070E083
:10E5100083EA9CE00E947C2665CF0E9455198823DF
:10E5200009F41DCF91E09093020F26CFBF92CF92B6
:10E53000DF92EF92FF920F931F93CF93DF93EC0143
:10E540000091060F1091070FB090FD0EC090FB0ECA
:10E55000D090FC0EE090F90EF090FA0E0E94DD6073
:10E560001092870E80EC93E1009719F001151105C8
:10E5700061F487E99CE00E949E5E83E090E09093C6
:10E58000050F8093040F80E026C09093A60E809321
:10E59000A50E1093A80E0093A70EB092A40ED092D1
:10E5A000A30EC092A20E81E0EF2809F080E08093D4
:10E5B00048021092A10E209711F4C1E0D0E0D09350
:10E5C0004A02C09349021092A00E10929F0E0E9420
:10E5D0005868882391F2DF91CF911F910F91FF909E
:10E5E000EF90DF90CF90BF900895CF932091060FCA
:10E5F0003091070F2230310521F0C0E08C2FCF91F0
:10E6000008959091000F9923C1F32091040F309148
:10E61000050F232B91F7882381F3C82F0E94402BED
:10E620002091A70E3091A80E2230310531F72091AC
:10E63000850E3091860E22303105F9F620917D0E3F
:10E6400030917E0E0097C9F221153105B1F2CF3F0E
:10E65000E1F48230910518F09C0121503109C90183
:10E660000E949672C82F882341F21092030F1092D5
:10E67000020F1092010F0E9454301092050F109259
:10E68000040F81E00E946C51B9CF8217930720F4E8
:10E690009C012F5F3F4FE3CF21E030E0E0CFCF92EE
:10E6A000DF92EF92FF920F931F93CF93DF931F920E
:10E6B0001F92CDB7DEB7E090450EF090460E81E098
:10E6C000E816F10409F04AC00E948A16882381F0F6
:10E6D0008091470E811106C00E947746811102C0C9
:10E6E00010E025C083E090E00E94171111E01FC0E8
:10E6F0000E94AA16182F882351F10E949A16882387
:10E7000011F180E00E94ED5F81E00E948C1A84E0AC
:10E7100090E09093460E8093450E1092440E109216
:10E72000430E1092420E1092410E1092400E812F15
:10E730000F900F90DF91CF911F910F91FF90EF906D
:10E74000DF90CF90089581E00E94ED5FE0CF0E94BE
:10E7500028198111BDCF82E090E0C6CF82E0E81693
:10E76000F10421F40E940D198111B6CFC70102975F
:10E77000029738F067E070E085E69CE00E94E52AA9
:10E78000AFCF82E0E816F10429F40E943419182F63
:10E790008111D9CF8091850E9091860E029709F054
:10E7A00060C00E94853B0091640E1091650E20911F
:10E7B000660E3091670E601771078207930768F441
:10E7C00080917F0E9091800E009739F020917D0E00
:10E7D00030917E0E8217930720F084E080935D0FC6
:10E7E00085CF60914C0E70914D0E80914E0E9091A0
:10E7F0004F0E0091480E1091490E20914A0E309113
:10E800004B0E600F711F821F931F0E94033C182F35
:10E81000811107C066E070E08CE59CE00E94E52A6B
:10E8200086CF80917F0E9091800E01969093800EFE
:10E8300080937F0E0E94EA44882309F451CFBE01E1
:10E840006F5F7F4F80917F0E9091800E0E940A67CC
:10E85000882309F445CF89819A810E94C746182FE1
:10E8600066CF82E0E816F10409F0B7CF0E94853B3D
:10E870000091640E1091650E2091660E3091670E26
:10E88000601771078207930708F0A7CF6801790125
:10E89000C61AD70AE80AF90AB701A60140935C0E26
:10E8A00050935D0E60935E0E70935F0E0093580E52
:10E8B0001093590E20935A0E30935B0E1092500E07
:10E8C0001092510E1092520E1092530E0E9453311C
:10E8D0000E943C46882309F403CF3DCFCF9380911B
:10E8E0009D0E90919E0E0297A9F40E9401618111E4
:10E8F0005AC08091A70E9091A80E86309105E9F438
:10E900000E94071A029779F00E94071A0E94FE10CF
:10E910000E949E5E83E090E09093050F8093040F29
:10E9200080E0CF91089580E00E94BC608FB7F8949A
:10E9300093E090931C048FBF21C09C0121503109AA
:10E940002330310508F083C080915D0F823009F0DB
:10E9500079C080913F0E882321F083E080935D0F82
:10E960000DC08091440E882389F10E944F73882343
:10E9700009F468C080915D0F843079F78091A70E0B
:10E980009091A80E029719F480E00E94672B0E94D4
:10E990000161811108C00E940B1E83E090E09093FA
:10E9A0009E0E80939D0E80919D0E90919E0E0197DC
:10E9B00009F09AC01092050F1092040F1092030FE5
:10E9C0001092010F0E94543081E0ABCF8091450E30
:10E9D0009091460E049709F29FB7F89440919400E5
:10E9E0005091950081E020914502309146024217F6
:10E9F000530708F480E08093370E8091900085FBE8
:10EA0000882780F98093380E809171008A7F8093E7
:10EA1000710080919100887F809391008091900097
:10EA20008F7C8093900085E088BB81E080933C0ED2
:10EA300083E080935D0F9FBF80E00E948C1A0E944C
:10EA4000A15C9CCF8EE59FE00E94C45E63CF0797D8
:10EA500001F5809153048230A9F7CFB7F8948091E3
:10EA60009A0090919B002091940030919500C2995A
:10EA700003C0821B930B11F481E090E09093320469
:10EA8000809331040E94075783E080935304CFBFE3
:10EA900053CF80912E0E8230A9F6CFB7F894809193
:10EAA0009A0090919B002091940030919500C2991A
:10EAB00003C0821B930B11F481E090E09093290E28
:10EAC0008093280E80912A0E90912B0E9093270E02
:10EAD0008093260E10922B0E10922A0E0E94E85858
:10EAE00083E080932E0ED3CF82E090E09093050FC9
:10EAF0008093040F69CF8F929F92AF92BF92CF9273
:10EB0000DF92EF92FF920F931F93CF93DF931F92A9
:10EB10001F92CDB7DEB78091FE0E882309F468C03E
:10EB20000E948D37882309F447C081E00E943D5040
:10EB300081110DC00E94DD608EEA9CE00E949E5E05
:10EB400083E090E09093050F8093040F35C01092FE
:10EB5000FE0E1092030F1092020F1092010F1092EE
:10EB6000000F0E9454300E9459308091060F9091FE
:10EB7000070F029761F48091A70E9091A80E02975B
:10EB800031F48091490290914A02009711F481E09A
:10EB900090E00E949672882379F01092050F1092EF
:10EBA000040F8091060F9091070F0297A1F481E066
:10EBB0008093000F0E946C510F900F90DF91CF91C6
:10EBC0001F910F91FF90EF90DF90CF90BF90AF908B
:10EBD0009F908F9008958091F90E9091FA0E892B55
:10EBE00029F481E08093030F80E0E4CF81E0E2CF5D
:10EBF0000E948637882371F081E08093FE0E109288
:10EC0000030F1092020F1092010F1092000F0E943A
:10EC1000543090CF80919D0E90919E0E029749F5B1
:10EC20008091A70E9091A80E8630910509F0AEC094
:10EC30008091340281118DC00E9456A6893F9D4368
:10EC400008F087C00E946CA6811183C00E94D0602A
:10EC5000E0913202F09133028BE99DE0EE3038F41E
:10EC6000FF27EE0FFF1FE158F24F859194910E940C
:10EC70009E5E80919D0E90919E0E8330910509F4C9
:10EC8000A0C58430910509F4A3C5029709F0AFC56A
:10EC900081E090E09093050F8093040F0E94543020
:10ECA0008091F90E9091FA0E892BF9F48091060F5C
:10ECB0009091070F029781F40E9455198093020FDB
:10ECC000882351F01092030F1092010F8091F90EDA
:10ECD0009091FA0E892B49F48091010F882329F035
:10ECE0000E94675181111092010F8091000F8111D4
:10ECF00063CF8091F90E9091FA0E892B09F05CCFC9
:10ED00008091040F9091050F8330910509F454CF41
:10ED10002091020F211150CF2091010F21114CCFD2
:10ED20002091030F222309F483C50E946751882391
:10ED300009F442CF80919D0E90919E0E019709F0AB
:10ED40003BCF0E941D71882309F436CF1092030F28
:10ED500033CF0E94071A8430910571F40E94D0606D
:10ED60000E94511E81E08093980E81E090E0909384
:10ED70009E0E80939D0E7DCF9C012550310923303E
:10ED8000310508F076CF0E94FE1071CF9C01215012
:10ED900031092330310508F079C480915D0F82304C
:10EDA00009F04CC080913F0E8823E1F00E94D1CA47
:10EDB00020913D0E30913E0E621B730B6039714005
:10EDC000E8F110923F0E0E942857811137C08091C0
:10EDD0005D0F823099F567E070E080E59DE00E946C
:10EDE000E52A2CC08091440E882309F4C8C0809184
:10EDF000440E882319F180915D0F8230F9F40E944E
:10EE00003419182F8091450E9091460E1123A9F1C7
:10EE10008230910551F50E94AA1611E018270E9430
:10EE2000E616912F182F80914702882309F442C0DB
:10EE3000992339F10E944F73811173C08091A70EFD
:10EE40009091A80E029719F481E00E94672B9FB75A
:10EE5000F89480915D0F9FBF843009F481CF08F44E
:10EE600008CF883008F468C404CF019709F016C5AC
:10EE70000E94AA16982F10E0D6CF029781F290E058
:10EE8000D2CF0E9467518823C9F20E94D1CA209133
:10EE9000420E211112C07093410E6093400E81E02A
:10EEA0008093420E8091430E882341F2112309F48E
:10EEB000C1CFC4CF992349F3BDCF2091430E222364
:10EEC00019F0112309F4B6CF2091400E3091410E74
:10EED0008B01021B130B8091450E9091460E8130E1
:10EEE000910559F40E942819811104C00E948A16C4
:10EEF0008823A1F089E591E00CC0029779F40E9483
:10EF00000D19882359F00E94E616882399F38EE69E
:10EF100090E00817190708F08DCF90CF88E790E0B0
:10EF2000F8CF80915D0F843009F488CF8091450E31
:10EF30009091460E049791F40E94533C81117ECF2C
:10EF40008FEA9FE00E9456C780915D0F823009F0E2
:10EF500075CF67E070E08FED9CE041CF80E00E94CC
:10EF60006C510E94A457811169CF80915D0F82304E
:10EF700009F064CF67E070E085ED9CE030CF8091D0
:10EF8000450E9091460E8430910509F000C38091A2
:10EF9000700F882321F08091710F811109C084E3E3
:10EFA0009DE00E9420268FEA9FE00E9456C746CF30
:10EFB0008091720F81111DC28091750F9091760F13
:10EFC0008230910509F49BC08330910509F4CCC0CF
:10EFD0000197F1F58091770F9091780F2CEBC22E6D
:10EFE00022E0D22EE12CF12C039729F094E6C92ED1
:10EFF000D12CE12CF12C0E94D1CA0091AA0F1091C2
:10F00000AB0F2091AC0F3091AD0F601B710B820BD9
:10F01000930B6C157D058E059F05D0F08091770FC1
:10F020009091780F039709F067C081E00E948C1AD5
:10F030000E9454CA6093AA0F7093AB0F8093AC0FD9
:10F040009093AD0F82E090E09093760F8093750FD0
:10F050008091750F9091760F049709F0C5C180914A
:10F06000730F20E48823E9F08091AE0F0E944E26B2
:10F07000882309F498CF1092730F8091A60F909176
:10F08000A70FA091A80FB091A90F0196A11DB11DC6
:10F090008093A60F9093A70FA093A80FB093A90FEA
:10F0A0002FE34091A60F5091A70F6091A80F709188
:10F0B000A90F80917D0F90917E0F6C01F12CE12CB6
:10F0C0004C155D056E057F0508F063C1841B950B2B
:10F0D000E22EF12C8E159F0508F47C01B70180EC1F
:10F0E00091E10E94CF428E159F0509F45BC097FF06
:10F0F00056C083E19DE055CF84E090E0A5CF0E940B
:10F1000054CA0091AA0F1091AB0F2091AC0F30910F
:10F11000AD0F601B710B820B930B683E7340810532
:10F12000910508F495CF61E070E08EEA9FE00E94BF
:10F13000CF428130910541F097FF03C08CE29DE002
:10F1400030CF83E29DE02DCF81E08093730F0E944A
:10F1500054CA6093AA0F7093AB0F8093AC0F909337
:10F16000AD0F83E090E070CF8091030180FFC4CFAA
:10F170000E9454CA0091AA0F1091AB0F2091AC0FBE
:10F180003091AD0F601B710B820B930B61347B448C
:10F190008C44910508F45CCF8BE19DE002CF8AE0BE
:10F1A0009DE0FFCE8091770F9091780F049700EC4F
:10F1B00011E1029708F0CBC080ECC82E81E1D82E77
:10F1C0008091A60F9091A70FA091A80FB091A90FC1
:10F1D0009601205C31412E153F0508F0DAC0F6019A
:10F1E00011916F011095110F111D110F111D892B18
:10F1F0008A2B8B2B09F086C00E9454CA4B015C01FC
:10F200000E948816749A8091030180FD0EC00E94AE
:10F2100054CA681979098A099B0961347B448C4472
:10F22000910588F382E09DE0BCCE80E00E94BA1692
:10F230008091030180FF0EC00E9454CA68197909A9
:10F240008A099B0961347B448C44910588F38AEFD9
:10F250009CE0A7CE812F881F8827881F0E94BA169E
:10F260005B9840E068E481E00E947A1E882309F4FC
:10F270009ACE16FB882780F90E94BA160E9488163B
:10F2800040E06CE480E00E947A1E882309F48BCE73
:10F29000110F110F01E0402F6CE480E00E947A1EF4
:10F2A000882309F480CE812F881F8827881F0E9419
:10F2B000BA165B98402F68E481E00E947A1E88238A
:10F2C00009F471CE16FB882780F90E94BA160E94B5
:10F2D0008816110F110F0F5F0430E9F68091A60F09
:10F2E0009091A70FA091A80FB091A90F0196A11D11
:10F2F000B11D8093A60F9093A70FA093A80FB09372
:10F30000A90F5ECF00E0402F6CE480E00E947A1EDF
:10F31000882309F448CE812F881F8827881F0E94E0
:10F32000BA165B98402F68E481E00E947A1E882319
:10F3300009F439CE16FB882780F90E94BA160E947C
:10F340008816110F110F0F5F0430E9F6C7CFC801FF
:10F35000805C91418E159F05E0F4F80181918F0149
:10F360000E944E26882309F41ECE8091A60F90910C
:10F37000A70FA091A80FB091A90F0196A11DB11DD3
:10F380008093A60F9093A70FA093A80FB093A90FF7
:10F39000DECF80917D0F90917E0FB0E0A0E0409194
:10F3A000A60F5091A70F6091A80F7091A90F481751
:10F3B00059076A077B07C0F08091770F9091780F0B
:10F3C0000497029708F072C00E9454CA6B017C0136
:10F3D0008091030180FD38C081E08093720F80E04E
:10F3E0000E948C1A0E94871A8091720F882309F458
:10F3F00025CD1092440E1092420E1092410E1092A2
:10F40000400E8091850E9091860E029709F0B8C04B
:10F4100080917F0E9091800E20917D0E30917E0E16
:10F420008217930708F0ACC0009709F407CD10913C
:10F430007A0EBE016F5F7F4F01960E940A678111AD
:10F440003BC010937A0EFACC0E9454CA6C197D0905
:10F450008E099F09613472448F40910508F4B8CF3A
:10F4600085E58093AF0F8CE48093B00F87E38093A2
:10F47000B10F8091770F9091780F0597A9F488E4E8
:10F480008093B20F80E28093B30F95E49093B40F12
:10F490009EE49093B50F94E49093B60F8093B70FCA
:10F4A00089E00E9400C87FCD8CE4EACF80E00E9412
:10F4B0002726811191CF77CDF0907A0E10937A0E96
:10F4C00009811A81C8010297039708F459C08091F5
:10F4D0007F0E9091800E009739F020917D0E309133
:10F4E0007E0E82179307C8F084E080935D0F8091B1
:10F4F0005D0F843009F4A2CC80E00E946C510E9420
:10F50000A45781119BCC80915D0F823009F096CC7D
:10F5100067E070E086E49DE062CC60914C0E7091F3
:10F520004D0E80914E0E90914F0E8090480E90900F
:10F53000490EA0904A0EB0904B0E680D791D8A1DA1
:10F540009B1D0E94033C811105C066E070E081EFC5
:10F550009CE045CC80917F0E9091800E0196909317
:10F56000800E80937F0E0E94EA44882309F466CCC3
:10F57000F0927A0EC8010E94C7468111B8CF5ECCC6
:10F5800084E080935D0F81E00E946C5157CC209104
:10F59000E503222309F44AC0029709F047C080918D
:10F5A000340E882309F44AC09FB7F8948091340E32
:10F5B00081111092340E9FBF8823C1F16091540EC7
:10F5C0007091550E8091560E9091570E0E94033CFB
:10F5D000811110C066E070E088EE9CE00E94E52A90
:10F5E00080915D0F823009F029CC66E070E08BE3FA
:10F5F0009DE0F5CB1092500E1092510E1092520ECB
:10F600001092530E0E94533180915C0E90915D0ECA
:10F61000A0915E0EB0915F0E892B8A2B8B2B89F502
:10F620008FB7F89491E09093330E8FBF8091450E81
:10F630009091460E0297029708F000CC8091440EFC
:10F640008111FCCB0E946F168115964008F0F6CB15
:10F650004091500E5091510E6091520E7091530E88
:10F6600080915C0E90915D0EA0915E0EB0915F0E48
:10F67000481759076A077B0708F0E0CB0E947545D9
:10F68000DDCB0E9475458111CBCFAACF079709F03A
:10F690006EC00E94FA0F8230910559F52FB7F89489
:10F6A00090914D0480914C042FBF992379F08111E2
:10F6B0000DC08091400490914104892B09F441C010
:10F6C00066E070E08CEC9CE00E94055D0E94FA0F01
:10F6D000029769F48091400490914104892B39F09C
:10F6E0000E9494108115964010F40E94445D0E947F
:10F6F000FA0F9C01245031092430310590F42EE595
:10F700003FE040915E0F41110AC08530910511F52F
:10F7100043EC5CE061E170E0C901232B29F50E9414
:10F7200035380E94FA0F8430910509F419CB08F49A
:10F73000A0CA089708F09DCA8EE59FE00E94C45EAB
:10F7400098CA0E949410892B09F0BACF80E00E94D9
:10F75000B55DBCCF079719F7232B09F34AEB5CE0A3
:10F7600061E170E08EE59FE00E94989DD8CF809186
:10F770002E0E823079F48091420281110BC00E94DA
:10F780008F198115964030F480914202811102C098
:10F790000E94C64E80912E0E843061F080912E0E14
:10F7A000853041F080912E0E863021F080912E0E12
:10F7B000873011F40E9435389FB7F89480912E0E4F
:10F7C0004ACB82E090E09093050F8093040F7ECAAD
:10F7D00083E090E09093050F8093040F1092030F45
:10F7E0001092020F1092010F0E9454306FCA809144
:10F7F000040F9091050F0197029708F067CA1092C5
:10F80000050F1092040F1092030F1092020F109226
:10F81000010F0E9454308091060F9091070F0297BC
:10F8200009F054CA81E08093000F0E946C514ECAC7
:10F83000019789F08091040F9091050F029709F0CC
:10F84000BBC98091AA0E8111B7C90E94675181116D
:10F850001BC081E016C00E9467518111EBCF10924E
:10F86000010F0E946E74882309F4A6C91092AA0E93
:10F8700081E02091040F3091050F2230310509F00D
:10F8800080E08093A90E98C98091A90E882309F47D
:10F8900093C91092A90E0E94F95E8EC990E0EBCA3E
:10F8A0002F923F924F925F926F927F928F929F9290
:10F8B000AF92BF92CF92DF92EF92FF920F931F937E
:10F8C000CF93DF93CDB7DEB7CC52D1400FB6F894CB
:10F8D000DEBF0FBECDBF7C01C55DDE4F798368837F
:10F8E000CB52D140CE018F5B9F4F0E94C737CE01D4
:10F8F0008F579F4F0E94C737CE0101965C010E942F
:10F90000C737E114F10439F0F70180818F3219F41F
:10F910008181811105C08CE195E00E94A13745C02D
:10F920000E945B38882309F440C040E0B701CE0153
:10F930000D960E94DB37882309F453C0CE010D9643
:10F940000E94B64FD82E811109C0CE010D960E949B
:10F9500034D484E195E00E94A13728C0CE010D96F1
:10F960000E9434D40E949A370E94C33701E410E009
:10F970000C0F1D1F045F1F4F40E0B701C8010E941C
:10F98000DB37811147C101E410E00C0F1D1F045F3C
:10F990001F4FC8010E942738882319F0C8010E9410
:10F9A00034D40E945B388111BBC1D12C8D2DC45D34
:10F9B000DE4F0FB6F894DEBF0FBECDBFDF91CF9103
:10F9C0001F910F91FF90EF90DF90CF90BF90AF907D
:10F9D0009F908F907F906F905F904F903F902F906F
:10F9E00008950E945B38882301F340E0B701CE01FF
:10F9F0000D960E94DB37C82E882371F0CE010D963C
:10FA00000E94B64FD82E8111A9CFCE010D960E942B
:10FA100034D48CE095E09FCF609174177091751786
:10FA200061157105D1F0CF53DF4F1882C15CD04012
:10FA3000CE53DF4F1882C25CD040CD53DF4F1882C7
:10FA4000C35CD040605D7D4F21E0A701CE018F53A4
:10FA50009F4F0E94AE8AC82E53C000917617109116
:10FA600077170115110509F44BC0C45EDE4F1882EB
:10FA7000CC51D140C35EDE4F1882CD51D140C25E21
:10FA8000DE4F1882CE51D140C75DDE4FF982E88249
:10FA9000C952D140C351DF4F1882CD5ED040C25110
:10FAA000DF4F1882CE5ED040C151DF4F1882CF5E4B
:10FAB000D040F801E45AFD4F8081807509F1F701CB
:10FAC00080818F32D9F5C75DDE4FE881F981C95257
:10FAD000D14080818F3241F43196C75DDE4FF9838A
:10FAE000E883C952D140EFCF005D1D4FF80160A1FE
:10FAF00071A1CE018F539F4F0E947D92811162C0F0
:10FB000040E0B701CE010D960E94DB37811174C031
:10FB10000E945B38882309F448CF40E0B701CE014A
:10FB20000D960E94DB37D82E811166C088EF94E0D5
:10FB3000CC2009F410CF83E095E00DCF005D1D4F80
:10FB4000C75DDE4F68817981C952D1409E01275D32
:10FB50003E4FAE01415E5E4FCE0180519F4F0E94ED
:10FB6000299A882369F2C75DDE4FE881F981C9527D
:10FB7000D14080818823B1F120E0AE01415E5E4F2B
:10FB8000B801CE0180519F4F0E942A978823F1F03F
:10FB90008FE2FE01E051FF4FDE01AF53BF4F0190F6
:10FBA0000D928A95E1F7CE0180519F4F0E941893E4
:10FBB000C45EDE4F1882CC51D140C25EDE4F188247
:10FBC000CE51D1408E010F531F4FBACFAE01415ECF
:10FBD0005E4FB801CE0180519F4F0E94DA9981118A
:10FBE000D7CF8ECFAE01415E5E4FB801CE018051BE
:10FBF0009F4F0E94DA992FCFCE010D960E94B64FEB
:10FC0000D82E8111ABCECE010D960E9434D480EF58
:10FC100094E0A1CEC8010E94B64F882309F4B3CE68
:10FC20000E949A37F12CE12C280101E810E00C0F1A
:10FC30001D1F045F1F4F3E01F8E06F0E711C8AE02C
:10FC4000282EB201C8010E9478D5D82E882309F445
:10FC50008EC0F50180E411928A95E9F7B501C801DB
:10FC60000E94F3C321961FAE2197C8010E94B64F90
:10FC700081116CC0F50101900020E9F7CF010C97CC
:10FC80008A159B0509F062C089810E94C58D823565
:10FC900009F05CC08A810E94C58D853409F056C088
:10FCA0008B810E94C58D833409F050C088858E32C7
:10FCB00009F04CC0FE013496912C812C819190ED7D
:10FCC000980F9A3008F042C0289C6001299CD00C03
:10FCD0001124C80ED11C87FDDA94460180E3881AEE
:10FCE0009108E615F70551F789850E94C58D87357E
:10FCF000D1F48A850E94C58D813441F58B850E949F
:10FD0000C58D863519F5E1E3CE1AD108FFE0CF168F
:10FD1000F7E2DF06D8F4E814F904C0F4740116C061
:10FD200089E395E0FACD8C34A9F43A84832D0E94BE
:10FD3000C58D853429F48B850E94C58D803519F3D6
:10FD400091E3391203C08B858633E9F2C8010E9422
:10FD500034D477CF8D34D1F78A850E94C58D8A350A
:10FD6000A9F78B850E94C58D863481F7CCCFC2015F
:10FD70000E9434D40E945B38182F882309F415CED2
:10FD80008FE0E81687E2F80618F08AE295E0E3CD06
:10FD90009FEFE91AF90AC55DDE4FE881F981CB5280
:10FDA000D140F182E0820E94C337D12EFFCDFF9275
:10FDB0000F931F93CF93DF931F921F92CDB7DEB7A0
:10FDC000082FF92EBE016F5F7F4F0E94507C182FC5
:10FDD000811113C040E150E06FEE7CE08BE49FE0C6
:10FDE0000E9466EE10925B0F812F0F900F90DF91B3
:10FDF000CF911F910F91FF9008958A818F938981F0
:10FE00008F93FF920F9386EC9FE09F938F931F92A7
:10FE100080EA8F9380EC93E19F938F930E94C19B24
:10FE200001970FB6F894DEBF0FBECDBF8F39910595
:10FE3000D8F288EB9FE00E9498A710E0D5CFFF9200
:10FE40000F931F93CF93DF931F921F92CDB7DEB70F
:10FE5000082FF92EBE016F5F7F4F0E94507C182F34
:10FE6000811122C08FEE9CE0892B99F48BE49FE0F6
:10FE7000009731F04BE25FE061E170E00E94989DF5
:10FE8000812F0F900F90DF91CF911F910F91FF90D5
:10FE9000089540E150E06FEE7CE08BE49FE00E942B
:10FEA00066EE10925B0FECCF89819A812091080F4A
:10FEB0003091090F2530310501F59F938F93FF9203
:10FEC0000F9383E59FE09F938F931F9280EA8F9318
:10FED00080EC93E19F938F930E94C19B0FB6F8949F
:10FEE000DEBF0FBECDBF01978F39910548F286E383
:10FEF0009FE00E94F22A10E0C3CF9F938F93FF925E
:10FF00000F9384E49FE0DFCFAF92BF92CF92DF9256
:10FF1000EF92FF920F931F93CF93DF93FB01E05C6F
:10FF2000FF4F2081FC01E05CFF4F3081332321F043
:10FF3000211104C08FEF2FC0211118C08B01EC01DB
:10FF40006C015B01F60181916F01F501F1905F0198
:10FF5000882371F0FF2051F00E94C58DE82E8F2D6F
:10FF60000E94C58DE81630F38E1560F781E013C04E
:10FF7000F110E0CFCA5BDF4F48815981F801EA5B9D
:10FF8000FF4F2081318142175307A0F281E02417EF
:10FF9000350708F080E0DF91CF911F910F91FF901E
:10FFA000EF90DF90CF90BF90AF9008950F931F9385
:10FFB000CF93DF93FC01E05CFF4FC081C11131C0E2
:10FFC0003196C081C1112DC0DC010D900020E9F7F0
:10FFD0001197A81BB90BA430B10548F18C010A0F89
:10FFE0001B1FF801349780818E3209F5319680818C
:10FFF0000E94C58D8D34D9F4F801329780810E941A
:020000021000EC
:10000000C58DD82FF801319780810E94C58D893424
:1000100071F4D63431F0D43521F0C1E0DA3509F489
:10002000C0E08C2FDF91CF911F910F910895C1E017
:10003000F8CFFC01662399F0DC0190E08D918111ED
:1000400009C0DF01A90FB11D80E29F5F8D93903140
:10005000E1F703C09F5F903189F76787108A0895A1
:10006000DC011E96ED91FC911F97E130F10521F422
:1000700090968C9181110BC0E43008F0E0E0F0E044
:10008000EE0FFF1FE451FB4E85919491089584EF8C
:1000900094E10895CF92DF92EF92FF920F931F9316
:1000A000CF93DF9300D01F921F92CDB7DEB78C01A4
:1000B000362FCA01AE014F5F5F4F7A01FA0120E08F
:1000C0004AE0C42ED12C2F5FB6010E94AAEC805DBD
:1000D0008193CB01009711F02530A9F7EFEFE20FE4
:1000E000F0E03196EE0DFF1D832FD801A80FB11D52
:1000F00092919C938F5FEE15FF05B9F7832F820FC6
:100100000F900F900F900F900F90DF91CF911F9154
:100110000F91FF90EF90DF90CF9008951092B90D5E
:100120001092B80D1092B70D08954FB7F894209122
:10013000CD043091CE048091EC0C9091ED0C4FBF2A
:10014000821B930B08954FB7F8942091CB04309104
:10015000CC048091C9049091CA044FBF821B930BB9
:1001600008951092450F1092A40D1092460F109210
:10017000440F8FEF809355021092430F0895109211
:10018000AB0E1092AC0E08956817790760F0681BEB
:10019000790B6C5F7F4F53E0769567955A95E1F741
:1001A000860F971F08959C012D5F3F4F261B370B2D
:1001B00043E0369527954A95E1F7821B930B089506
:1001C00061157105B9F034E1389FF001399FF00DE8
:1001D0001124469FC001479F900D1124E817F9078D
:1001E00048F0269FA001279F500D112481E04E1753
:1001F0005F0708F480E008959C016091990D70916B
:100200009A0D66307105F1F4E091970DF091980D1B
:100210003097B1F0A4E2B4EF0E94E8EC9F0136956C
:100220002795620F731F811D911D9F0150E040E0D3
:100230000E94BEEC2115310581E048075105B8F454
:10024000C901089564307105D9F7A2E3B0E00E94B6
:10025000E8EC9B01AC01285F3F4F4F4F5F4F84E0BC
:1002600056954795379527958A95D1F7E3CF8FEF28
:100270009FEF08958091CF0D882351F08091CE0D8E
:10028000882331F081E09091C50D911101C080E08B
:1002900008958F929F92AF92BF92CF92DF92EF928A
:1002A000FF920F931F93423051056105710560F471
:1002B00080E01F910F91FF90EF90DF90CF90BF9063
:1002C000AF909F908F900895FC01E45EFD4FC08039
:1002D000D180E280F380EFEFCE1ADE0AEE0AFE0A4A
:1002E000C416D506E606F70618F3480159016A0157
:1002F000FC01E05FFD4F37E0769567955795479590
:100300003A95D1F70081118122813381400F511F2D
:10031000621F731F21E00E94ECCE009749F2CC0CC3
:10032000DD1CCC0CDD1CF1E0DF22C80ED91EF6016D
:1003300080829182A282B38281E0BBCF0F931F9310
:10034000CF93DF93EB01E42FDC01AC5DBD4F4D910A
:100350005D916D917C9113970C811D812E813F8160
:10036000402351236223732329E07695679557959F
:1003700047952A95D1F7088119812A813B8102503E
:100380001109210931091B96FC9104C0000F111FAE
:10039000221F331FFA95D2F7400F511F621F731FA0
:1003A00057970D911D912D913C91400F511F621F48
:1003B000731F2E2F0E94ECCE009729F02C813D81D7
:1003C0003170820F931FDF91CF911F910F9108958C
:1003D00060917E0420918304309184046623F9F0B7
:1003E000862F8695820F932F911D70E00E94AAECB4
:1003F000E0E8F4E08CE0DF011D928A95E9F785E002
:1004000080937D04660F771FCB01019663E070E057
:100410000E94AAEC70937F0460937E04089570E0BC
:1004200060E0E6CF80917E04409183045091840483
:10043000282F30E070E060E0882339F08695840F43
:10044000952F911DB9010E94AAECE2E8F4E08AE040
:10045000DF011D928A95E9F782E080937D04709315
:100460007F0460937E0430938104209380048FEF97
:10047000809382040895CF93DF93EC010E94B6CD60
:10048000882341F0C45DDD4F88819981DF91CF9150
:100490000C940ECE80E0DF91CF910895AF92BF9281
:1004A000CF92DF92EF92FF920F931F93CF93DF9340
:1004B000EC016A017B0159018B819C81AD81BE8178
:1004C0008C159D05AE05BF0590F49501B701A601F9
:1004D00089819A810E9474CEDF91CF911F910F91F3
:1004E000FF90EF90DF90CF90BF90AF900895400FB6
:1004F000511F611D711D84179507A607B70728F7BF
:10050000CE010E94B6CD8111E0CFE6CF4F925F922F
:100510006F927F928F929F92AF92BF92CF92DF9213
:10052000EF92FF920F931F93CF93DF936C014B01D8
:10053000D42F5901F8012115310521F0D9018C91F1
:1005400081113AC0F4019C2DD60184918D9331968E
:100550008A2F891B8D17C8F3F601ED0FF11D82E577
:100560008083E1E0ED0FEC0DFD2DF11D85E480832E
:1005700083E08D0FE2E0ED0FEC0DFD2DF11D93E416
:100580009083F601E80FF11D90E291938F5F803127
:10059000E1F7F601108ADF91CF911F910F91FF9043
:1005A000EF90DF90CF90BF90AF909F908F907F9013
:1005B0006F905F904F90089510E1141B00E08D91B3
:1005C000882309F460C00F5F0F33C9F78081811160
:1005D0000AC081E080830E94D1CAD7016D937D93C8
:1005E0008D939C931397C02FC11B2C2F30E0ACE24E
:1005F000B1E00E94E8EC2B013C010E94D1CAF70156
:100600002081318142815381621B730B840B950BD6
:10061000A30192012053384F4F4F5F4F0E94BEEC11
:10062000603BF4E07F078105910580F1605B7440D9
:1006300081099109641575058605970550F42CE22A
:1006400031E040E050E00E94BEEC2F5F2C1708F430
:10065000C22FF4019C2DD60184918D9331968A2F5F
:10066000891B8D17C8F3F601ED0FF11D1C0F80E2F9
:10067000C01720F4D501AC0FB11D8C918193CF5FD1
:100680001C13F5CF86CF101708F4A0CFC0E0E1CF40
:100690004F925F926F927F928F929F92AF92BF9292
:1006A000CF92DF92EF92FF921F93CF93DF93FC01E3
:1006B0006115710521F0DB018C9181111BC080E572
:1006C00080838CE4818381E4828389E5838314823F
:1006D0001092C30DDF91CF911F91FF90EF90DF90AB
:1006E000CF90BF90AF909F908F907F906F905F90D2
:1006F0004F900895D42F413108F0D0E1DB0185E01F
:1007000095E110E031E22D91222351F0389FA001B4
:10071000399F500D1124CA0182271F5F1F3999F795
:100720006B017F012091C10D3091C20D281739074F
:1007300021F42091C00D2117E1F09093C20D809318
:10074000C10D1093C00D1092C30DD11708F46AC0EB
:10075000C0E0F7019C2F9D0FC91709F45EC080E22D
:10076000C11720F4D601AC0FB11D8C918193CF5FDE
:10077000F3CFD11768F7C12FCD1B2C2F30E0ACE29F
:10078000B1E00E94E8EC2B013C015C014B01B0EDB3
:100790008B0EB7E09B1EA11CB11C8091C30D811173
:1007A0000DC081E08093C30D0E94D1CA6093BC0D3F
:1007B0007093BD0D8093BE0D9093BF0D0E94D1CA62
:1007C0002091BC0D3091BD0D4091BE0D5091BF0DDB
:1007D000621B730B840B950BA50194010E94BEEC68
:1007E000603B24E072078105910508F4B1CF605B9E
:1007F000744081099109641575058605970508F00F
:10080000A8CF2CE231E040E050E00E94BEEC2F5F28
:100810002C1708F09ECFC22F9CCFF701ED0FF11DD2
:10082000108258CFC12FCD1B2C2F30E0ACE2B1E0AD
:100830000E94E8EC2B013C015C014B0180ED880E2D
:1008400087E0981EA11CB11CACCFCF93C82F0E948B
:10085000D1CA2091B90D2C1751F0C093B90D66572C
:100860007D4F7093B80D6093B70D80E00BC0209161
:10087000B70D3091B80D621B730B77FDF6CF0E9458
:100880008E8081E0CF9108951092180F0E94D1CAF6
:100890006C577C4F7093F40E6093F30E1092BB0D67
:1008A0001092BA0D0895CF93DF931F921F92CDB788
:1008B000DEB7809153028823B9F080914B0290916A
:1008C0004C02019739F580910B0D882369F08091D6
:1008D000010D9091020D8B3038F4BE016F5F7F4F98
:1008E0000E946931811120C080915302882301F157
:1008F00080914B0290914C020197D1F0E091C50D8F
:100900008FEF8E0F8830A0F4F0E0EE0FFF1FEE5E49
:10091000F94E1AC08091C40D882331F38091470F9E
:100920009091480F9A838983E981FA81E13138F007
:1009300080E090E00F900F90DF91CF910895FF2716
:10094000EE0FFF1FE051FA4E85919491F3CF9F92E5
:10095000AF92BF92CF92DF92EF92FF920F931F93CD
:10096000CF93DF93EC01A62E942E0E9453848C012A
:10097000892B09F4CBC0B0905302BB2009F48BC083
:1009800080914B0290914C02019709F091C08091A7
:100990000B0D882309F4BAC0C090070DD090080D44
:1009A000E090090DF0900A0DC114D104E104F104A6
:1009B00009F48FC08091030D9091040DA091050D55
:1009C000B091060D80389105A105B10520F480E8AD
:1009D00090E0A0E0B0E080589109A109B10996012A
:1009E000A7018C159D05AE05BF0510F49C01AD0156
:1009F000A4E6B0E00E94F7ECA70196010E94BEECCD
:100A0000FE01CE01409630E231938E179F07E1F749
:100A100082E5A11080E5888385E4A11081E48983C3
:100A200083E4A11085E58A83DE01149690E080E0DE
:100A3000F801E80FF91FE491EE2329F0ED930196F8
:100A400087309105A9F780E2243608F081E38B878F
:100A500090E22A3040F03AE0822F632F0E949EEC11
:100A60000E949EEC905D9C87822F6AE00E949EEC23
:100A7000905D9D8785E28E87A1104AC0243650F094
:100A80000E94D1CA66277270672B21F080E28883AA
:100A900089838A83188A8B2DDF91CF911F910F91C3
:100AA000FF90EF90DF90CF90BF90AF909F90089510
:100AB0008091CE0D882351F1C090CA0DD090CB0DFE
:100AC000E090CC0DF090CD0DC114D104E104F104FF
:100AD00011F424E695CF2091C60D3091C70D4091B9
:100AE000C80D5091C90DA4E6B0E00E94F7ECA70133
:100AF00096010E94BEEC253631054105510508F4EA
:100B00007FCF24E630E040E050E07ACFB12CC3CF75
:100B1000911002C08FE3982E9F86BCCF0E94AC60DC
:100B2000E4E0F1E080818E7F8083E5E0F1E0808188
:100B30008E7F80831092C8041092C7041092C6045E
:100B40001092C5041092C4041092C3041092C204FF
:100B50001092C1041092C0041092BF041092BE04FF
:100B60001092BD041092BC041092BB041092B60DFA
:100B70001092B50D1092C01310924B0F1092B10D40
:100B80001092B20D1092B30D1092B40D1092AD0DE3
:100B90001092AE0D1092AF0D1092B00D1092AC0DE0
:100BA0001092AB0D1092AA0D0E94B1801092A90D67
:100BB0001092A80D1092A70D1092A60D1092A50DDF
:100BC00008956093CA0D7093CB0D8093CC0D9093D4
:100BD000CD0D1092C60D1092C70D1092C80D109237
:100BE000C90D21E02093CE0D0C943E352F923F92FB
:100BF0005F926F927F928F929F92AF92BF92CF92AD
:100C0000DF92EF92FF920F931F93CF93DF93EC014C
:100C10004B017A0139018A8180FFD2C0888183FF2C
:100C200016C0888D998DAA8DBB8D488959896A898E
:100C30007B89841B950BA60BB70BA70170E060E0C6
:100C4000481759076A077B07A0F07C0112C086FF8E
:100C500010C0EE81FF818781908545E0880F991F44
:100C60004A95E1F728893989821B930B8E159F05D8
:100C700060F36701512C1E018CE0280E311CC11459
:100C8000D10409F4ECC088899989AA89BB89EE81CD
:100C9000FF818C0111702881AC01BD0139E076958E
:100CA0006795579547953A95D1F726FF30C0858DC2
:100CB000968DA78DB0A1480F591F6A1F7B1FEE812B
:100CC000FF810115110509F081C0C11482E0D80629
:100CD00008F47CC087A190A5A1A5B2A54817590723
:100CE0006A077B0709F472C0C11484E0D80608F0D3
:100CF0009CC001E010E0940185A196A10E9474CEF1
:100D0000882309F45DC0A12C82E0B82E78C05380FE
:100D100054220115110581F451100EC0892B8A2B24
:100D20008B2B81F527FF29C0858D968DA78DB0A1CE
:100D30008C879D87AE87BF87EE81FF814C855D855F
:100D40006E857F854250510961097109848104C013
:100D5000440F551F661F771F8A95D2F781899289A4
:100D6000A389B489840F951FA61FB71FAC01BD01CD
:100D7000450D511D611D711DA2CF8C8D9D8DAE8DB8
:100D8000BF8DD6CF4C855D856E857F8523FF0CC0DA
:100D90008A8186FF09C04F5F5F4F6F4F7F4F4C873F
:100DA0005D876E877F87C8CF9101CF010E94ABCF4F
:100DB00087FD06C08111C0CF8881807D09F04FC0BA
:100DC0008981826089838FEF9FEF4CC080E092E041
:100DD000801B910B56018C159D0508F45C0120E0E9
:100DE000CF0184960E94ECCE009751F3BC01600FB6
:100DF000711F61147104A1F0F301718360838A0C87
:100E00009B1C88899989AA89BB898A0D9B1DA11D74
:100E1000B11D888B998BAA8BBB8BCA18DB082FCF8F
:100E2000A501C4010E943FEEEACF8601012F1127E0
:100E30000695888186FD07C082818519990B8017E8
:100E4000910708F48C015801BA2CAA24BB0C940118
:100E5000CF0184960E944E828111D1CFB1CFC701BC
:100E60008C199D09DF91CF911F910F91FF90EF9009
:100E7000DF90CF90BF90AF909F908F907F906F90BA
:100E80005F903F902F900895FC01808181110EC0EA
:100E900080E2DF011D928A95E9F777836683DB01A3
:100EA00015968C91803121F0803239F080E00895E0
:100EB00080E4808381E08283089580E8FACFCF9236
:100EC000DF92EF92FF920F93CF93DF93EC0180E2DA
:100ED000DE011D928A95E9F7FB01868197819F8348
:100EE0008E835D834C83C48CD58CE68CF78CC8864E
:100EF000D986EA86FB86FC01F0964F70552765E09F
:100F0000440F551F6A95E1F7E40FF51F338533FD54
:100F100011C0377338834385487111F438603883C2
:100F20000B83322F3370313009F444C038F0323043
:100F300009F43EC018821A8280E032C031E025FDFB
:100F4000F9CF3A833A8131FF06C03881432F41718E
:100F500089F730623883DC0197964D915D916D91F0
:100F60007C919A974C8B5D8B6E8B7F8B44895589D6
:100F700070E060E0BA0155274427C28CD38CF12C75
:100F8000E12C4C295D296E297F2925FF1AC04115C6
:100F900051056105710581F48A8180688A8381E049
:100FA000DF91CF910F91FF90EF90DF90CF90089558
:100FB00033E0C7CF32E0C5CF0E942CD08111ECCFF7
:100FC000B9CF4C8F5D8F6E8F7F8F848D958DA68D61
:100FD000B78D888F998FAA8FBB8FE1CFDF92EF9269
:100FE000FF920F931F93CF93DF93CDB7DEB7E797B1
:100FF0000FB6F894DEBF0FBECDBF7C018B015FAB97
:101000004EABD22E19821A821B82FC01808188236A
:1010100079F080E0E7960FB6F894DEBF0FBECDBF43
:10102000DF91CF911F910F91FF90EF90DF90089586
:10103000FB018081807D69F3EEA9FFA980818F3259
:10104000D9F4EEA9FFA980818F3221F43196FFAB4C
:10105000EEABF7CFF80166817781811104C0C7013B
:101060000E944487D7CFCE0101960E9444878823EF
:1010700081F28E010F5F1F4FAE014A5C5F4FBE01D0
:101080006F5D7F4F8EA99FA90E940EC3882309F42C
:10109000C0CFEEA9FFA980818823D1F020E0AE0166
:1010A0004F5D5F4FB801C7010E9419D6882309F42C
:1010B000B0CF80E2F701DE01119601900D928A9582
:1010C000E1F7C7010E9437D1F70110821282D1CF18
:1010D0002D2DAE014F5D5F4FB801C7010E9419D69B
:1010E00099CF6115710521F0605D7D4F0C94EE87FD
:1010F00080E00895CF93DF93EC01262F4C895D8922
:101100006E897F898E819F8184960E94ECCE0097A4
:1011100059F02C813D812F70332745E0220F331F7A
:101120004A95E1F7820F931FDF91CF9108953F9287
:101130004F925F926F927F928F929F92AF92BF92E7
:10114000CF92DF92EF92FF920F931F93CF93DF9393
:1011500000D01F92CDB7DEB75C01FC0144845584FA
:101160006684778486809780F401C184D284E38486
:10117000F484C414D504E604F704C0F473016201D6
:1011800010E0FFEFCF1ADF0AEF0AFF0AF401818DAA
:10119000928DA38DB48D8C159D05AE05BF0540F4D1
:1011A000111132C0C184D284E384F48411E0E9CF08
:1011B0004C145D046E047F0439F19E012F5F3F4F94
:1011C000B701A601C4010E94ABCF87FD1DC08823D3
:1011D000C1F289819A81AB81BC81892B8A2B8B2BAF
:1011E00081F6112329F0F401C186D286E386F486C4
:1011F0000FEF1FEF2FEF3FE0B701A601C4010E94E0
:1012000036CF382E811118C0312C832D0F900F90BE
:101210000F900F90DF91CF911F910F91FF90EF9062
:10122000DF90CF90BF90AF909F908F907F906F9006
:101230005F904F903F9008954114510461047104F0
:10124000B9F4F501C486D586E686F7868281411415
:10125000510461047104B1F0FFEF4F1A5F0A6F0A85
:101260007F0A4C145D046E047F0479F08F7B0BC001
:1012700097018601B301A201C4010E9436CF8111FA
:10128000E0CFC2CF8064F5018283F501828180685E
:101290008283BBCFAF92BF92CF92DF92EF92FF9249
:1012A0000F931F93CF93DF93EC01888186FF0DC0CE
:1012B00010E0812FDF91CF911F910F91FF90EF9060
:1012C000DF90CF90BF90AF90089588899989AA89BF
:1012D000BB8981159E4FAF41B10550F7CE010E94E9
:1012E0009788182F882321F3EE81FF81CC84DD8439
:1012F000EE84FF8432E0C31AD108E108F10884814A
:1013000004C0CC0CDD1CEE1CFF1C8A95D2F7818931
:101310009289A389B489C80ED91EEA1EFB1E00E07B
:10132000A12C82E0B82EEE81FF8182810817B0F4F3
:1013300025E0B701A601400F511D611D711DCF01B0
:1013400084960E94ECCE009709F4B2CFFC0195017F
:10135000119221503040E1F70F5FE5CF848120E00A
:1013600032E002C0220F331F8A95E2F788899989FB
:10137000AA89BB89820F931FA11DB11D888B998BF0
:10138000AA8BBB8B96CFCF93DF93EC01AB0170E0C0
:1013900060E085E0440F551F661F771F8A95D1F7DF
:1013A000CE010E948BD4882329F0CE01DF91CF910A
:1013B0000C945BD590E080E0DF91CF910895CF93BE
:1013C000DF93EC0184960E94B6CD882331F08881AA
:1013D0009981DF91CF910C940ECE80E0DF91CF9177
:1013E0000895DF92EF92FF920F931F93CF93DF93B5
:1013F000CDB7DEB7A0970FB6F894DEBF0FBECDBF56
:101400008C01DB019C91907D09F499C07B0122E560
:10141000C8010E9419D6882309F491C081E0F8011F
:10142000828380E1D82ED082C8010E944A89882315
:1014300009F485C0F80184859585A685B785848FD4
:10144000958FA68FB78F40E050E0BA01C8010E9487
:101450008BD4C8010E9437D1882309F470C061E0A1
:10146000C8010E947A88FC01892B09F468C0D386E0
:1014700080E2DE01119601900D928A95E1F78EE2ED
:101480008983FE013296CE010C9620E22193E81763
:10149000F907E1F7D8011696ED91FC9117975C9644
:1014A0004D915D916D917C915F9742505109610919
:1014B0007109848104C0440F551F661F771F8A95E8
:1014C000D2F781899289A389B489480F591F6A1F6D
:1014D0007B1F21E0CF0184960E94ECCE009779F12A
:1014E00020E2FE013196DC0101900D922A95E1F790
:1014F0002EE22A83F701448D558D668D778D7E8B84
:101500006D8B5C8F4B8F20E2FE013196DC01909653
:1015100001900D922A95E1F7D80116968D919C9134
:10152000A0960FB6F894DEBF0FBECDBFDF91CF916E
:101530001F910F91FF90EF90DF900C94DF8980E076
:10154000A0960FB6F894DEBF0FBECDBFDF91CF914E
:101550001F910F91FF90EF90DF900895DF92EF922F
:10156000FF920F931F93CF93DF93CDB7DEB7E7972B
:101570000FB6F894DEBF0FBECDBF7C018B015FAB11
:101580004EABD22E19821A821B82FC0180818823E5
:1015900079F080E0E7960FB6F894DEBF0FBECDBFBE
:1015A000DF91CF911F910F91FF90EF90DF90089501
:1015B000FB018081807D69F3EEA9FFA980818F32D4
:1015C000A9F4EEA9FFA980818F3221F43196FFABF7
:1015D000EEABF7CFF80166817781CE0101960E94CC
:1015E00044878823B1F28E010F5F1F4FAE014A5C22
:1015F0005F4FBE016F5D7F4F8EA99FA90E940EC3F2
:10160000882339F2EEA9FFA98081882331F120E0F7
:10161000AE014F5D5F4FB801C7010E9419D6882304
:1016200079F080E2F701DE01119601900D928A9522
:10163000E1F7C7010E9437D1F70110821282D3CFA0
:10164000DD2009F4A6CFAE014F5D5F4FB801C701A1
:101650000E94F1898111E5CF9CCFAE014F5D5F4FB4
:10166000B801C7010E94F18995CFCF92DF92EF9226
:10167000FF920F931F93CF93DF93E901FC01E45E88
:10168000FD4F00811181228133810F5F1F4F2F4F4A
:101690003F4F041715072607370750F48FEFDF91E8
:1016A000CF911F910F91FF90EF90DF90CF90089511
:1016B0006A01FC01E05FFD4F37E07695679557952D
:1016C00047953A95D1F70081118122813381400FEE
:1016D000511F621F731F20E00E94ECCE0097F1F2B1
:1016E000CC0CDD1CCC0CDD1C21E0D222C80ED91E96
:1016F000F60180819181A281B3818F3FFFEF9F0727
:10170000AF07BF0731F088839983AA83BB8381E049
:10171000C6CF80E0C4CF4F925F926F927F928F923C
:101720009F92AF92BF92CF92DF92EF920F931F934F
:10173000CF93DF936C0148015901DB01CA01029785
:10174000A109B109AC01BD01480D591D6A1D7B1DE0
:10175000F601E45EFD4F008111812281338104177F
:1017600015072607370708F47FC07097408051801F
:1017700062807380EE2009F46CC0481659066A0630
:101780007B0688F0441655066606770660F4401717
:1017900051076207730718F040E050E0BA01408338
:1017A0005183628373839C012770332711E001C04A
:1017B000110F2A95EAF72C013D012CE076946794ED
:1017C000579447942A95D1F7F601E85EFD4F408182
:1017D000518162817381440D551D661D771D33E073
:1017E000B695A795979587953A95D1F7EC01D17065
:1017F0002A013B012FEF421A520A620A720A21E0C3
:10180000C6010E94ECCE009779F1FC01EC0FFD1FA0
:10181000A12F2081422F4A2331E009F430E03E1508
:1018200019F12A272083B1E08B1A9108A108B10889
:1018300061F1AA0F71F73196B301A201D0E0C0E0C7
:1018400011E0A1E09F01281B390B2115324009F757
:10185000CFCF84159505A605B70508F0A4CF8083E2
:101860009183A283B3839FCF80E0DF91CF911F91BB
:101870000F91EF90DF90CF90BF90AF909F908F909F
:101880007F906F905F904F90089581E0EECF4F92E0
:101890005F926F927F928F929F92AF92BF92CF9200
:1018A000DF92EF92FF920F931F93CF93DF9300D0BD
:1018B0001F92CDB7DEB74C016A017B012A013B01C3
:1018C0009E012F5F3F4FB701A601C4010E94358BD7
:1018D000A82E87FD49C000E010E09801B701A601DD
:1018E000C4010E944981B82E8823F1F18FEFC81AF4
:1018F000D80AE80AF80AAA2049F089819A81AB81BE
:10190000BC818C159D05AE05BF0591F09701860140
:101910000419150926093709E12CB301A201C401F4
:101920000E948B8B882301F149805A806B807C80D8
:10193000C980DA80EB80FC80A110C2CF8B2D0F9084
:101940000F900F900F90DF91CF911F910F91FF900B
:10195000EF90DF90CF90BF90AF909F908F907F904F
:101960006F905F904F900895B12CE8CF2F923F92E7
:101970004F925F926F927F928F929F92AF92BF929F
:10198000CF92DF92EF92FF920F931F93CF93DF934B
:10199000CDB7DEB72E970FB6F894DEBF0FBECDBF22
:1019A0009E878D8749835A836B837C830F83188737
:1019B00029873A872A013B0122E0421A510861082F
:1019C0007108452B462B472B41F4ED85FE85E45FDE
:1019D000FD4F4080518062807380ED85FE85E45E1E
:1019E000FD4F80819181A281B381481659066A0614
:1019F0007B0618F0412C512C3201D301C20133E097
:101A0000B695A795979587953A95D1F71C0141E032
:101A1000342211E0C2018770992701C0110F8A9505
:101A2000EAF753014201730162018D859E85885E4C
:101A30009D4F9E838D83AD85BE85A45EBD4FBC87C3
:101A4000AB87ED81FE8180819181A281B381B70155
:101A5000A6012CE076956795579547952A95D1F77D
:101A6000480F591F6A1F7B1F20E08D859E850E94AD
:101A7000ECCE9C01892B09F47FC0F901E20DF31D26
:101A80000081FFEFCF1ADF0AEF0AFF0A902F9123A0
:101A900009F047C0B701A601481959096A097B092D
:101AA0008F819885A985BA85481759076A077B07EA
:101AB000D1F589819A81AB81BC81892B8A2B8B2BB3
:101AC00089F48F819885A985BA850197A105B1050B
:101AD00049F4AD85BE85A45FBD4FFD018082918232
:101AE000A282B382C501B4016E5F7F4F8F4F9F4FBB
:101AF0002E960FB6F894DEBF0FBECDBFDF91CF910B
:101B00001F910F91FF90EF90DF90CF90BF90AF901B
:101B10009F908F907F906F905F904F903F902F900D
:101B20000895460157014C145D046E047F0441F191
:101B3000AB85BC854D915D916D917C91C416D506A8
:101B4000E606F70678F4110F09F09BCFC101019664
:101B5000312C212C11E08115B2E09B0708F071CFE8
:101B60001C018BCF212C82E0382E812C912C54012A
:101B7000C12CD12C7601EACF60E070E0CB01B8CF68
:101B800061E070E080E090E0B3CF9FE9980F9A3178
:101B900008F4805208954F925F926F927F928F92D5
:101BA0009F92AF92BF92EF92FF920F931F93CF93AA
:101BB000DF93EC0188A199A1488D598D6A8D7B8DA9
:101BC000411551056105710519F14F5F5F4F6F4F69
:101BD0007F4F01E010E020E030E00E94B68C4B0126
:101BE0005C0122E082169104A104B104A8F4F12C56
:101BF0008F2DDF91CF911F910F91FF90EF90BF90AC
:101C0000AF909F908F907F906F905F904F900895CE
:101C100040E050E0BA01DDCFEE24E39401E010E0B3
:101C200020E030E0BC01A40188A199A10E948B8B27
:101C3000F82E8823E1F2488D598D6A8D7B8D8EA513
:101C4000411551056105710539F480648EA7888EB0
:101C5000998EAA8EBB8ECCCF86FF2AC04F5F5F4F76
:101C60006F4F7F4F481559056A057B0581F38F7BC0
:101C70008EA74C8D5D8D6E8D7F8D88A199A1488C2E
:101C8000598C6A8C7B8C441555056605770580F464
:101C90002A013B012FEF421A520A620A720A93018B
:101CA00082010E944981B301A2018111E6CF9FCF39
:101CB0000FEF1FEF9801B501A40188A199A10E941F
:101CC0004981882309F493CF488D598D6A8D7B8D86
:101CD000411551056105710509F4B9CF95018401DC
:101CE00088A199A10E9449818111B1CF80CF2F9203
:101CF0003F924F925F926F927F928F929F92AF929C
:101D0000BF92CF92DF92EF92FF920F931F93CF93E8
:101D1000DF93CDB7DEB762970FB6F894DEBF0FBE84
:101D2000CDBF988B8F874801222E3D834E83352E61
:101D30002B01DC0158962D913D914D915C915B9763
:101D40002B873C874D875E879C96BC91BF83BB23C6
:101D500009F4E3C0FC01F081F887DC011196BC9125
:101D6000B987FC01F281FA87DC0113966C90139716
:101D700014967C9014971596BC91FC01F681F98B12
:101D8000FC01F781FA8B288539854A85562D672D08
:101D90007B2F89899F2F5801C22CDD80EE80F32C88
:101DA00082010E9415EEF1F09401422D5D2D6E2D01
:101DB000732DC201A0E00E941EEEB1F4AF85B88978
:101DC00058961D921D921D921C925B97EF85F88983
:101DD0008082918222822D8123833E8134833582C9
:101DE0004682578281E0A4C0EF81E3FF10C0EF85F7
:101DF000F88920853185428553856485758586857A
:101E00009785DD80EE800E9415EE08F486C0EF8590
:101E1000F889A0A0B1A0C501815D9D4FFC01108192
:101E2000175F9401422D5D816E81732DC201AFEF6A
:101E30000E9400EE012F0E94DCED942F852FA90156
:101E4000692F782F69017B01EF85F88986A586FFC8
:101E50000DC0848D958DA68DB78D840F951FA61FFF
:101E6000B71F808F918FA28FB38FB0CF2885398510
:101E70004A85562D672D7B2F89899A89AFEF0E945D
:101E800000EE0E94DCED29833A834B835C83298139
:101E90003A814B815C81C216D306E406F50668F0F0
:101EA000288539854A85562D672D7B2F89899A8902
:101EB000A0E00E941EEE09F05BC0BF81B6FF51C0DA
:101EC000F501E05EFD4F80819181A281B381EF85B4
:101ED000F889808F918FA28FB38F6F84788838E1D3
:101EE000630E711CC114D104E104F10409F46ECF36
:101EF000AF85B88958964D915D916D917C915B97B6
:101F0000930190968D919C910E94358BB1E0CB1AF4
:101F1000D108E108F10818162CF38B859C85AD8556
:101F2000BE85EF85F889808F918FA28FB38F80E077
:101F300062960FB6F894DEBF0FBECDBFDF91CF9192
:101F40001F910F91FF90EF90DF90CF90BF90AF90D7
:101F50009F908F907F906F905F904F903F902F90C9
:101F60000895EF85F889848D958DA68DB78DAFCFB7
:101F700029813A814B815C81C21AD30AE40AF50AAD
:101F8000ACCF2F923F924F925F926F927F928F923F
:101F90009F92AF92BF92CF92DF92EF92FF920F93F8
:101FA0001F93CF93DF93CDB7DEB764970FB6F89446
:101FB000DEBF0FBECDBF9C8B8B8B7A8B698B1A01DA
:101FC000DC019E968C919E9780FFC9C186FD04C05E
:101FD0009C968C9183FF92C1EB89FC89F085F987EF
:101FE000AB89BC891996BC91BA87EB89FC89F285CB
:101FF000FB87AB89BC891B96BC91BC87EB89FC89AC
:10200000F485FD87AB89BC891D96BC91BE87EB89A1
:10201000FC89F685FF87AB89BC891F96BC91B88B7C
:10202000EB89FC89F081F983AB89BC891196BC915D
:10203000BA83EB89FC89F281FB83AB89BC89139657
:10204000BC91BC83EB89FC89F481FD83AB89BC899D
:102050001596BC91BE83EB89FC89F681FF83AB8921
:10206000BC891796BC91B88729853A854B855C85D4
:102070006D857E858F859889A980BA80CB80DC802C
:10208000ED80FE800F2F1B2F0E940CEE59016A017C
:102090007B018C01910140E050E060E070E080E065
:1020A00090E031010E9415EE39F030F069847A84B5
:1020B000E981FA816E1A7F0AAB89BC8950964C90EF
:1020C000509751965C90519752968C905297539698
:1020D0009C9053975496BC91EB89FC89A5893688CE
:1020E000278829813A814B815C816D817E818F8136
:1020F000988552016401EB2EFA2E032D122D0E94B9
:1021000015EE08F0F2C09201A4016B2F7A2F832DF7
:10211000922DA980BA80CB80DC80ED80FE800F817B
:1021200018850E940CEEF22FE32F6A017B018C01CF
:102130004301930140E050E060E070E080E090E017
:10214000AF2EBE2E0E9415EE19F010F08F2E9E2E8F
:10215000282C392C2614370408F0D0C062187308D4
:10216000512C412C8B899C8948969A878987211408
:10217000310409F482C1AB89BC89BC91B983EB8974
:10218000FC89F181FA83AB89BC891296BC91BB832F
:10219000EB89FC89F381FC83AB89BC891496BC91E3
:1021A000BD83EB89FC89F581FE83AB89BC891696DA
:1021B000BC91BF83EB89FC89F781F887AB89BC8927
:1021C0009096ED91FC91DF01AC5DBD4FCD90DD901F
:1021D000ED90FC9089819A81AB81BC81C822D92283
:1021E000EA22FB2286011170C114D104E104F1043A
:1021F000F9F429813A814B815C816D817E818F81E7
:102200009885A0E00E941EEE09F082C0AB89BC89CF
:102210009C968C9186FF75C0E05EFD4F8081918118
:10222000A281B381EB89FC89808F918FA28FB38FBC
:10223000EB89FC8980A191A1FC01E15DFD4FE0816A
:1022400049E0F694E794D794C7944A95D1F7AB89BF
:10225000BC8958964D915D916D917C915B974250F0
:102260005109610971090E2E04C0440F551F661FE4
:10227000771F0A94D2F74C0D5D1D6E1D7F1DDC018A
:10228000A85EBD4F8D909D90AD90BC90480D591D9E
:102290006A1D7B1D0115110509F06CC02114B2E007
:1022A0003B0608F467C0DC0113968D909D90AD90BD
:1022B000BC901697481559056A057B0509F45AC064
:1022C0002114B4E03B0608F0ACC001E010E029891D
:1022D0003A89FC01818192810E9474CE882309F49D
:1022E0003EC0812C82E0982E5BC0F0E0E0E0C12C83
:1022F000D12CE12CF12C00E010E01ACF712C612CD4
:102300002FCFEB89FC89848D958DA68DB78D8ACFD3
:10231000AB89BC8958964D915D916D917C915B978D
:102320009E968C919E9786FF0AC04F5F5F4F6F4FBE
:102330007F4FFD01408F518F628F738F79CF298539
:102340003A85CF010E94358B87FD09C0811170CF7E
:10235000AB89BC899C968C91807509F08EC0AB8945
:10236000BC899D968C919D9782609D968C938FEFF2
:102370009FEFAAC020E032E0201B310B4101221563
:10238000330508F4490120E00E94ECCE009739F3B0
:10239000BC01600F711FA40189899A890E943FEED8
:1023A00089899A89880D991D9A8B898B480C591CAB
:1023B000940140E050E060E070E080E090E0AB89A4
:1023C000BC89AC901196BC9011971296CC90129744
:1023D0001396DC9013971496EC9014971596FC9036
:1023E000159716960C91169717961C9117970E94A1
:1023F000F7ED2C9311963C93119712964C931297EC
:1024000013965C93139714966C93149715967C937C
:10241000159716968C93169717969C93281839083B
:10242000A6CE4101892C99248694B12CA12C01E0DF
:1024300010E020E030E004C0000F111F221F331F06
:10244000EA95D2F70C191D092E093F09801691064D
:10245000A206B30610F4950184014801590129E050
:10246000880C991CAA1CBB1C2A95D1F729893A898A
:102470000E944E82811194CF72CF6114710419F1C0
:10248000A30170E060E089899A890E9448EE930177
:1024900040E050E060E070E080E090E0EB89FC8993
:1024A000A080B180C280D380E480F580068117814E
:1024B0000E94F7ED89019A01AB01BC01CF010E9496
:1024C000778E460C571CC20164960FB6F894DEBF97
:1024D0000FBECDBFDF91CF911F910F91FF90EF9075
:1024E000DF90CF90BF90AF909F908F907F906F9034
:1024F0005F904F903F902F900895FC0184A581112B
:102500000CC08FE2DF011D928A95E9F780E484A771
:1025100071A360A381E086A7089580E008959F924B
:10252000AF92BF92CF92DF92EF92FF920F931F93E1
:10253000CF93DF9300D000D000D0CDB7DEB78C01B1
:10254000942E89E0F801B296DE01119601900D9269
:102550008A95E1F7F801A0A0B1A0F0E26F9FC00159
:102560001124B0E0A0E04D815E816F817885F50196
:10257000EC5DFD4FC080D180E280F380C422D52283
:10258000E622F722C80ED91EEA1EFB1E840F951FF5
:10259000A61FB71F8D839E83AF83B8873B9680812C
:1025A000875F04C0F694E794D794C7948A95D2F7CE
:1025B000C114D104E104F10489F149815A816B818C
:1025C0007C818985882371F04F5F5F4F6F4F7F4F0C
:1025D00049835A836B837C8321E0C21AD108E108C6
:1025E000F108E6CF9E012F5F3F4FC5010E94358B5A
:1025F000813091F390E080E029960FB6F894DEBF29
:102600000FBECDBFDF91CF911F910F91FF90EF9043
:10261000DF90CF90BF90AF909F900895492DBE015D
:102620006F5F7F4FF80180A191A10E949E81E4CF4E
:10263000FF920F931F93CF93DF93FC0124A52111E9
:1026400007C081E0DF91CF911F910F91FF90089516
:10265000EC0186A587FF8AC08F7786A7F12C10E052
:1026600000E08BA58F1508F469C040E06F2DCE0106
:102670000E948F92FC01892B09F473C08081803CF9
:1026800061F1813C69F0853809F06BC08CA58773D6
:1026900090E095838483A8A1B9A18C9181608C93EB
:1026A000408190E080E000FB1795079517F9DF0166
:1026B000A80FB91F2C91020F111D8130910521F433
:1026C00023E030E0453811F021E030E0820F931F25
:1026D0008032910540F3F394C4CF81819EA596FF8B
:1026E0002BC082608183788969895A894B893C89AA
:1026F0002D899E898F8970876187528743873487A8
:102700002587968787878C8D9D8DAE8DBF8D848B19
:10271000958BA68BB78B788569855A854B853C85CB
:102720002D859E858F85708F618F528F438F348F5B
:10273000258F968F878FAFCF8D7FD4CF41E0BE019D
:102740006E5D7F4F88A199A10E949E81009749F0FC
:10275000FC011383028388A199A10E943B8281110D
:1027600070CF8DA581608DA780E06CCF80A191A1F5
:102770000E943B82811165CF9DA591609DA762CF8C
:102780002F923F924F925F926F927F928F929F9281
:10279000AF92BF92CF92DF92EF92FF920F931F936F
:1027A000CF93DF93CDB7DEB763970FB6F894DEBF54
:1027B0000FBECDBFDC019E962C9121FD1AC080E09A
:1027C00063960FB6F894DEBF0FBECDBFDF91CF91F9
:1027D0001F910F91FF90EF90DF90CF90BF90AF903F
:1027E0009F908F907F906F905F904F903F902F9031
:1027F0000895FC01448C558C668C778C41145104EF
:102800006104710409F433C14C01C08CD18CE28C99
:10281000F38C26FFEEC02085318542855385648583
:10282000758586859785AFEF0E9400EE00A0F1A127
:10283000E02DDF01A15DBD4F0C91075F0E94DCED33
:102840002D833E834F83588769877A878B879C8740
:102850000D811E812F8138850F5F1F4F2F4F3F4FF6
:10286000C114D104E104F10409F4ACC0D701C601DC
:102870000196A11DB11D89839A83AB83BC83B1E00E
:102880004B1A5108610871084C185D086E087F08E2
:10289000040D151D261D371D0115110521053105D6
:1028A00009F09CC0D401FC911196EC9111971296FD
:1028B000BC91BD83D4011396BC91BD87D4011496FD
:1028C000BC91BE87D4011596BC91BF87D4011696E2
:1028D000BC91B88BD4011796BC91B98BD40150969A
:1028E0002C90509751963C90519752964C905297FD
:1028F00053965C90539754966C90549755967C9051
:1029000055975696BC91BA8BD4015796BC91BB8B08
:102910009101A201B3018A899B2FAF2EBE2ECD80DB
:10292000DD84EE84FF84088919890E9415EE39F050
:1029300030F02F2E3E2E260137010A8B1B8BD4013F
:1029400050962C92509751963C92519752964C9299
:10295000529753965C92539754966C92549755960F
:102960007C9255978A8956968C9356978B89579661
:102970008C9357971896FC9318971996EC93199780
:10298000ED811A96EC931A97FD851B96FC931B9785
:10299000EE851C96EC931C97FF851D96FC931D9766
:1029A000E8891E96EC931E97F9891F96FC931F9752
:1029B0009E968C919E9780689E968C93C4010E94EF
:1029C0001893FECE49825A826B827C82D4015C9637
:1029D0001D921D921D921C925F975ECF49815A8174
:1029E0006B817C81E12CCF010E948B8B81115ACFAE
:1029F000E6CEC114D104E104F10481F119821A82F6
:102A00001B821C829E012F5F3F4FB701A60180A150
:102A100091A10E94358B87FDD2CE882379F0F401F5
:102A2000408D518D628D738D0FEF1FEF980180A146
:102A300091A10E944981882309F4C1CE49815A811C
:102A40006B817C81411551056105710509F42ACF1F
:102A5000F40180A191A10E94478CC8CF49825A827B
:102A60006B827C82148E158E168E178EE7CF81E0D6
:102A7000A7CE4F925F926F927F928F929F92AF926A
:102A8000BF92CF92DF92EF92FF920F931F93CF935B
:102A9000DF9300D01F92CDB7DEB74C01DC019C96CE
:102AA0008C919C9786FF5CC090960D911C91F801CB
:102AB000E05EFD4F80819181A281B38189839A83F9
:102AC000AB83BC83C12CD12C760149815A816B81A7
:102AD0007C819E012F5F3F4FC8010E94358B87FD8F
:102AE0003BC0BFEFCB1ADB0AEB0AFB0A8111EDCF2B
:102AF000F801E15DFD4F8081875F04C0CC0CDD1CD7
:102B0000EE1CFF1C8A95D2F7D4019096ED91FC91B2
:102B1000E85DFD4F80819181A281B3818C0D9D1D67
:102B2000AE1DBF1D0097A105B44000F180E00F90DD
:102B30000F900F900F90DF91CF911F910F91FF9009
:102B4000EF90DF90CF90BF90AF909F908F907F904D
:102B50006F905F904F900895C12CD12C7601C8CF13
:102B6000F401C084D184E284F384CECFC4010E94F6
:102B7000CB8D8823D9F2D40190968D919C91919719
:102B80005896CD90DD90ED90FC905B97B2E0CB1A1B
:102B9000D108E108F108FC01E15DFD4F208104C08E
:102BA000CC0CDD1CEE1CFF1C2A95D2F7885E9D4FD5
:102BB000FC0180819181A281B381C80ED91EEA1ED9
:102BC000FB1E412C512C320100E012E0D401909602
:102BD0008D919C919197FC01E15DFD4F208141E039
:102BE00050E060E070E004C0440F551F661F771F7F
:102BF0002A95D2F74416550666067706C0F425E0F6
:102C0000B701A601440D551D661D771D0E94ECCE2F
:102C1000009709F48BCFFC019801119221503040AC
:102C2000E1F73FEF431A530A630A730ACFCF9C962A
:102C30002C919C9726FD62C09E962C919E972068B1
:102C40009E962C93FC01E85DFD4F80819181A281CD
:102C5000B3819C01AD0160E070E080E090E0D401C0
:102C60001896AC9018971996BC9019971A96CC9014
:102C70001A971B96DC901B971C96EC901C971D9640
:102C8000FC901D971E960C911E971F961C911F97E6
:102C90000E94F7ED18962C93189719963C93199764
:102CA0001A964C931A971B965C931B971C966C93E1
:102CB0001C971D967C931D971E968C931E971F96AE
:102CC0009C9380819181A281B3819C01AD0160E0E0
:102CD00070E080E090E0F401A088B188C288D388D9
:102CE000E488F588068917890E94F7ED208B318BDF
:102CF000428B538B648B758B868B978BC4010E94A0
:102D0000189315CF8F929F92AF92BF92EF920F932D
:102D10001F93CF93DF9300D000D000D01F92CDB788
:102D2000DEB79A838983DC019E969C919E9791FFE2
:102D300063C0BA87A9875C968D909D90AD90BC903A
:102D40005F9781149104A104B104A9F410E0E9850E
:102D5000FA8583A5811708F466C041E0612FCF0191
:102D60000E948F92009709F447C0DC012C912F77C5
:102D70002C931F5FECCFA985BA859096ED91FC91BD
:102D8000919796FF4AC018962C91189719963C91E6
:102D900019971A964C911A971B965C911B971C9643
:102DA0006C911C971D967C911D971E968C911E9779
:102DB0001F969C91AFEF0E9400EEDF01A15DBD4F19
:102DC0000C91075F0E94DCED29833A834B835C837F
:102DD0006D837E838F83988709811A812B813C8143
:102DE0000F5F1F4F2F4F3F4FE12CB501A401CF01C3
:102DF0000E948B8B8111AACF80E02A960FB6F8949F
:102E0000DEBF0FBECDBFDF91CF911F910F91EF902D
:102E1000BF90AF909F908F900895B501A401CF010E
:102E20000E94478CE7CFE985FA8514A616A680A1F3
:102E300091A12A960FB6F894DEBF0FBECDBFDF91E9
:102E4000CF911F910F91EF90BF90AF909F908F9077
:102E50000C943B822F923F924F925F926F927F929F
:102E60008F929F92AF92BF92CF92DF92EF92FF929A
:102E70000F931F93CF93DF93CDB7DEB7AE970FB607
:102E8000F894DEBF0FBECDBF3C017B012A01C22EEC
:102E9000DC019C968C9181110DC0FB0184A580758D
:102EA00049F0822F8370813009F492C040F0823063
:102EB00009F48BC0F30114A616A6D12C2EC1F1E0A3
:102EC000FBA363E0862E41145104B9F0D20116969B
:102ED0008D919C910E966FE070E00E94AAEC72E0DA
:102EE000872E860E00E010E020E030E040E050E069
:102EF00060E070E0C7010E94778ED12C10E0FE01E7
:102F0000B196FAA3E9A3FBA1F064FEA75FE2952EB8
:102F100040E250E0BE016F5F7F4FC7010E94C18F4A
:102F2000009741F1809731F6898187FD54C01111D6
:102F300018C0D7012D913D914D915C91139720526E
:102F40003109410951092AA73BA74CA75DA758960B
:102F50002D913D914D915C915B972EA33FA348A786
:102F600059A7181508F41F5F81110CC141145104B1
:102F700009F4A0CFC4FE9ECF8BA1827009F49ACF32
:102F80004114510409F496CF181508F077C140E2B6
:102F900050E0BE016F5F7F4FC7010E94C18F009755
:102FA00009F04EC1D7015896AD90BD90CD90DC9000
:102FB0005B97C7010E943995882309F47BCFF701FD
:102FC000A08EB18EC28ED38EDFCF23E02BA379CF1C
:102FD00032E03BA376CFD11044C0181508F410E0BE
:102FE000853809F095CFF301292D11922A95E9F73B
:102FF0008A81D3019B968C939B979D81892F8773A0
:1030000094FF2BC09C968C93D70190968D919C91A8
:103010009197F30191A380A358968D919D910D9066
:10302000BC91A02D82A393A3A4A3B5A3F701808193
:103030009181A281B3818097A109B109F30186A38F
:1030400097A3A0A7B1A7D7019E968C9186FB88274E
:1030500080F982A7DD24D3945BCF8860F30184A735
:10306000D3CF803C09F090C02BA1F30126A78A8121
:1030700081FF02C03EA536A78985D30150968C9367
:1030800050978A8551968C9351978B8552968C9345
:1030900052978C8553968C9353978D8554968C9329
:1030A00054978E8555968C9355978F8556968C930D
:1030B0005697888957968C938D899E89AF89B88D4C
:1030C000F301848F958FA68FB78F898D80878A8D26
:1030D00081878B8D82878C8D83878D8D84878E8D64
:1030E00085878F8D868788A187874114510479F55C
:1030F000C6FCE0CE8C2D847221F4F30186A581FFFD
:1031000006C0D3019C968C91817109F0D3CEC5FC89
:1031100079C0F30186A581FD8FC08D2DAE960FB6C7
:10312000F894DEBF0FBECDBFDF91CF911F910F91FD
:10313000FF90EF90DF90CF90BF90AF909F908F90D7
:103140007F906F905F904F903F902F900895D201A5
:103150008D919C91119713969C938E9312972C812D
:1031600016968D919C9117972817190659F4DD240E
:10317000D39418962D913C918D819E812817390703
:1031800009F4C6CED12CC4CE813CE1F7F2012480F3
:1031900035809E012D5F3F4F3DA32CA3ACA1BDA167
:1031A000AD90BD90BDA3ACA3D2011296ED91FC9160
:1031B0001397E215F30559F4AB2821F7D2011296C3
:1031C0008D919C918215930509F0A2CE91CFCF01EC
:1031D000019613969C938E9312978081BFE7AB164E
:1031E000B10480F60E94C58D082F8A2D0E94C58DDE
:1031F0000813C8CFECA1FDA129A13AA1E217F3075A
:1032000069F6DCCFD3019E968C9181FF53CE00E00E
:1032100010E020E030E040E050E060E070E0C3010A
:103220000E94778E882309F445CEC3010E94C09383
:10323000882309F43FCE6DCF84A5806284A76DCF2B
:10324000809709F037CE111117C0F7018081918165
:10325000A281B3819C01AD0120523109410951097C
:103260002AA73BA74CA75DA7808D918DA28DB38D1A
:103270008EA39FA3A8A7B9A71F5F86CEF70186A537
:1032800086FB882780F99FE2D3011D929A95E9F782
:1032900020A131A1F30131A320A398E294A72EA18C
:1032A0003FA148A559A522A333A344A355A32AA50A
:1032B0003BA54CA55DA526A337A340A751A782A790
:1032C000F201808191819383828310E080E2982EC5
:1032D00091ECA92E20ECD22E2BA0689427F835E88B
:1032E000B32E0FEF080D41E2E42E4CE5F42E181535
:1032F00009F45BC041E0612FC3010E948F92DC01A1
:10330000892B09F4D7CD8C9187FDD4CDFD01292DD2
:1033100011922A95E9F7111114C0BC92F30103A789
:1033200011960C9311971B96FC92EE921A971F968A
:10333000FC92EE921E975396FC92EE9252971F5F6C
:10334000D6CF113091F4DC9211961C931197F301B2
:1033500026A6F201868113968C931397808591851A
:1033600015969C938E931497EACFAC92F201448108
:103370005581BD016E5F7F4FCD018096F201A28124
:10338000B381A417B507D9F29D012F5F3F4F338357
:1033900022832C91022E000C330BDB012D933D93E5
:1033A000BD018A179B0751F7CACFC3010E9418932A
:1033B000D82EB3CE0F931F93CF93DF93EC01FB0175
:1033C00094A5907549F122E5CE010E942A978823A1
:1033D00019F180E38CA7CE010E9439958823E1F092
:1033E000888D998DAA8DBB8D8C8F9D8FAE8FBF8F51
:1033F00000E010E020E030E040E050E060E070E00D
:10340000CE010E94778E81EC8EA7CE01DF91CF9105
:103410001F910F910C94189380E0DF91CF911F9131
:103420000F910895982F803290F0877F823279F043
:103430009A3369F0892F8F7B8C3349F082EC890FA6
:10344000823028F081E09C3519F080E0089581E019
:103450000895CF92DF92EF92FF920F931F93CF9335
:10346000DF93EA016901FB019F012F5F3F4F8081DC
:103470008032E9F0F983E883FD83EC839E2F8F2F60
:103480007F01D7011D917D011123D1F01F3289F0F9
:10349000812F0E94129A811141C017FD40C01E3237
:1034A00021F0103211F0FD82EC82F701E7CFF90133
:1034B000DBCF9E2F8F2F21912032D9F32F32C9F3EA
:1034C000F60190838183C880D980DB82CA820C8117
:1034D0001D81F12CE12CEA81FB81E017F10791F0CD
:1034E000CF0101969B838A8380810E94C58DE0FA7B
:1034F000F794E794F7F8E80EF11CE0FAF794E794F4
:10350000F7F8E9CF0C191D091F830E83F986E886A9
:103510000150110981E00F3F110508F080E0DF91B3
:10352000CF911F910F91FF90EF90DF90CF90089572
:10353000DF92EF92FF920F931F93CF93DF93CDB75C
:10354000DEB7EB970FB6F894DEBF0FBECDBF8C0190
:103550007B015BAF4AAFD22E1DA61EA61FA6FC01A3
:1035600084A5882379F080E0EB960FB6F894DEBF4F
:103570000FBECDBFDF91CF911F910F91FF90EF90C4
:10358000DF900895FB0184A5807569F3EAADFBAD7A
:1035900080818F32D9F4EAADFBAD80818F3221F486
:1035A0003196FBAFEAAFF7CFF70160A171A18111AE
:1035B00004C0C8010E947D92D7CFCE0101960E941F
:1035C0007D92882381F2CE0101967C016AAD7BADAC
:1035D0009E01265C3F4FAE01405D5F4FC8010E94D7
:1035E000299A882309F4BFCFEAADFBAD80818823F7
:1035F000D1F020E0AE01405D5F4FB701C8010E94ED
:103600002A97882309F4AFCF8FE2F801DE011196E3
:1036100001900D928A95E1F7C8010E941893F80174
:1036200014A616A6D0CF2D2DAE01405D5F4FB70179
:10363000C8010E942A9798CF6115710521F0605D3D
:103640007D4F0C94989A80E00895CF93CFB7F8946B
:1036500080910C0E811127C0EEE4FBE18491E4E936
:10366000FBE19491E82FF0E0EE0FFF1FEE56F64ECF
:10367000A591B491EC91E92321F461E085E30E94E6
:103680003CC861E085E30E9477C98CB580618CBD40
:103690008CB580648CBD61E084E30E9477C961E0F1
:1036A00083E30E9477C980910C0E8F5F80930C0E8C
:1036B000CFBFCF910895CF93DF9300D01F92CDB7A6
:1036C000DEB7CE0101960E945464882369F0898197
:1036D000823050F49A819A509B3530F490E00E94E9
:1036E0002D648A810E94DF651092160F1092150FCB
:1036F00080913D0F8093130F809154028093140F9B
:103700001092170F10923F0F81E08093120F0F90CD
:103710000F900F900F90DF91CF9108950F931F930B
:10372000CF93DF93CDB7DEB761970FB6F894DEBFC6
:103730000FBECDBFFE01319690E08F01DB012D91D0
:10374000BD01211109C0F801E90FF11D20E29F5FC1
:1037500021939031E1F704C021939F5F903171F77D
:10376000198A0E942CC9C8010E94DDC261960FB659
:10377000F894DEBF0FBECDBFDF91CF911F910F91A7
:103780000895CF93DF93CDB7DEB79E01245F3F4FFF
:103790004A855B85688579858E819F810E94A9E92C
:1037A000DF91CF9108952F923F924F925F926F9247
:1037B0007F929F92AF92BF92CF92DF92EF92FF9251
:1037C0000F931F93CF93DF9380910E0F90910F0F64
:1037D000059709F49BC180915302882309F472C0B4
:1037E0008091D00D882309F46DC08091CF0D88237E
:1037F00009F468C0C091100FD091110F209709F4FF
:1038000061C0A0904B02B0904C02C5010497039791
:1038100028F021E0A216B10409F054C080EE94E132
:103820000E94273881114EC0D12CC12C01ED1DE022
:1038300080EA982E90ECE92E91E1F92E2FE3222ECA
:1038400023E1322E39E4432E33E1532E43E5642E37
:1038500043E1742EC1109EC036E0A316B10409F0F6
:103860004FC01F930F93DF93CF932DE533E13F9329
:103870002F931F929F92FF92EF920E94C19B2DB7B0
:103880003EB7265F3F4F0FB6F8943EBF0FBE2DBF29
:1038900001978F399105B0F460EC73E180EC91E110
:1038A0000E944FEE892B71F080EC91E10E94F73677
:1038B000882309F4E3C03FEFC31AD30A84E6C8168D
:1038C000D10441F685E090E090930F0F80930E0FA6
:1038D0000E94BF800E94633681E0DF91CF911F91EB
:1038E0000F91FF90EF90DF90CF90BF90AF909F909F
:1038F0007F906F905F904F903F902F900C946C5101
:1039000035E0A316B104B1F41F930F93DF93CF9367
:103910007F926F921F929F92FF92EF920E94C19BA3
:103920002DB73EB7265F3F4F0FB6F8943EBF0FBE90
:103930002DBFAECF31E0A316B104B1F41F930F93A6
:10394000DF93CF935F924F921F929F92FF92EF92DD
:103950000E94C19B2DB73EB7265F3F4F0FB6F8942C
:103960003EBF0FBE2DBF94CF1F930F93DF93CF9316
:103970003F922F921F929F92FF92EF920E94C19BC3
:103980002DB73EB7265F3F4F0FB6F8943EBF0FBE30
:103990002DBF7ECF36E0A316B104D1F4DF92CF92D3
:1039A0001F930F93DF93CF9320E333E13F932F9344
:1039B0001F929F92FF92EF920E94C19B2DB73EB73C
:1039C000245F3F4F0FB6F8943EBF0FBE2DBF60CFB0
:1039D00035E0A316B104D1F4DF92CF921F930F9379
:1039E000DF93CF9321E233E13F932F931F929F9276
:1039F000FF92EF920E94C19B2DB73EB7245F3F4FCD
:103A00000FB6F8943EBF0FBE2DBF42CF31E0A316D4
:103A1000B104D1F4DF92CF921F930F93DF93CF9332
:103A200022E133E13F932F931F929F92FF92EF92F7
:103A30000E94C19B2DB73EB7245F3F4F0FB6F8944D
:103A40003EBF0FBE2DBF24CFDF92CF921F930F93A7
:103A5000DF93CF9323E033E13F932F931F929F9205
:103A6000FF92EF920E94C19B2DB73EB7245F3F4F5C
:103A70000FB6F8943EBF0FBE2DBF0ACF60EC71E1C8
:103A800080EC93E10E94D738882309F41BCFAA94D5
:103A9000AB2851F560EC73E180EC9FE00E94B6D951
:103AA000882311F160EC71E180E690E10E94B6D9C3
:103AB0008823D1F060E670E180EC9FE00E944FEE39
:103AC000892B91F080EC9FE00E94F736882361F00B
:103AD00080E690E10E94F736811111C060E670E146
:103AE00080EC9FE00E94D7384FE950E060EC71E134
:103AF00080EC93E10E9466EE10925F14E3CE80E6C4
:103B000090E10E94293B8111E9CFEECFDF91CF9167
:103B10001F910F91FF90EF90DF90CF90BF90AF90EB
:103B20009F907F906F905F904F903F902F9008955F
:103B30000F931F93CF93DF93EC018B01BA010150D8
:103B40001109A8010E949AE9C00FD11F1882DF91C4
:103B5000CF911F910F910895009741F041155105A4
:103B600019F4FC01108208950C94989D0895CF9249
:103B7000DF92EF92FF920F931F93CF93DF9300D0CA
:103B80001F92CDB7DEB78C016B01BA01452B09F04E
:103B9000A2C080914B0290914C02069709F097C009
:103BA00080914D0290914E02A0914F02B09150022F
:103BB00044E256E180349C49A105B10510F048E289
:103BC00056E164E070E0CE0101960E94AC9D8981CF
:103BD000E12C882361F08A81EE24E394882339F074
:103BE0008B8193E0E92E811102C082E0E82E8FE004
:103BF000F82EFE18C114D10421F0F6018081811144
:103C000010C04CE256E161E170E0C8010E94AC9D39
:103C1000F80180E091919923D9F0F81661F08F5F57
:103C2000F9CFD601F80180E09D91992389F0919315
:103C30008F5FF812F9CFFE0131968F2D8E0DF81699
:103C400091F09191D801AF0DB11D9C93F394F7CFF2
:103C5000F801E80FF11D90E28F1518F48F5F919332
:103C6000FBCFF82EE8CFF80117868091EF0D88235F
:103C700009F496C080914B0290914C0286309105D8
:103C8000B1F50E94A3809C01A4E6B0E00E94E8EC9C
:103C90002FEF37E040E050E00E94BEEC25363105C2
:103CA0004105510520F024E630E040E050E084E694
:103CB000821BF80190E02191211174C0F801E90FF5
:103CC000F11D20E29F5F21939F30E1F76FC0C11487
:103CD000D10429F0B601C8010E94DDCAC6CF4CE26A
:103CE00056E161E170E0C8010E94AC9DBECF019732
:103CF00049F50E94322B60910C0D70910D0D2091B1
:103D00000E0D30910F0D50E040E0260F371F411D82
:103D1000511D280F391F411D511D2115FCE03F0782
:103D20004105510520F02FEF3BE040E050E0A4E6D4
:103D3000B0E00E94F7EC2FEF3BE040E050E00E9443
:103D4000BEECB5CF0E94322B6091100D7091110D19
:103D50002091120D3091130D50E040E0260F371FD7
:103D6000411D511D280F391F411D511D21158CE08A
:103D700038074105510520F02FEF3BE040E050E0CF
:103D8000ACE9BFEF0E9405ED645670458B4F9F4F25
:103D90002FEF3BE040E050E00E94BEEC822F89CF45
:103DA00084E687CF9F5F9F3009F085CF91E0F801CF
:103DB0009787108A0E9459610F900F900F900F9073
:103DC000DF91CF911F910F91FF90EF90DF90CF90F7
:103DD0000895CF93DF9361157105B9F0FB01208140
:103DE000222399F0DC019B01205F3F4F41914D93CD
:103DF000EF0121974881442329F0E217F307B1F737
:103E0000FC01108ADF91CF9108954CE256E161E107
:103E100070E0DF91CF910C94AC9DFC0184E0DF0158
:103E20001D928A95E9F78091380F9091390F21E022
:103E30008430910549F024E08330910529F026E093
:103E40008230910509F425E0208321E0892B09F0D7
:103E500020E0218380913A0F828380913C0F8383FD
:103E600008950F931F93CF93DF93CDB7DEB761977C
:103E70000FB6F894DEBF0FBECDBF20E22983AC01A0
:103E800060E170E0CE0102960E94AC9DFE01319689
:103E900080E08F01219191E0980F21111AC0F80163
:103EA000E80FF11D90E291938F5F8031E1F7198A5D
:103EB00081E00E942CC9C8010E94DDC261960FB644
:103EC000F894DEBF0FBECDBFDF91CF911F910F9150
:103ED0000895892F9031F1F6EACF1F93CF93DF93A6
:103EE000CDB7DEB761970FB6F894DEBF0FBECDBF7A
:103EF000182FAB0161E170E0CE0101960E94AC9DEC
:103F0000BE016F5F7F4F812F0E948E9B61960FB61F
:103F1000F894DEBF0FBECDBFDF91CF911F91089502
:103F20004F925F926F927F928F929F92AF92BF92C9
:103F3000CF92DF92EF92FF920F931F93CF93DF9375
:103F4000CDB7DEB7C054D1090FB6F894DEBF0FBEAF
:103F5000CDBF8C0140E150E060E270E0CE014296BE
:103F60000E9448EE1AA2D80114968D919C91159743
:103F70008230910509F072C094969C919497959621
:103F80002C9195975F968C91882309F465C089E4FC
:103F90002F939F931F928F93F80183A18F9382A1F8
:103FA0008F938FE393E09F938F931F928DE08F9376
:103FB0005E01F3E2AF0EB11CBF92AF920E9480EEA1
:103FC0000FB6F894DEBF0FBECDBF97FD80E0F82E90
:103FD0003CE0381710F43CE0F32ECF2CD12CA60196
:103FE000B501CE0142960E943FEED80196966D91A2
:103FF0007C916115710521F0FB018081811103C065
:10400000D8016D917C914FE04F19F42ECE010196AD
:104010000E9448834F2D50E0BE016F5F7F4F82E1C9
:1040200090E08C0F9D1F8C0D9D1D0E943FEED801CE
:104030005E968C91FE01729690E02191211133C021
:10404000E2E1F0E0EC0FFD1FE90FF11D20E29F5FC0
:1040500021939F30E1F72AC08FE29ACFF801608167
:10406000718120A12223C9F00197B9F48DE48A8BD4
:1040700086E48B8B89E48C8B80E28D8B4BE0CE01C8
:1040800001960E9448838BE0FE013196DE01569630
:1040900001900D928A95E1F7CACF4FE0CE0142968A
:1040A0000E944883C4CF9F5F9F3039F691E099A367
:1040B0001AA20E945961BE016E5E7F4F80E00E948D
:1040C0008E9BF801868597859E012F5F3F4F790172
:1040D0008330910509F580899189009751F448EE64
:1040E00055E161E170E0CE0183960E94989DCE017A
:1040F00083969F938F938EED95E19F938F931F925D
:1041000081E18F93FF92EF920E94C19B0FB6F894CA
:10411000DEBF0FBECDBFBDC02481358142ED55E16C
:104120002115310509F4B0C02230310509F073C002
:1041300021A1222309F46FC080A591A5029748EF21
:1041400054E18F30910538F4880F991FFC01E35F2B
:10415000FC4F408151816E01F4E3CF0ED11C65E02C
:1041600070E0C6010E94AC9DD80156966D917D917C
:104170008D919C9159979096BC909097611571057F
:104180008105910589F483EC95E1B11007C017967C
:104190008D919C91019729F085EA95E1DF92CF926C
:1041A000ACCF84EB95E1FACF28EE33E040E050E06D
:1041B0000E94BEEC2037F7E13F074105510520F092
:1041C0002FE637E140E050E0CA01B9012CE330E0CE
:1041D00040E050E00E94BEEC82E995E1B11008C0D9
:1041E000D80117968D919C91019791F08CE695E1FD
:1041F0007F936F933F932F93DF92CF929F938F93F1
:104200001F9281E18F93FF92EF920E94C19B7ECF1C
:104210008FE795E1EDCFD8015A962C915A9722233A
:1042200009F4DCC05B96ED91FC913197D12CC12C47
:10423000EC30F105E8F48827EF5DFE458F4F0C94D4
:10424000E0EC2DA160A281A1B7A194A199A19EA1AA
:10425000A3A1A3A1A8A1ADA1B2A195E2C92E95E108
:10426000D92EA60164E070E0CE01CD960E94AC9DEF
:10427000F8018385882309F484C086859785029791
:1042800009F47FC045E655E161E170E0C7010E9495
:10429000989DD8011B968C911B97811112C01E9678
:1042A0008D919C911F97029709F008C11D968C91E2
:1042B0001D9765E5811106C01C968C91882309F431
:1042C000FDC06DE4C7010E941980B70181E00E9422
:1042D0008E9BC05CDF4F0FB6F894DEBF0FBECDBF24
:1042E000DF91CF911F910F91FF90EF90DF90CF90D2
:1042F000BF90AF909F908F907F906F905F904F9006
:1043000008958091700F8823B9F18091770F909173
:10431000780F039789F58091740F882369F18CEFEA
:10432000C82E84E1D82E9DCFB5E1CB2EB5E1DB2E92
:1043300098CFA1E1CA2EA5E1DA2E93CFFEE0CF2ED1
:10434000F5E1DF2E8ECFEBE0CE2EE5E1DE2E89CF3C
:1043500077E0C72E75E1D72E84CF63E0C62E65E1E6
:10436000D62E7FCF50E0C52E55E1D52E7ACF49E12C
:10437000C42E45E1D42E75CF3DE1C32E35E1D32EB9
:1043800070CFC8010E9430805E01F9E3AF0EB11C0E
:10439000AC0164E070E0C5010E94AC9DD8015D965F
:1043A0008C91CD2859F01F928F93CE01CD969F937B
:1043B0008F93BF92AF9282E595E120CF1F928F93AA
:1043C000BF92AF9280E495E19F938F931F9281E11A
:1043D0008F93FF92EF920E94C19B98CE1B962C91D7
:1043E000222319F0029709F04DCFF80162897389F1
:1043F0008489958928EE33E040E050E00E94BEECCD
:1044000049015A01F0E78F16F7E19F06A104B104B4
:1044100030F02FE6822E27E1922EA12CB12CD8016C
:1044200056966D917D918D919C91599728EE33E030
:1044300040E050E00E94BEEC29013A01B0E74B1683
:10444000B7E15B066104710430F09FE6492E97E105
:10445000592E612C712CC8010E9430806E01E9E355
:10446000CE0ED11CAC0164E070E0C6010E94AC9D90
:10447000C301B2012CE330E040E050E00E94BEEC0A
:104480007F936F933F932F93C501B4012CE330E0EA
:1044900040E050E00E94BEEC7F936F933F932F93D8
:1044A000DF92CF9289E295E19F938F931F9281E1F2
:1044B0008F93FF92EF920E94C19B28CE60E002CFC3
:1044C00081E2C82E85E1D82ECCCEE0912F0FF0915D
:1044D000300FE830F105E8F48827EE58FD458F4F9E
:1044E0000C94E0EC7DA2B4A27AA28CA28FA292A23C
:1044F0009BA2A9A282E090E008958091310F909153
:10450000320F8130910599F18230910599F103972D
:10451000A1F190E080E0089583E090E0089584E0C8
:1045200090E008958091310F9091320F029741F100
:104530008DE090E008958091310F9091320F0097B7
:1045400011F18130910511F1029719F186E090E0A7
:1045500008958091310F9091320F0097E9F0019703
:10456000F1F089E090E0089581E090E008958BE01B
:1045700090E008958CE090E008958EE090E008953A
:1045800085E090E008958FE090E0089588E090E065
:10459000089587E090E0089580E190E008958AE032
:1045A00090E00895CF93DF93EC0186E0FE01119235
:1045B0008A95E9F78091370F88830E9465A28983E5
:1045C0008091350F8A838091330F8B8385EA8C83AA
:1045D00080911D0E8D83DF91CF910895880F23E088
:1045E00030E0082E01C0220F0A94EAF7209590913E
:1045F0001D0E2923772701C0660F8A95EAF7262B1F
:1046000020931D0E0895643030F48530910539F4FF
:104610006230710511F070E060E0CB0108950797FA
:10462000E1F763307105C9F762E070E0F6CF809181
:104630002F0F9091300F8530910529F148F430E02B
:1046400020E0009769F01092320F1092310F089518
:1046500086309105D9F023E030E08730910599F755
:1046600060911D0E70E0220F331F02C07595679593
:104670002A95E2F7637077270E9403A39093320F85
:104680008093310F089521E030E0EACF22E030E05E
:10469000E7CFCF93DF9380912F0F9091300F85302C
:1046A000910501F138F4D0E0C0E0009759F0DF91B6
:1046B000CF91089586309105C1F0C3E0D0E08730F6
:1046C0009105A9F76091310F7091320F0E9403A3F9
:1046D0009093320F8093310FBC01CE01DF91CF91C7
:1046E0000C94EEA2C1E0D0E0EDCFC2E0D0E0EACF82
:1046F0001F93CF93DF93CDB7DEB761970FB6F894D2
:10470000DEBF0FBECDBF182FAB0161E170E0CE015F
:1047100001960E94F4D9FE01319680E091919111A9
:104720000CC0E1E0F0E0EC0FFD1FE80FF11D90E29E
:104730008F5F91938031E1F703C08F5F803171F714
:10474000198A812F0E942CC9CE0101960E94DDC2D8
:1047500061960FB6F894DEBF0FBECDBFDF91CF914B
:104760001F910895DF92EF92FF920F931F93CF93C3
:10477000DF93FC0101900020E9F731978F01081BBE
:10478000190B6017110650F0FA011082DF91CF91DA
:104790001F910F91FF90EF90DF900895E9017A014A
:1047A000D62E0E94D1CA28813981AB01421B530BFE
:1047B00057FDECCF0D19F7012081201760F42F5F12
:1047C0002083201718F06C577C4F02C06C5F7E4F1F
:1047D00079836883DBCF1082F6CF4FE350E06BE83C
:1047E00074E18DEA9EE00E9466EE1092EC0E8091DC
:1047F000CB148093ED0E81E08093F60E0895CF9355
:10480000DF932091190F30911A0FE1E041E021155B
:10481000310569F16091F70E7091F80E6F5F7F4F6F
:10482000683E83E0780710F067EE73E0283E83E08F
:10483000380710F027EE33E041E0CAE0D0E0E1E0D5
:10484000E40F6A30710530F0CB01BE010E94AAEC82
:104850004E2FF5CFE1E0CAE0D0E02A30310538F044
:10486000C901BE010E94AAEC9B01EF5FF6CF81E077
:10487000840F8E0FDF91CF9108951092F20E0E9457
:10488000D1CA6C577C4F7093F10E6093F00E08956F
:10489000E6E5F2E08FE28083118210921A0F109207
:1048A000190F1092F80E1092F70EEBE8F4E188E47D
:1048B000DF011D928A95E9F71092F60E1092AD0E67
:1048C0001092ED0E0E9444840E943DA40C948E80B0
:1048D000809156028F3221F481E09091570291111C
:1048E00080E008950E9468A481110EC06FE270E01C
:1048F00086E592E00E9475EE009741F0FC0121816F
:10490000222311F00196089590E080E008956F92BF
:104910007F928F929F92AF92BF92CF92DF92EF924F
:10492000FF920F931F93CF93DF9300D000D01F927D
:104930001F92CDB7DEB76C01A090190FB0901A0F7F
:1049400010E000E0A114B104A9F00091F70E10915D
:10495000F80E0F5F1F4F083E43E0140710F007EEFC
:1049600013E088EEA81683E0B80620F087EEA82EA4
:1049700083E0B82E40E150E060E270E0C6010E94A2
:1049800048EED60150961C92A80160E0CE01019637
:104990000E944A80782E8091BB0D882309F446C07E
:1049A0008091BA0D8111B9C08FE261E0670DE1E03D
:1049B000F0E0EC0FFD1FE70DF11D8083A501CE0196
:1049C00001960E944A80682E882E912CE1E0F0E04A
:1049D000EC0FFD1FE80DF91D108280E1782E76188E
:1049E0000E9468A4882309F49AC08FE2D6018C93B0
:1049F000A401BE016F5F7F4FC601870D911D0E940C
:104A00003FEE28960FB6F894DEBF0FBECDBFDF9104
:104A1000CF911F910F91FF90EF90DF90CF90BF90BB
:104A2000AF909F908F907F906F90089581E08093DA
:104A3000BB0D1092BA0D80911B0F882309F4B4CFDF
:104A40008091190F90911A0F892B09F4ADCF8091A5
:104A5000CB148111A9CF8091CC148111A5CF809165
:104A60008B14882309F4A0CF8BE894E10E941636BA
:104A70004C010197029708F097CF06E512E0F80184
:104A800001900020E9F78F0107551240EBE8F4E1AF
:104A900001900020E9F7CF018C5894417C01011569
:104AA000110509F481CFF801EB5AFD4F6080C80170
:104AB0008E0D9F1D21E030E0AFE26A1202C030E0AF
:104AC00020E0820F931F803A910508F06DCFA80176
:104AD00066E572E080EC93E10E943FEEBFE26B1668
:104AE00039F0F801E054FC4E8FE280830F5F1F4FD6
:104AF000A7014F5F5F4F6BE874E1C80180549C4E83
:104B00000E943FEE8A94892829F40E94C1D980939B
:104B1000BA0D48CF0E94D1D9FACF89E446CF0E947E
:104B200072A45C01F12CE12C009741F0FC01019092
:104B30000020E9F731977F01E81AF90A0E94FFA3E4
:104B400090E1981B943008F494E00CEF090F109159
:104B5000F20EB3E090E0B71540F443E050E068EEA9
:104B600074E1C6010E9471E993E00E151F0420F460
:104B70008E2D801B811708F410E0F601E90FF11D5E
:104B8000812F911B4FE04619A114B10409F430CFD5
:104B9000282F290F241708F02BCF282F30E02E15AF
:104BA0003F0508F025CF8F5F2A0D3B1DD9012C91C1
:104BB0002193EACFEBE8F4E128E4DF011D922A9586
:104BC000E9F7AC0160E470E0CF010E94AC9D109267
:104BD000CB141092CD141092CE141092CF141092C8
:104BE000D0140C9444848091000D80931B0F81118C
:104BF0000FC010921A0F1092190F0E948637811160
:104C000004C084E994E10C94DAA582EA94E1FBCF34
:104C10008091EF0C882301F161E974E18FEE9CE053
:104C20000E947AE9892BC1F068E874E18FEE9CE07C
:104C30000E947AE9892B81F0EBE8F4E188E4DF0156
:104C40001D928A95E9F74FE350E06FEE7CE0CF01CB
:104C50000E9466EE0C9444848FE794E1D4CFAC01BB
:104C600061E170E08EE19FE00E94AC9DEEE1FFE02B
:104C700080E0219191E0980F211114C0E82FF0E01D
:104C8000E25EF04F90E291938F5F8031E1F71092F6
:104C90002E0F0E94D1CA60557B4F70931D0F6093F9
:104CA0001C0F0895892F903121F7F1CF0E94958034
:104CB000B0E0A0E023E0880F991FAA1FBB1F2A9530
:104CC000D1F7893F2FE39207A105B10520F088EFC6
:104CD0009FE3A0E0B0E008958F929F92AF92BF92C1
:104CE000CF92DF92EF92FF920F931F93CF93DF93B8
:104CF00080913402882379F0C1E08C2FDF91CF912D
:104D00001F910F91FF90EF90DF90CF90BF90AF90E9
:104D10009F908F900895C091EA04C11109C08091BD
:104D20003002909131029093330280933202E5CFAA
:104D30000E949580811528E0920740F083E090E082
:104D40009093330280933202C0E0D7CF6FEF77E0C9
:104D5000681B790B89F293E0660F771F9A95E1F74C
:104D60008091EE0C681B710939F280EC91E1892B7E
:104D700059F481E090E09093310280933002809169
:104D8000300290913102DCCF8091E0049091E104F7
:104D9000A091E204B091E3040097A105B10509F4E4
:104DA0009FC0613022E0720710F060E072E08B017A
:104DB00030E020E080179107A207B30708F4BC0198
:104DC00080EC91E10E94CF42BC01181619062CF02C
:104DD00083E090E00E944038D2CFC090E004D090B1
:104DE000E104E090E204F090E304092E000CAA0B29
:104DF000BB0BC81AD90AEA0AFB0AC092E004D09297
:104E0000E104E092E204F092E3042091EC0C309192
:104E1000ED0CB0902C024091CF04D0912D02A090C7
:104E20002E029091EE0C5091EB0CE0ECF1E1882415
:104E30008394912C8191411105C041E08D1728F494
:104E400040E003C041E0B816D8F7A41639F0840159
:104E5000092E01C0000F0A94EAF7502B9F5F98308B
:104E600051F4C901977085519B4FDC015C932F5F12
:104E70003F4F50E090E08F01005C1141061717078B
:104E8000CCF24093CF049093EE0C5093EB0C8091B6
:104E9000EA04882319F1CD28CE28CF28E1F49923FC
:104EA000E9F0F901F770E551FB4F50832F5F3F4F59
:104EB0001092EB0C1092EE0C4FB7F8943093ED0C6F
:104EC0002093EC0C882329F090932F0281E08093AB
:104ED00034024FBF12CF98E080E0EECF98E0ECCFE5
:104EE0002091EC0C3091ED0C8FB7F8943093ED0CD1
:104EF0002093EC0C98E090932F0291E09093340271
:104F00008FBFE8CFCF93DF938091340281110CC023
:104F10000E949580EC010E946CA6882331F00E94CB
:104F200095808C179D0781F781E0DF91CF910895DF
:104F3000AC0161E170E08BE49FE00C94F4D9EF9256
:104F4000FF920F931F93CF93DF93C82F0E94A380EC
:104F50008C01009719F4FF24F394E2C0C11103C03F
:104F600080349105C0F38091460F8830A0F70E94ED
:104F70004D3DF82E8111EFCF80EC91E1892B09F4A2
:104F8000CFC02FB7F8948091CB049091CC04C091FE
:104F9000C904D091CA042FBFC81BD90BC11528E082
:104FA000D20708F0BDC0C134D10510F0C0E4D0E094
:104FB0000C171D0708F4E80120EC31E1D901BC0110
:104FC000605C7141AD01405C51414C175D0748F494
:104FD000FB01EA0FFB1FF770E551FB4F40814D933A
:104FE000F1CF209709F49CC04FB7F8948C0F9D1F08
:104FF0009093CC048093CB044FBF9091A90D1C2FAC
:10500000992389F16091A60D8091A50D40E0F901E9
:1050100051919F01882321F0752F717076130EC076
:105020008FEF850F8E3F08F483C0652F661F6627BC
:10503000661F4F5F892F411750F380E0EFEFE10FBC
:10504000F0E0E054FE4E9081991F9927991F9093AC
:10505000A60D91E09093A50D882309F46BC01092E2
:10506000A80D1092A70DE090460FF7E080E794E1BD
:10507000FE1508F453C00091A40D20E4029FC00166
:105080001124AE0160EC71E18054904F0E943FEE1C
:10509000103421F0009355021093430F0F5F0770F7
:1050A0000093A40DE394E092460FDE01A054BE4E9F
:1050B00083E0CC0FDD1F8A95E1F7FE01E054FE4E40
:1050C0008E9138979BEE80FF94E190839BEE81FF59
:1050D00094E191839BEE82FF94E192839BEE83FFA8
:1050E00094E193839BEE84FF94E194839BEE85FF90
:1050F00094E195839BEE86FF94E1968387FF2DC014
:105100008BEE87831150E1F6BE0180EC91E10E94A5
:10511000E23F8C179D0719F182E694E10E9498A75F
:105120008F2DDF91CF911F910F91FF90EF900895F8
:10513000892F84CF8091A70D9091A80D9C01209577
:1051400030958C0F9D1F2C173D0710F48FEF9FEFAC
:105150009093A80D8093A70D86CF84E1D2CF809144
:10516000AD0D9091AE0DA091AF0DB091B00D8C0F23
:105170009D1FA11DB11D8093AD0D9093AE0DA09309
:10518000AF0DB093B00DE7CE4F925F926F927F92CA
:105190008F929F92AF92BF92CF92DF92EF92FF9247
:1051A0000F931F93CF93DF93AB01BC01DC01CA01C6
:1051B0000196A11DB11D8E7F81150EEF90070FEF97
:1051C000A007B007B8F086E594E10E9498A7C0E078
:1051D0008C2FDF91CF911F910F91FF90EF90DF9077
:1051E000CF90BF90AF909F908F907F906F905F9087
:1051F0004F900895E0ECF1E120E032E0EF01890109
:10520000199201501040E1F722E52093C01129E4E2
:105210002093C11126E42093C2112093C31188501A
:105220009E4FAF4FBF4F8093C4119093C511A09371
:10523000C611B093C71187E58093C81181E48093AC
:10524000C91186E58093CA1185E48093CB1186E667
:105250008093CC118DE68093CD1134E73093CE113D
:1052600080E28093CF1180E18093D01121E02093E0
:10527000D4112093D6118091B10D9091B20DA091CF
:10528000B30DB091B40D8093D811492E5A2E6B2EC8
:1052900077244092D9114D01AA24BB248092DA11BF
:1052A000CB2EDD24EE24FF24C092DB118093DC1191
:1052B0004092DD118092DE11C092DF112093E01147
:1052C00088E08093E2118AE48093E41185E580937D
:1052D000E5118EE48093E6118BE48093E7118CEC6A
:1052E0008093E8112093E91184E68093B81381E656
:1052F0008093B9133093BA138093BB134093BC13BC
:105300005093BD136093BE137093BF1360E070E0C1
:10531000CB010E94033CC82F811103C087E494E1B4
:1053200054CF60E072E080EC91E10E94E23F811591
:105330009240A1F74DCFFF920F931F93CF93DF932E
:105340001F921F92CDB7DEB7082FF92EBE016F5FF7
:105350007F4F0E94507C182F811113C040E150E014
:105360006FEE7CE08BE49FE00E9466EE10925B0F94
:10537000812F0F900F90DF91CF911F910F91FF9090
:1053800008958A818F9389818F93FF920F9388E389
:1053900094E19F938F931F9280EA8F9380EC93E127
:1053A0009F938F930E94C19B01970FB6F894DEBF25
:1053B0000FBECDBF8F399105D8F28AE294E10E94E9
:1053C00098A710E0D5CF6FE270E080EC93E10E94E7
:1053D00075EE009711F00196089580EC93E1089521
:1053E0004F925F926F927F928F929F92AF92BF92F5
:1053F000CF92DF92EF92FF920F931F93CF93DF93A1
:10540000CDB7DEB7E3970FB6F894DEBF0FBECDBFC2
:1054100000910E0F10910F0F0E94E3A94C0100970D
:1054200031F0FC018081811102C0912C812C80918E
:105430005302882361F08091D00D882341F0809140
:10544000CF0D51EDA52E5DE0B52E811102C0B12C1E
:10545000A12C8091EF0D811141C0412C512C3201C2
:1054600080910E0F90910F0F039761F48091AC0E15
:1054700035E5F32E811107C08091AB0E4DE4F42E7B
:10548000811101C0F12CB401CE0101960E94E99E68
:10549000B401CE0183960E94E99EA114B10411F4D7
:1054A00010925C0FCE0142966C010430110509F098
:1054B00054C010920A0EF8013197E730F10508F058
:1054C00067C18827E959F5458F4F0C94E0ECCDAAC8
:1054D00003AB39AB77ABB3AABAABCAAB0330110598
:1054E00069F46091EB0D7091EC0D8091ED0D909150
:1054F000EE0D611571058105910511F40E94D1CA67
:10550000C090E70DD090E80DE090E90DF090EA0D25
:105510004090E30D5090E40D6090E50D7090E60D25
:10552000A7019601240D351D461D571D62177307EF
:105530008407950708F491CF6C197D098E099F099E
:10554000641975098609970928EE33E040E050E0B8
:105550000E94BEEC29013A0183CF10920B0E053058
:10556000110509F0A6CF80EFE82E8DE0F82E0AE0B5
:105570001EE0940144E060E376E1CE0101960E94D2
:1055800086820E945384009709F402C1AC0161E154
:1055900070E0C6010E94AC9D15C0A501B401CE010A
:1055A00001960E94B79D809151029091520244EA67
:1055B00056E1019711F043E956E161E170E0C6015F
:1055C0000E94989DBE016F5F7F4F80E00E948E9B7E
:1055D000B60181E00E948E9BE3960FB6F894DEBF81
:1055E0000FBECDBFDF91CF911F910F91FF90EF9034
:1055F000DF90CF90BF90AF909F908F907F906F90F3
:105600005F904F900895A501B401CE0101960E94CC
:10561000B79D40E060E0C6010E94A7848111D2CF0F
:10562000C301B2012CE330E040E050E00E94BEEC48
:105630009F938F937F936F93CA01B90124E630E063
:1056400040E050E00E94BEEC9F938F937F936F9356
:1056500083E896E19F938F931F9281E18F93DF926E
:10566000CF920E94C19B0FB6F894DEBF0FBECDBF94
:10567000A9CFA501B401CE0101960E94B79D4F2D7F
:1056800061E0C6010E94A78481119CCFC301B201D1
:105690002CE330E040E050E00E94BEEC9F938F93FB
:1056A0007F936F93CA01B90124E630E040E050E0F7
:1056B0000E94BEEC9F938F937F936F9383E796E155
:1056C0009F938F931F9281E18F93DF92CF920E94DD
:1056D000C19B0FB6F894DEBF0FBECDBFF11002C064
:1056E0002FE3F22E6F2DC6010E9419806BCFA114FB
:1056F000B10419F4FE01B3965F0196E0E92E9EE035
:10570000F92E0BE01EE0950147E06BE676E1CE0155
:1057100001960E9486820E945384009741F1FC0109
:10572000D60190E0849121E0290F811109C0F60192
:10573000E90FF11D80E29F5F9D3039F08193FBCF2F
:105740008D933196922F2C3069F7E6E6F6E1E491DD
:10575000EE8FE7E6F6E1E491EF8FE8E6F6E1E4911B
:10576000E8A3E9E6F6E1E491E9A31AA22BCF4AE522
:1057700056E123CF8091F40D4DE456E1811102C032
:105780004FE356E161E170E0CE0101960E94AC9DCD
:105790001A8A18CF45E356E161E170E0CE01019627
:1057A0000E94989D65EF7DE0C6010E94E99E0ACFA8
:1057B000AC0161E170E085EF9DE00E94AC9D87E067
:1057C00090E090930F0F80930E0F0E94A15C0E94B7
:1057D000BF800E94633681E00C946C510F931F933D
:1057E000CF93C091EF0DCC2309F47AC080910E0FB6
:1057F00090910F0F039709F0A7C000914B021091F1
:105800004C020630110509F070C08091B50D9091E1
:10581000B60D029709F094C08091BB04833009F063
:105820008FC00E94CE5A882309F48AC081E090E09C
:105830009093B60D8093B50D8091EB0D9091EC0D8A
:10584000A091ED0DB091EE0D892B8A2B8B2B61F180
:105850000E94D1CAAB01BC018091E30D9091E40D8F
:10586000A091E50DB091E60D0091EB0D1091EC0DBE
:105870002091ED0D3091EE0D801B910BA20BB30B1F
:10588000840F951FA61FB71F8093E30D9093E40D1F
:10589000A093E50DB093E60D1092EB0D1092EC0D78
:1058A0001092ED0D1092EE0D82E090E090930F0FAC
:1058B00080930E0F0E94BF808091510290915202FE
:1058C000019771F480914B0290914C020697F1F58B
:1058D0001092A80D1092A70D1092A60D1092A50D72
:1058E0008C2FCF911F910F9108950130110599F4DC
:1058F0008091B9049091BA04029711F58091B70490
:105900008330F1F40E9439558823D1F01093BA0402
:105910000093B90491CF8091490F90914A0F02975B
:1059200079F48091B704833059F40E943955882363
:1059300039F081E090E090934A0F8093490F7CCF3B
:1059400088EF92E10E94D8ABC0E0CACF2FB7F8949D
:1059500080910B0F90910C0F2FBF9093A30D80930C
:10596000A20D0E94D1CA60939E0D70939F0D8093EB
:10597000A00D9093A10DB4CF0F931F93CF93DF93FE
:10598000C091EF0DCC2309F440C000910E0F10918F
:105990000F0F0230110509F06AC080914B029091FF
:1059A0004C0286309105B9F58091B50D9091B60DF8
:1059B000019709F058C09091BB04923009F053C090
:1059C000DFB7F89480916F008D7F80936F00109205
:1059D000810096BB83E08093BB0480E00E94A151CC
:1059E000DFBF1093B60D0093B50D0E94D1CA60932E
:1059F000EB0D7093EC0D8093ED0D9093EE0D83E025
:105A000090E090930F0F80930E0F8C2FDF91CF912A
:105A10001F910F910895019799F48091B904909185
:105A2000BA04019701F58091B7048230E1F40E9435
:105A300070558823C1F01093BA040093B904D5CFF0
:105A40008091490F90914A0F019769F48091B704B2
:105A5000823049F40E947055882329F010934A0F30
:105A60000093490FC2CF8EEE92E10E94D8ABC0E006
:105A7000CCCF0E94BCAC882369F01092AC0E81E0C0
:105A800020910E0F30910F0F2330310509F080E087
:105A90008093AB0E08950097B9F44FE252E161E1B3
:105AA00070E085EF9DE00E94989D87E090E09093E4
:105AB0000F0F80930E0F0E94A15C0E94BF800E9476
:105AC000633681E00C946C5140E150E0BC0185EFFD
:105AD0009DE00E9466EE1092050EE7CF2091D00D5A
:105AE0002223F1F02091CF0D21111AC00097C1F0AF
:105AF000FC01319681E1A1EDBDE001900D928A9506
:105B0000E1F71092E20D40E061E181ED9DE00E943D
:105B1000A3318093CF0D882319F087E080937D0413
:105B200008952F923F924F925F926F927F928F9241
:105B30009F92AF92BF92CF92DF92EF92FF920F931C
:105B40001F93CF93DF931F921F92CDB7DEB787E2EB
:105B5000482E512C9CE2292E312C29E3622E712CE7
:105B600038E7A32EB12C20916014309161142115D7
:105B7000310509F4C6C1409162148091631490917B
:105B80006414A0916514B0916614C0906B14D09009
:105B90006C1410926114109260142130310509F0D8
:105BA00020C1E090A204F090A304C7010E946EAD52
:105BB0001092C40D1092CE0D1092940D1092C50D3E
:105BC000E114F104D1F0F701808D8130B1F4BE0110
:105BD0006F5F7F4FC7010E94BB35882371F08981B9
:105BE0009A810E946EC78093C40DF701628D738DF8
:105BF00090E080E00E94E185B6CFC7010E94E435C5
:105C0000882351F0F1E0F093940D6AE570E080E0B4
:105C100090E00E943E35A7CF809085149090861426
:105C200080917604909177040E94FC808C01C401DD
:105C30000E94FC800115110509F4AEC0009709F01F
:105C40004DC0A801485751090837110530F4A50186
:105C5000401B510B0933110528F1B8016953710933
:105C600098012C5231090752110990E4C91A9FE199
:105C7000D90AE9E8CE16E3E1DE0650F4021713076D
:105C800038F40617170720F40417150708F49CC00A
:105C900064177507C0F42617370708F428C18BE08E
:105CA00090E094C0B301601B710B0C321105C0F67B
:105CB0009101201B310B07321105A8F6C201801B90
:105CC000910B8C01D2CF2417350708F065C0261739
:105CD000370708F061C08CE090E078C09801285741
:105CE00031090837110518F49501201B310BBC014F
:105CF0006B5E71098B3E910520F46BEE70E0681BC2
:105D0000790B620F731F980129533109093311056B
:105D100018F49301201B310BAC014557510985370D
:105D2000910520F445E750E0481B590B420F531FE3
:105D3000F801BC970C32110518F4F101E01BF10BCE
:105D40009C01285531098835910520F428E530E07B
:105D5000281B390B2E0F3F1F0732110500F1075288
:105D600011098F34910500F18F549109800F911F13
:105D70008217930730F48417950718F4861797074E
:105D800018F146175707B0F42417350708F4B4C0C4
:105D90008417950708F083CF90E080E017C0F201E8
:105DA000E01BF10B8F01DDCFEFE4F0E0E81BF90B16
:105DB000CF01DCCF2617370778F72417350760F7B0
:105DC0008217930748F387CF8EE090E09093480FB7
:105DD0008093470FF1E0F093C40DF7016289738956
:105DE00007CF22303105E1F52091940D2223C1F037
:105DF0002091A2043091A304232B39F41092940D26
:105E00001092C40D1092CE0DAECE8A359105A1052B
:105E1000B10508F0A8CE8C5E924FFC014083A3CE62
:105E20002091CE0D222309F49ECE0196A11DB11D15
:105E30004091CA0D5091CB0D6091CC0D7091CD0D5C
:105E400084179507A607B70710F4AC01BD0140936E
:105E5000C60D5093C70D6093C80D7093C90D83CEC6
:105E60002330310531F58091940D882351F18091D3
:105E7000A2049091A3041092940D009709F20E943D
:105E8000E435882309F4BCCFBE016F5F7F4F84E106
:105E90009DE00E948B35882309F4B2CF89819A81D5
:105EA0000E946EC78093C40D6091610D7091620D68
:105EB0009FCE2430310509F056CE8091940D81118A
:105EC0009DCF8091CE0D882309F44DCE8091CA0DCF
:105ED0009091CB0DA091CC0DB091CD0D8093C60DBE
:105EE0009093C70DA093C80DB093C90D3CCE241755
:105EF000350708F051CFEFCE2617370708F460CFEB
:105F00004BCF0F900F90DF91CF911F910F91FF908A
:105F1000EF90DF90CF90BF90AF909F908F907F9049
:105F20006F905F904F903F902F90089581E0809305
:105F30007D04EEE7F4E08EE0DF011D928A95E9F73B
:105F40008091CF0D811102C01092D10D0895CF9391
:105F5000C82F8093D00D1092CF0D10928E04109206
:105F60009B0D10928D0410928C041092D10D7093A1
:105F70009A0D6093990D2115310581E0480751056F
:105F800018F020E030E0A901C9013093980D20936A
:105F9000970D1092960D1092950D6630710509F0CF
:105FA0004FC00097A1F096958795B0E0A0E0BC01A6
:105FB000CD01875F924C0E94BEEC2115310581E036
:105FC0004807510520F43093960D2093950DC0930A
:105FD000420F1092C40D1092CE0D1092CA0D109265
:105FE000CB0D1092CC0D1092CD0D1092C60D1092CB
:105FF000C70D1092C80D1092C90D1092940D1092F9
:10600000C50D0E9496AF10927C0410927B041092F2
:106010007A0410927904109278048091420F8823B8
:1060200019F0CF910C94653510927D04109288146C
:10603000109287141092611410926014CF910895F9
:10604000CC2329F264507109C1E06230710508F473
:10605000BECFC0E0BCCF0E94A15C0E948E850E9492
:1060600040560E94892610920F0F10920E0FEBE4FB
:10607000F2E086E090E09183808384E49CEAA0E0F3
:10608000B0E082839383A483B5831782168210863F
:106090001092110F1092100F1092F50D1092EF0D3B
:1060A0000E94BF801092E70D1092E80D1092E90D4A
:1060B0001092EA0D1092EB0D1092EC0D1092ED0D76
:1060C0001092EE0D1092E30D1092E40D1092E50D7A
:1060D0001092E60D1092F40D1092A30D1092A20DE5
:1060E00010929E0D10929F0D1092A00D1092A10D76
:1060F00010929D0D10929C0D0E94633681E00E94CB
:106100006C5120E030E0A90170E060E080E00C9488
:10611000A7AF1F93CF93DF93182FEB0161E14423C7
:1061200079F01092DB0D1092DC0D1092DD0D1092C3
:10613000DE0D1092DF0D1092E00D1092E10D6AE07D
:106140001092E20D40E081ED9DE00E94A3318111AB
:1061500005C0DF91CF911F910C9496AF21E0209361
:10616000CF0D1092C40D1092940D1093C50DCE0159
:10617000B0E0A0E08093CA0D9093CB0DA093CC0D1E
:10618000B093CD0D1092C60D1092C70D1092C80D90
:106190001092C90D2093CE0D10928814109287147E
:1061A0001092611410926014D4CFEF92FF920F936B
:1061B0001F93CF93DF93EC01062F8091420F88232A
:1061C00009F49DC1CE010E94413281110E9491AD1E
:1061D00010917D04112309F492C1173009F48FC185
:1061E0008091CF0D811110C0CE010197811594408F
:1061F00008F449C010927C0410927B0410927A0437
:10620000109279041092780410917D04173009F4EB
:1062100076C18091420F882309F471C1112309F4DA
:106220006EC1209711F1C13084E0D80708F0BDC0DD
:106230008091990D90919A0D8630910509F0A5C035
:10624000A091950DB091960D109709F4AEC09E01E6
:106250000E94E8EC7C5F8F4F9F4FEBE0969587950F
:1062600077956795EA95D1F7EB01CE0101978038D4
:10627000924008F49DC0DF91CF911F910F91FF9044
:10628000EF900C9496AF0111BFCFCE0103E0880FC1
:10629000991F0A95E1F720917B0430917C04211528
:1062A000310559F490937C0480937B0481E090E065
:1062B00090937A0480937904A5CFBC01621B730B81
:1062C0008217930718F4B901681B790BA901569539
:1062D0004795569547954830510510F448E050E0F1
:1062E00046175707F8F282179307E0F1821B930BCA
:1062F0000496A3E096958795AA95E1F7820F931FE0
:1063000090937C0480937B048091790490917A042B
:106310008F3F980729F0019690937A04809379042F
:106320008091790490917A048F3F910509F008F4E7
:106330006BCF80917804811167CF80917B0490911D
:106340007C040E94FC8021E02093780415501230D8
:1063500008F45ACF8097C19708F056CF87E0809312
:106360007D0452CFA9014C5F5F4FBA01681B790BC6
:10637000CB01F3E096958795FA95E1F7281B390B49
:1063800030937C0420937B04BFCF049741F489E1D0
:10639000DE018A9FE0018B9FD00D112466CF73E050
:1063A000CC0FDD1F7A95E1F760CFCFEFDFEF5DCF48
:1063B000113009F081C060917E04611109C0D09351
:1063C0008004C0937F04D0938204C093810412C0E0
:1063D00080917F0490918004C817D90720F4D0934E
:1063E0008004C0937F0480918104909182048C1773
:1063F0009D0748F38091830490918404C80FD91FAE
:10640000D0938404C09383046F5F60937E046032F2
:1064100008F475C0862F86958C0F9D2F911D70E016
:106420000E94AAEC8B01E0907F04F090800426E1AA
:106430004FE0C7010E94E080C82F882351F02AE175
:1064400042E1B80180918104909182040E94E08031
:10645000C82F21E149E0B801C7010E94E0808823EC
:1064600049F024E248E1B8018091810490918204CE
:106470000E94E0809091C50D2FEF290F243058F431
:10648000CC2309F4F8CEDF91CF911F910F91FF90AB
:10649000EF900C9412829550943058F4882309F4AC
:1064A000EACEDF91CF911F910F91FF90EF900C9466
:1064B000E881CC2399F3E7CF1230D1F5E0907E0448
:1064C000F0907F0429E14FE0B701CE010E94E08007
:1064D00000918004109181048823C1F0BE01C7019E
:1064E0000E94C48090937F0480937E040F3F100726
:1064F00031F00F5F1F4F1093810400938004DF91F0
:10650000CF911F910F91FF90EF9008950F3F1105CC
:1065100009F008F4B0CE2CE042E0B701CE010E94B1
:10652000E080882309F4A7CE83E080937D04E7CF41
:106530001330E9F460917E0470917F042DE042E015
:10654000CE010E94E080882309F495CE8FEF8093DE
:106550008204109283041092840410928504109295
:106560008604109281041092800484E0DECF1430FF
:1065700009F0F6C000917E0410917F0426E144E00A
:10658000B801CE010E94E080882309F474CE85E032
:106590008C9FA0018D9F500D11249801220F331F55
:1065A000200F311F81E04217530708F480E09091DB
:1065B00082049F3F19F480938204A1CF89135BCE9C
:1065C0009FEF90938204C0918404CC0FC82BC0939A
:1065D0008404809183048F5F80938304883009F062
:1065E0008ECF10928404109283040E943A8190917D
:1065F0008504882399F1911109C0CF3F09F03BCE62
:10660000C093860481E08093850479CF8091C60D84
:106610009091C70DA091C80DB091C90D4091CA0DC0
:106620005091CB0D6091CC0D7091CD0D84179507D5
:10663000A607B70788F420918604C227C093860472
:106640000196A11DB11D8093C60D9093C70DA09317
:10665000C80DB093C90D53CF87E067CF911115C016
:10666000C11109CE8EEF890F8A30A0F4E92FF0E036
:10667000E153F24FC083809186049D30E1F4209174
:106680008004309181043C2B09C0913059F7C4300B
:1066900048F3F1CD2C2F30E09C3069F73093810422
:1066A0002093800480918604C827C09386049F5F4E
:1066B0009093850424CF9231A8F3C813DCCD609168
:1066C000800470918104C80182539140023331E00B
:1066D000130738F482E391E0801B910B093E11050A
:1066E00020F19801295E3109A801485C5109085A36
:1066F00011090417150730F40217130718F40817C7
:10670000190740F14217530718F44817590720F1A9
:106710002817390718F582E041E0DF91CF911F91EA
:106720000F91FF90EF900C9489B029EE30E0201B80
:10673000310B083C1105C0F648EC50E0401B510BF2
:10674000083A1105A0F6E8EAF0E0DF01A01BB10B62
:106750008D01CFCF84E0E0CF83E0DECF81E0DCCFDE
:106760008BEF810F823008F086CDE0907E04F090B0
:106770007F042DE14CE0B701CE010E94E080882328
:1067800089F1BE01C7010E94C48090937F04809369
:106790007E0480918604811104C081E08093860488
:1067A000AECE1092860450E0153009F060C04091E2
:1067B00085048091840490E09C01220F331F252BD7
:1067C000277020938404433030F54F5F4093850455
:1067D000433009F094CE83E090E09093810480935D
:1067E00080048DCE26E34DE1B701CE010E94E0800A
:1067F000882309F440CDBE016F5F7F4F7695679582
:10680000C7010E94C48090937F0480937E041092FD
:10681000860451E0C9CF209180043091810482FB2D
:10682000882780F985130BC02F3F320709F467CE04
:106830002F5F3F4F309381042093800460CE2F3F21
:10684000310549F240F210928704109288041092A8
:10685000890410928A04109281041092800410928C
:1068600083041092820410928B0486E05ECE55233E
:1068700031F08091870491E089278093870480918B
:10688000880490918704913061F021E030E0082E77
:1068900001C0220F0A94EAF790918904922B9093F9
:1068A00089048F5F80938804883009F028CEC091D6
:1068B000890410928904109288040E943A81909170
:1068C0008A048823E9F1911106C0C13009F0D3CCC4
:1068D000C0938A0414CE4091C60D5091C70D6091AB
:1068E000C80D7091C90D0091CA0D1091CB0D20916A
:1068F000CC0D3091CD0D4017510762077307B8F4E6
:1069000080918204909183048C0F911D9093830455
:10691000809382044F5F5F4F6F4F7F4F4093C60D50
:106920005093C70D6093C80D7093C90DE8CD913099
:1069300009F092CEC0938B0482E080938A04DFCD6D
:10694000911115C0C11197CC8FEF890F87FD37C00A
:106950002091820430918304C20FD32FD11DD09394
:106960008304C09382049F5F90938A04C8CD9130C2
:1069700041F4C23018F0C63709F07DCCC0938404CE
:10698000E3CF80918404811112C09C3090F02C2FB1
:1069900030E0933139F09431B9F620918004309190
:1069A00081043C2B3093810420938004CDCF93311C
:1069B00070F7E92FF0E0E153F24FC083E8CF913850
:1069C00019F4C0938B04CFCF923869F680918B0471
:1069D0009C2F20918204309183048217930709F041
:1069E0004ACC41E080918404811140E060918004B0
:1069F0007091810480917E0490917F049C012856BF
:106A000031098836910538F428E630E0281B390B27
:106A10008A35910500F1FC01EA55F109DC01AF541A
:106A2000B109865491098A179B0730F48E179F0786
:106A300018F48217930720F1AE17BF0728F487E0F8
:106A4000A217B30708F469CE86E0E217F30708F44B
:106A500064CE85E062CEEAE5F0E0E81BF90B8F3406
:106A60009105E0F6AFE4B0E0A81BB90B86349105C0
:106A7000C0F6C6E4D0E08E01081B190BC801D3CFC5
:106A800088E04BCEEF92FF920F931F93CF93DF934B
:106A9000C82F162F693048F4611108C0DF91CF91DB
:106AA0001F910F91FF90EF90089518E0DC2FD170A7
:106AB00080918E04811164C081E080938E04D09314
:106AC0009B0D10928D0410928C0480E0113009F41B
:106AD00079C0812F8150990B9C0181E090E001C029
:106AE000880F2A95EAF78150DC2FD695DC27D8232A
:106AF00080E0EE24EA94FE2C01E0DD2309F462C07C
:106B00009D2F9F702D2FC0E019F422952F70C4E0A7
:106B1000322F337019F426952695CE5F20FFCF5F74
:106B2000CF5F20918C0430918D049C2F981B892F6E
:106B300090E0A9014095509548175907C8F5F09283
:106B40008D04E0928C0460919B0D80918C04909157
:106B50008D0420917D04273091F50E9441328111EE
:106B60000E9491AD80919B0D802780939B0D109288
:106B70008D0410928C048FEF8D0FD8238C2FBDCFF6
:106B800060919B0DD61709F4A0CF80918C04909151
:106B90008D0420917D04273041F40E9441328823E6
:106BA00009F48DCF0E9491AD8ACF0E94D5B087CFD6
:106BB000280F391F30938D0420938C04C4CF0E947A
:106BC000D5B0D0CF20918C0430918D04181B612F4B
:106BD00070E0C901809590958617970738F48FEF7C
:106BE0009FEF90938D0480938C0458CF620F731F96
:106BF00070938D0460938C0451CF0F931F93CF93A8
:106C00008C01C0E0F80181918F010E94F226882357
:106C100019F0CF5FC038B1F7CF911F910F91089550
:106C20005F926F927F928F929F92AF92BF92CF921C
:106C3000DF92EF92FF920F931F93CF93DF93CDB725
:106C4000DEB7C05AD1400FB6F894DEBF0FBECDBF3D
:106C5000682EA090190FB0901A0FCE018F599E4F39
:106C60000E94C737CE018F5D9E4F0E94C7378BE8C9
:106C700094E1892B31F48EEC94E10E94A137712CC0
:106C800049C088E4EBE8F4E1DE01AF56BF4F019064
:106C90000D928A95E1F76E0189EDC80ED11C88E44A
:106CA000F60111928A95E9F7CE018F599E4F0E9405
:106CB0005AD4882321F3F12CE12C712C81E6882E03
:106CC000992493948C0E9D1EFCE08F0E911C01E282
:106CD00011E00C0F1D1F045F1F4FB401C8010E947B
:106CE00078D5882349F0A114B10461F1EA14FB04BA
:106CF00048F1C8010E9434D4CE018F599E4F0E94A2
:106D0000A64F882309F4BBCF711063C085EC94E1D2
:106D10000E94A137872DC056DE4F0FB6F894DEBF14
:106D20000FBECDBFDF91CF911F910F91FF90EF90DC
:106D3000DF90CF90BF90AF909F908F907F906F909B
:106D40005F900895AE014F5F5F4FB701CE018F5D39
:106D50009E4F0E94CC4FCE0101960E94D67F582EA6
:106D6000811104C0C8010E9434D4B7CF8FEFE81A54
:106D7000F80ABE016F567F4FCE0101960E94847FB4
:106D80006620C9F087FFEECF772049F0BE01675B30
:106D90007F4FCE0101960E94847F18161CF788E46D
:106DA000FE013196DE01A75BBF4F01900D928A95DF
:106DB000E1F7752CD7CF1816ACF6772081F3BE011A
:106DC000675B7F4FCE0101960E94847F87FDE7CFEE
:106DD000C9CF88E4FE01E75BFF4FD60101900D9219
:106DE0008A95E1F70E94C33788E4F601ABE8B4E185
:106DF00001900D928A95E1F78091F70E9091F80E2F
:106E0000611002C0019601C001979093F80E809323
:106E1000F70E0E9444840E948E807CCF3F924F9256
:106E20005F926F927F928F929F92AF92BF92CF921A
:106E3000DF92EF92FF920F931F93CF93DF93CDB723
:106E4000DEB7C855D1400FB6F894DEBF0FBECDBF38
:106E500010911B0F112309F4CDC0A090190FB09011
:106E60001A0FA114B10409F449C0462E6C013E0169
:106E700081E9680E711C88E4F30111928A95E9F7A3
:106E8000CE01875E9E4F0E94C737CE0187529F4F2B
:106E90000E94C737CE01875E9E4F0E945AD4882336
:106EA00059F1512CF12CE12C99E1892E99249394DC
:106EB0008C0E9D1EFCE08F0E911C09ED10E00C0F56
:106EC0001D1F045F1F4FB401C8010E9478D588239D
:106ED00031F0EA14FB04A0F0C8010E9434D4CE01C2
:106EE000875E9E4F0E94A64F882331F0511039C013
:106EF00084EB94E10E94A1370E94F3A510E07AC0D0
:106F0000AE014F5F5F4FB701CE0187529F4F0E9486
:106F1000CC4FCE0101960E94D67F382E811104C03D
:106F2000C8010E9434D4CFCF8FEFE81AF80A51106D
:106F3000F7CF22968FAD22974812F2CFB601CE013D
:106F400001960E944FEE892B59F788E4FE01319695
:106F5000DE01A75BBF4F01900D928A95E1F7532C9C
:106F6000DFCFCE01875E9E4F0E945AD4882321F244
:106F7000D12CC12CF12CE12C89E1882E99249394F9
:106F80008C0E9D1EECE08E0E911C09ED10E00C0F96
:106F90001D1F045F1F4FB401C8010E9478D58823CC
:106FA00039F0EA14FB0408F43FC0C8010E9434D44D
:106FB000CE01875E9E4F0E94A64F182F882309F4AA
:106FC0009BCF88E4FE01E75BFF4FD30101900D9258
:106FD0008A95E1F70E94C337D092F80EC092F70E5F
:106FE00088E4F301ABE8B4E101900D928A95E1F7F2
:106FF0000E944484812FC85ADE4F0FB6F894DEBF3A
:107000000FBECDBFDF91CF911F910F91FF90EF90F9
:10701000DF90CF90BF90AF909F908F907F906F90B8
:107020005F904F903F900895AE014F5F5F4FB70163
:10703000CE0187529F4F0E94CC4FCE0101960E94F5
:10704000D67F811104C0C8010E9434D4A4CFFFEFC1
:10705000EF1AFF0ABE01675B7F4FCE0101960E94C7
:10706000847F87FFF0CF8FEFC81AD80AECCF8F92BA
:107070009F92AF92BF92CF92DF92EF92FF920F93C7
:107080001F93CF93DF93CDB7DEB7C855D1400FB66E
:10709000F894DEBF0FBECDBF80911B0F811116C0CB
:1070A00082E090E0C85ADE4F0FB6F894DEBF0FBE04
:1070B000CDBFDF91CF911F910F91FF90EF90DF90A7
:1070C000CF90BF90AF909F908F9008957E0181E9FF
:1070D000E80EF11C18E4F701812F11928A95E9F767
:1070E000CE01875E9E4F0E94C737CE0187529F4FC9
:1070F0000E94C737F70111921A95E9F7CE01875E12
:107100009E4F0E945AD481110BC08091000D809334
:107110001B0F8111C5CF10921A0F1092190FC0CFFB
:1071200010E000E0D12C89E1882E992493948C0EF4
:107130009D1EFCE08F0E911C99EDA92EB12CAC0E7A
:10714000BD1E8CE0A80EB11C15C0AE014F5F5F4F95
:10715000B801CE0187529F4F0E94CC4FCE010196BD
:107160000E94D67FC82E811138C0C5010E9434D438
:10717000CD2CDC2CB401C5010E9478D5882339F0D0
:10718000073EE3E01E0708F3C5010E9434D4CE0198
:10719000875E9E4F0E94A64F882309F4B6CFDD205C
:1071A00049F088E4FE01E75BFF4FD70101900D92A3
:1071B0008A95E1F70E94C33710931A0F0093190FB5
:1071C0001092F80E1092F70E012B11F58EEA94E151
:1071D0000E94DAA581E090E065CF0F5F1F4FDD20B0
:1071E00049F0BE01675B7F4FCE0101960E94847F0C
:1071F00087FF0AC088E4FE013196DE01A75BBF4F1E
:1072000001900D928A95E1F7C5010E9434D4B1CF67
:1072100088E4F701ABE8B4E101900D928A95E1F7BB
:107220000E9444840E948E8090E080E03BCF809159
:107230001B0F811104C01092F50E0C94F3A50E944F
:1072400037B89C0190911C0E9F5F90931C0E2115E6
:10725000310519F41092F50E08952130310571F4BD
:107260009330C0F781E08093F50E0E94D1CA605B35
:107270007F4F7093EF0E6093EE0E0895223031052C
:1072800089F7933078F3D7CF8DEB94E10E942FA646
:1072900081E00E943D5080931B0F1092F50E1092DA
:1072A0001C0E0E9448A40C9417B90E9437B89C0188
:1072B000029721F40E94F3A580E003C081E0232B14
:1072C000D9F7089590911B0F992339F02091190F48
:1072D00030911A0F2115310511F40C948E804091D4
:1072E000F70E5091F80E4F5F5F4F4217530760F053
:1072F000882341F02130310529F081E00E94258466
:107300008823B9F00C9455B90E948E8080E00E94C9
:1073100010B681110EC08091000D882341F06FEDF1
:1073200074E18FEE9CE00E947AE9892B59F30C946A
:10733000F3A50895CF9380911B0F882331F080919E
:10734000190F90911A0F009719F4CF910C9455B919
:107350000E947CD8C82F811105C00E94F3A58C2FF4
:10736000CF9108958091190F90911A0F01979093E2
:10737000F80E8093F70E0E9444840E948E80EFCF17
:1073800090911B0F992339F02091190F30911A0F0A
:107390002115310511F40C948E804091F70E509117
:1073A000F80E452B61F4882341F02230310528F096
:1073B0008FEF0E9425848823B9F00C949AB90E941B
:1073C0008E8081E00E9410B681110EC08091000D68
:1073D000882341F066ED74E18FEE9CE00E947AE92B
:1073E000892B59F30C94F3A508950E943538109217
:1073F000EA048FB7F8941092CE041092CD04109244
:10740000ED0C1092EC0C98E090932F0291E0909389
:1074100034028FBF1092EB0C1092EE0C1092CF043E
:1074200008958091EF0D8093F40D882359F1809198
:107430004B0290914C028630910599F50E94975B22
:107440000E9435388091C013882321F080EC93E1AD
:107450000E94293B1092B60D1092B50D1092AD0D01
:107460001092AE0D1092AF0D1092B00D1092AA0DA9
:107470000E94B1801092A80D1092A70D1092A60D37
:107480001092A50D86E090E090930F0F80930E0F61
:107490001092EF0D0E94BF800E94633681E00C9431
:1074A0006C519C01245031092230310588F40E942E
:1074B000D5550E9435388091C013882321F080EC87
:1074C00093E10E94293B10924A0F1092490FDACFA4
:1074D0000197C1F60E94D555109288141092871416
:1074E00010926114109260140E9435388091C0137C
:1074F000882321F080EC93E10E94293B1092BA048A
:107500001092B904BFCF80910E0F90910F0F813070
:10751000910511F40C9411BA0297029708F051C02A
:1075200080914B0290914C0286309105C9F4809174
:10753000B50D9091B60D0197029740F40E94975BAC
:1075400083E090E09093B60D8093B50D84E090E0D9
:1075500090930F0F80930E0F0E94BF800C946336A0
:10756000019799F48091B9049091BA040197029718
:1075700068F70E94AB5181E08093B80483E090E00B
:107580009093BA048093B904E1CF8091490F909110
:107590004A0F01970297D0F60E94AB519FB7F8941B
:1075A0008091B7049FBF843029F48CE194E10E945C
:1075B0000256CCCF83E090E090934A0F8093490F1E
:1075C000C5CF08954F925F926F927F928F929F9254
:1075D000AF92BF92CF92DF92EF92FF920F931F93E1
:1075E000CF93DF931091EF0D11113DC280915102A5
:1075F00090915202019741F480914B0290914C027C
:10760000069711F40E94633620914D0230914E028C
:1076100040914F025091500260914B0270914C0288
:10762000809153020E94A7AFC0914B02D0914C02AF
:10763000C630D10509F032C101E08091510290912C
:107640005202019709F000E0C0904D02D0904E0226
:10765000E0904F02F0905002C091100FD091110FA6
:107660000E948E850093A90D8091000D81110FC09D
:1076700085ED92E10E9498A785E090E09093B60D89
:107680008093B50D8BE49FE00E944BADECC10E944E
:10769000F5B922E2C21626E5D206E104F10469F04A
:1076A00084E4C8168CEAD806E104F10431F085E0E0
:1076B0008093BB0488EC92E1DDCF60E074E284EF5C
:1076C00090E0A70196010E94BEEC29014B01DA016E
:1076D000C9018097A109B109803E9F4FA105B1055D
:1076E00030F70E94AC608FB7F894D092C804C09273
:1076F000C7045092C6044092C5049092C40480927C
:10770000C3041092C2041092C1041092C0041092DB
:10771000BF041092BE041092BD041092BC0491E00C
:107720009093BB048FBF8FB7F8941092CC04109243
:10773000CB041092CA041092C9048FBFCE010E94DC
:107740009BA9882309F498CFC092B10DD092B20DB5
:10775000E092B30DF092B40D80EC93E10E94404FA3
:10776000811103C089EB92E185CF60E070E080E297
:1077700090E00E94423E811105C08BEA92E10E9496
:1077800098A707C060E070E0CB010E94033C811124
:1077900005C00E94975B0E9435386ECF60E070E0B4
:1077A000CB010E94C4A88823A1F360E072E080E0CE
:1077B00090E00E94033C882361F30E94273D8823C8
:1077C00041F38091BB04813019F08DE992E1D7CF6C
:1077D0000E94CE5A8823C9F381E090E09093B60DC1
:1077E0008093B50D81E08093EF0D82E090E090935F
:1077F0000F0F80930E0F0E94BF800E94D1CA60932A
:10780000E70D7093E80D8093E90D9093EA0D1092C7
:10781000EB0D1092EC0D1092ED0D1092EE0D1092FA
:10782000E30D1092E40D1092E50D1092E60D80919B
:10783000510290915202019761F580914B02909113
:107840004C02069709F021C120914D0230914E0261
:1078500040914F0250915002A5E0B0E00E94F7EC39
:10786000DC01CB010796A11DB11D23E0B695A795BC
:10787000979587952A95D1F7009721E0A207B10542
:1078800020F08FEF9FEFA0E0B0E090939D0D8093EC
:107890009C0D80E00E946C5111E0E5C0CE01049780
:1078A000029708F076C0E090100FF090110F0E9440
:1078B00040568091000D811105C08FE892E10E9431
:1078C000F22A1BC0D093090FC093080F2597E1F04F
:1078D0000E9417568CE991E390932B0280932A0221
:1078E00082E08093290210928F0481E08093B70494
:1078F000C7010E941F7F811116C085E090E0909320
:107900004A0F8093490FBECE0E9417568CEF91E02C
:1079100090932B0280932A0283E08093290281E0D6
:1079200080938F04E2CF80EC93E10E94404F81115D
:1079300003C083E892E1C3CF60E070E080E290E0B2
:107940000E94423E882391F060E070E0CB010E94EB
:10795000033C882359F00E94273D882339F00E9478
:10796000F554811108C08AE692E102C085E792E1F0
:107970000E94025687CE9FB7F894809190049FBFD3
:107980008093910481E090E090934A0F8093490F97
:1079900029CF219709F063C0C091100FD091110F2A
:1079A0000E9489268091000D811105C08CE592E12D
:1079B0000E9498A715C00E9417568CEF91E09093F3
:1079C0002B0280932A0283E08093290281E0809336
:1079D0008F048093B704CE010E94D77E811107C027
:1079E00085E090E09093BA048093B9044BCE80EC8C
:1079F00093E10E94404F811103C081E592E1D8CF0D
:107A00006FE770E081E090E00E94423E8823A1F0A1
:107A100060E070E0CB010E94033C882369F00E9483
:107A2000273D882349F00E9465350E94F554811155
:107A300008C089E392E102C083E492E10E94E35529
:107A400021CE9FB7F894809190049FBF8093A404A7
:107A500081E090E09093BA048093B904C3CE83EEA2
:107A600092E10E94D8AB812FDF91CF911F910F91AE
:107A7000FF90EF90DF90CF90BF90AF909F908F904E
:107A80007F906F905F904F9008952FB7F8948091FA
:107A90000B0F90910C0F2FBF9093A30D8093A20D0D
:107AA0008091E70D9091E80DA091E90DB091EA0D5C
:107AB00080939E0D90939F0DA093A00DB093A10D68
:107AC000E8CECF92DF92EF92FF920F931F93CF9366
:107AD000DF931F921F92CDB7DEB780910E0F90916A
:107AE0000F0F20915102309152028130910519F50A
:107AF000232B81F08091510290915202019781F4E1
:107B00009FB7F89480910D0F10920D0F9FBF8111B8
:107B100005C006C00E946751882361F30E94E2BA43
:107B20000F900F90DF91CF911F910F91FF90EF90E9
:107B3000DF90CF900895AC01425051094230510579
:107B4000E0F4232BD1F4029791F080910E0F9091E5
:107B50000F0F039791F48091AC0E81110EC00E941B
:107B60006751811157C081E08093AB0E06C00E941F
:107B700067518111EACF0E9439AD809151029091F5
:107B80005202019741F580910E0F90910F0F0297CD
:107B900011F580914B0290914C02069721F18FB71D
:107BA000F89400910B0F10910C0F8FBF0E94D1CA57
:107BB0002091A20D3091A30D20173107A9F1109348
:107BC000A30D0093A20D60939E0D70939F0D809363
:107BD000A00D9093A10D80914B0290914C028630A4
:107BE000910509F055C18091B50D9091B60D9C019C
:107BF000215031092230310508F06BC09FB7F8944D
:107C00008091BB049FBF843019F580E993E10E9405
:107C100098A723C08091AB0E882309F4AECF1092B1
:107C2000AB0E0E94EEABA9CF00919E0D10919F0D5F
:107C30002091A00D3091A10D601B710B820B930B55
:107C4000683873418105910530F20E9483BAC3CF31
:107C500080E00E949FA781110BC00E94975B0E9449
:107C6000353885E090E09093B60D8093B50D02C055
:107C70000E949CC780915102909152020197A9F4F1
:107C800080910E0F90910F0F029779F480919C0DC7
:107C900090919D0D009749F02091A70D3091A80D6E
:107CA0002817390710F00E9483BA8091B50D909182
:107CB000B60D8330910509F4D1C008F093C381302B
:107CC000910509F4D5C0029709F02ACF83E090E02E
:107CD000C7C0039779F60E94A380892B11F081E039
:107CE000B8CF8091460F8111C3CF8091AA0D811129
:107CF0006DC00E944D3D8111BDCF8091AA0D8111B3
:107D0000B9CF81E08093AA0D1092AC0D1092AB0D0B
:107D10008FB7F8949091BC04992371F09091BE04B0
:107D20009093AC0D9091BD049093AB0D1092BE0456
:107D30001092BD041092BC048FBF6091AB0D6623FE
:107D400009F498CF8091420F882321F08091AC0DE7
:107D50000E9442B56091AB0D4091AC0DE0ECF1E1B9
:107D600090E080E0A1E0B0E0861770F49D01082E5D
:107D700001C0220F0A94EAF7242321F02BEE21936D
:107D80000196F2CF24E1FBCF70E080EC91E10E94FC
:107D9000E23F2091AB0D2817190619F081E893E115
:107DA00036CF8091AD0D9091AE0DA091AF0DB091F9
:107DB000B00D820F911DA11DB11D8093AD0D90934B
:107DC000AE0DA093AF0DB093B00D54CF0E944D3DBA
:107DD000811150CFC090AD0DD090AE0DE090AF0DA1
:107DE000F090B00DC0FC17C082E0D80EE11CF11C71
:107DF0006091AD0D7091AE0D8091AF0D9091B00D71
:107E00000E94C4A881111BC080914B0F811125CF06
:107E100087E693E1FCCE1092C01161E070E080EC47
:107E200091E10E94E23F019719F085E793E1EFCEDF
:107E300091E0C90E92E0D91EE11CF11CD9CFC70117
:107E4000B6010E947E3D8823F9F20E94273D8823D7
:107E5000D9F20E94353884E090E005CF84E090E0CC
:107E600090930F0F80930E0F5BCE0E94D39B58CE42
:107E700080910E0F90910F0F049709F451CE82E07C
:107E800090E090930F0F80930E0F0E94BF8048CE1A
:107E90009C01245031092230310508F0A8C08FB769
:107EA000F8942091B7048FBF8091490F90914A0FA9
:107EB000AC014150510942305105A0F488EA93E1E8
:107EC000243009F491C00E946742882321F00E9467
:107ED0008040811102C00E94E1D98091490F9091A8
:107EE0004A0FE7CE0397C9F70E946742882399F3A8
:107EF0000E948040882379F30E94322B892B69F7F6
:107F00008091950490919604892B39F7809194047F
:107F10008111E3CF809193048111DFCF809192048E
:107F20008111DBCF0E9433278111D7CF8091970435
:107F3000E82FF0E0DF01AA0FBB1FA05FB24F2D9129
:107F40003C91232B51F0E056FB4F9081911105C0DD
:107F500091E090838927809397040E946742882349
:107F600009F4B9CF8091A0048111B7CF8091A10409
:107F70008111B3CF8091100D9091110D892B09F0D3
:107F8000ACCF8091120D9091130D892B09F0A5CFE4
:107F90000E944D3D8111A1CF60919C0470919D0480
:107FA00080919E0490919F040091980410919904EF
:107FB00020919A0430919B04601771078207930700
:107FC00089F40E947E3D882369F00E94273D882322
:107FD00049F00E94353884E090E090934A0F8093F6
:107FE000490F7BCF8DE993E10E94025676CF01972E
:107FF00009F096CD8FB7F8942091B7048FBF809188
:10800000B9049091BA040197039708F019C18FE061
:1080100094E1243091F18091B604882309F451C091
:108020000E944D3D8111D6C110920F0D10920E0D80
:1080300010920D0D10920C0D1092B5041092B40414
:108040001092B3041092B2041092AE041092AF04D6
:108050001092B0041092B1041092030D1092040D0E
:108060001092050D1092060D60E070E0CB010E94A9
:10807000033C811105C086E094E10E94E355AAC14A
:108080008091A2049091A3040097A9F30E94FDB5EA
:10809000882389F31092B60481E08093AD04409167
:1080A000070D5091080D6091090D70910A0D411551
:1080B0005105E1E06E077105B8F110928814109235
:1080C00087140E941B40882309F47BC08091AC0474
:1080D0008111B6C022E0E22EF12CCC24C394D12C25
:1080E00001E08091B9049091BA04E091B204F0E00B
:1080F000EC54FB4F20812111A3C02091B604211123
:108100009FC0039721F48091AC048111A0C080919D
:10811000A904882309F43FC01092A9040E94F551D4
:10812000882309F44EC0DDCF22E030E0309388147C
:1081300020938714109261141092601425E030E0AF
:1081400030936F1420936E14109273141092721463
:108150001092741410927514109276141092771471
:10816000109278141092791410927A1410927B1451
:1081700040937C1450937D1460937E1470937F140D
:108180001092811410928014109283141092821411
:108190008093841496CFCE0101960E94142B8823DD
:1081A00009F44EC08091AA049091AB0481309105EE
:1081B00079F41092AB041092AA048981803108F0FE
:1081C000ADCF80914B0F811138C08BEF93E155CF2C
:1081D000029761F41092AB041092AA040E9421321B
:1081E0008091A40480278093A4047BCF198111304F
:1081F00029F4D092AB04C092AA0473CF123019F4C0
:108200000E9421326ECF133029F4F092AB04E09239
:10821000AA0467CF212F30E094E0359527959A95F1
:10822000E1F71F702115310561F2822F0E94F5518F
:10823000882339F21093A90454CF90E080E01DCF39
:108240008091B9049091BA04039709F0C3C080915A
:10825000AC04811118C08091B804882309F4FECDC4
:108260000E94322B892B09F0B5C08091AA0490910D
:10827000AB04892B09F0AEC08091A9048111AAC07A
:108280008CEE93E1FACE0E94DA260E941B40811107
:1082900003C082EE93E1F1CE8091B40481119AC0C3
:1082A0008091B504811196C080910C0D90910D0DB7
:1082B000892B09F08FC080910E0D90910F0D892BA5
:1082C00009F088C00E944D3D811184C06091030D6A
:1082D0007091040D8091050D9091060D0091A504FB
:1082E0001091A6042091A7043091A804601771078B
:1082F0008207930709F073C00091AE041091AF0498
:108300002091B0043091B104601771078207930780
:1083100009F065C00E947E3D882309F460C00E9478
:10832000273D882309F45BC00E94353810928814D9
:108330001092871410926114109260148091010DB4
:108340009091020D8B3008F03FC0BE016F5F7F4FF0
:108350000E9469318823C1F1E981FA81E131A0F5F8
:10836000FF27EE0FFF1FEA54FC4E059114910115F3
:10837000110551F160EC73E180EC91E10E94B6D9F6
:10838000882311F1A80160E870E080E692E10E9484
:10839000F4D900E612E1F80101900020E9F78F011D
:1083A0000156124180EC91E10E94404F882361F018
:1083B000B80180E692E10E94E23F8017910711F434
:1083C0000E94273D0E94353884E090E09093BA04E3
:1083D0008093B9048091B9049091BA046ACC88ED75
:1083E00093E14BCE8430910509F43FCD059709F018
:1083F00097CB8BE49FE00E944BAD92CB653048F465
:1084000070E0660F771F680F791FFB0181819281F1
:1084100008956B3050F46550770B660F771F680F27
:10842000791FFB018685978508956D3051F06B505B
:10843000770B660F771F680F791FFB01848D958D71
:10844000089590E080E008958150823108F05AC08C
:10845000E82FF0E08827E05DFD438F4F0C94E0ECBF
:1084600050C254C242C248C24CC282C257C25DC24C
:1084700061C267C26BC26FC275C279C282C27DC25D
:1084800083C287C2809180008F7780938000089597
:10849000809180008F7DF9CF80918000877FF5CF1C
:1084A00084B58F7784BD089584B58F7DFBCF80918F
:1084B000B0008F778093B00008958091B0008F7DD9
:1084C000F9CF809190008F778093900008958091EC
:1084D00090008F7DF9CF80919000877FF5CF8091BC
:1084E000A0008F778093A00008958091A0008F7DD9
:1084F000F9CF8091A000877FF5CF809120018F7701
:10850000809320010895809120018F7DF9CF809183
:108510002001877FF5CFAF92BF92CF92DF92EF928B
:10852000FF920F931F93CF93DF936C017B018B011D
:10853000040F151FEB015E01AE18BF08C017D1076D
:1085400059F06991D601ED91FC910190F081E02DF7
:10855000C6011995892B79F7C501DF91CF911F913C
:108560000F91FF90EF90DF90CF90BF90AF90089564
:108570000895FC019C01255F3F4F80E080FB8795BB
:1085800087F99191890FE217F307C1F70895809158
:108590007B00877F80937B0080E480937C008091C8
:1085A0007A00806480937A0080917A0086FDFCCF07
:1085B00080917800909179000895FC01019000204D
:1085C000E9F73197AF01481B590BBC018AE897E1E5
:1085D0000C948BC2CF93DF93E8EAFBE18491E2E64F
:1085E000FBE1D491ECE1FBE1C491CC23A1F081113A
:1085F0000E9424C2EC2FF0E0EE0FFF1FE150F54E79
:10860000A591B491EC91ED2381E090E009F480E034
:10861000DF91CF91089580E090E0FACFAF92BF92C2
:10862000CF92DF92FF920F931F93CF93DF93EB01D3
:108630005A018C0198012F5F3F4FD8018C918032F5
:10864000D1F0198308831F821E82F801DF01FD909B
:108650006D01FF2031F1BFE2FB1619F1F7FE0DC0ED
:1086600080E0DF91CF911F910F91FF90DF90CF902D
:10867000BF90AF9008958901DDCF8F2D0E94129A8F
:108680008111EECFC601801B910BEEE2FE1639F090
:10869000F0E2FF1621F09F838E83DD82CC82F6010B
:1086A000D5CF8E819F8101978F3F9105C8F62E2FE0
:1086B0009F2F81918032D9F38F32C9F3D5012C934A
:1086C00011969C930C811D8128813981FE013A9677
:1086D000CE01459640E241938E179F07E1F781E076
:1086E000F90190819E3209F480E0F9012F5F3F4F3C
:1086F00090819E32D1F3980121503109E217F3079E
:1087000020F4D9019C919E32B9F740E067E0A0E0E7
:1087100050E078E0E017F10708F045C090819E3204
:1087200041F42E173F0769F46AE0A8E070E1319642
:10873000F1CF9232A1F09C3791F0B5EAB90FB33086
:1087400070F0B6EDB90FB63010F49D3241F4B6ECCE
:10875000B90FB63020F0BFEDB90FBE3528F0907CD0
:108760009038B9F580E0E3CF6A1740F46A30D1F071
:108770002E173F07B8F0F9013197F4CFBFE9B90FD1
:10878000BA3158F59052472BFF24F394FA0EAC0FF0
:10879000BD2FB11D1A969C93B6E0BF1508F0F88660
:1087A000AF2DC5CF80E09A85903209F459CF882348
:1087B00029F0542309F042E0498753CF81E08987AB
:1087C0008885C80FD11D8EE78A8781E38B8781E07A
:1087D00048CF80E09FE56A1748F2BFEBB90FBA3186
:1087E00098F6572BD1CF3F924F925F926F927F9224
:1087F0008F929F92AF92BF92CF92DF92EF92FF92B1
:108800000F931F93CF93DF93CDB7DEB7A0970FB62B
:10881000F894DEBF0FBECDBF7B01DB011C92FC01D3
:10882000C0A8D1A8C114D10409F4D9C019821A82F0
:108830001B82D6018C91882309F4CCC013969C919D
:1088400091115EC0807CF9F08FE2FB018083118280
:1088500001E010E0C801A0960FB6F894DEBF0FBE8D
:10886000CDBFDF91CF911F910F91FF90EF90DF90DF
:10887000CF90BF90AF909F908F907F906F905F90C0
:108880004F903F90089560E0C6010E947A88FC01F5
:10889000009709F49FC05C0100E068E020E0D5018A
:1088A0008C912830A9F4803229F160E19EE2402FBA
:1088B00050E06A013FEFC31AD30A80E4C816D1041E
:1088C00008F088C00F5F4E0D5F1DDA019C930FC04A
:1088D000BFEFAB1ABB0A982F3FEB380F3A3128F4A1
:1088E0003485362311F0905EE2CF803201F72F5F9E
:1088F0002C30A9F610E0F701E00FF11F1082AACF8B
:10890000F60180859185A285B3859E012F5F3F4F3B
:108910002901892B8A2B8B2B09F046C06681778130
:10892000C9010E944487882309F454C066246394D3
:10893000712C10E000E0D60113968C9113978615E8
:10894000D0F214966D917C9166197709C2010E944C
:10895000C3895C010097F1F1FC0183858F30D1F56B
:1089600080818F71681236C04701800E911E312CB4
:10897000632DC5010E94FEC1009709F4BCCF0F5FB3
:108980001F4F0034110530F58F37910510F08FE33C
:1089900090E0D4018D934D013394BDE03B12E8CFBC
:1089A000EFEF6E1A7E0AC7CF80E2D9011D928A9539
:1089B000E9F780E1898381E08B83868197819887BD
:1089C0008F8380859185A285B3858D8F9E8FAF8F94
:1089D000B8A3ACCFD7011C9210E000E03BCFA2A817
:1089E000B3A8A114B104C1F3D5019C968C9188233E
:1089F00081F182E0D82E10E000E0F50183A58D150D
:108A000008F479CF40E06D2DC5010E948F92009748
:108A100001F1DC012C91213CE1F4FC013296D701FB
:108A2000A00FB11F8096219131912115310509F4D4
:108A300062CF0F5F1F4F0034110558F42F373105F7
:108A400010F02FE330E02D938E179F0761F7D3943A
:108A5000D4CFF7011082C0CF2091871430918814B1
:108A60002130310521F41092861410928514109251
:108A70006F1410926E14813024E0920728F1109246
:108A800071141092701490E080E0909372148093AF
:108A9000731410927414109275141092761410922C
:108AA0007714109278141092791410927A1410920C
:108AB0007B141092811410928014109283141092DF
:108AC00082141092841408959C0183E0220F331FB6
:108AD0008A95E1F7309371142093701491E080E04F
:108AE000232B99F690E0D1CFCF92DF92EF92FF92B5
:108AF00040917014509171144115510509F447C00B
:108B00009C0173E0220F331F7A95E1F7E4E0880FB0
:108B1000991FEA95E1F784179507C8F1CA01880FF4
:108B2000991F840F951F8217930788F12D3C8CE0C5
:108B30003807B0F4443D88E0580790F484E1829F00
:108B4000B001839F700D11248DE1849F9001859F5A
:108B5000300D112441E06217730798F440E011C012
:108B6000A4E1B0E00E94E8EC6B017C019A01ADE168
:108B7000B0E00E94E8EC41E0C616D706E806F90628
:108B800068F3842FFF90EF90DF90CF9008954FEF20
:108B9000F8CFE0916014F0916114EF2B51F59093B0
:108BA0006114809360146093621420936314309373
:108BB00064144093651450936614809180149091CE
:108BC000811490936814809367148091821490911B
:108BD000831490936A148093691480917214909115
:108BE000731490936C1480936B148091841480930D
:108BF0006D1408955F926F927F928F929F92AF92C1
:108C0000BF92CF92DF92EF92FF920F931F93CF9379
:108C1000DF93EC014B013A01590147E050E06DED63
:108C20007AE10E948CE9F3015080892B09F05FC042
:108C30005520B9F081E0F6018083A701B801C50194
:108C4000DF91CF911F910F91FF90EF90DF90CF9028
:108C5000BF90AF909F908F907F906F905F900C949B
:108C60002A66FE01379699F455245394852DDF9199
:108C7000CF911F910F91FF90EF90DF90CF90BF9019
:108C8000AF909F908F907F906F905F9008958F81AD
:108C9000882351F390E080E03AE021912223B1F063
:108CA00020532A3008F78A3949E19407E8F68939D0
:108CB00049E1940711F42630B8F6389FA001399F96
:108CC000500D1124CA01820F911DE7CF009761F268
:108CD00021E08816990609F020E0F3012083881628
:108CE000990611F6F5011082F8011082BDCF5520CA
:108CF00009F4BACF45E050E067ED7AE1CE010E9479
:108D00008CE9892B91F4BE016B5F7F4FFB010190D1
:108D10000020E9F73197E61BF70BAF014F5F5F4F7C
:108D2000C5013C97E8F0512CA1CF46E050E060ED42
:108D30007AE1CE010E948CE9892B09F095CFBE0122
:108D40006A5F7F4FFB0101900020E9F73197E61B36
:108D5000F70BE530F10538F7AF014F5F5F4FC80102
:108D60000E943FEE83CF0F931F93CF93DF93CDB736
:108D7000DEB76C970FB6F894DEBF0FBECDBF2FEFF6
:108D8000260F283660F080E06C960FB6F894DEBFB0
:108D90000FBECDBFDF91CF911F910F910895883005
:108DA00021E1920709F048C0FE0171968CE0DF01D5
:108DB0001D928A95E9F783EC8F8788E0888B81E1A3
:108DC000898BDE0111969E01215F3F4F89015A2F49
:108DD0004B2F1097C1F2F90161919F0190E080E063
:108DE0008D30910509F443C0FC01E053F64EE49147
:108DF0006E133DC08D93A017B10759F7E0EDFFE06A
:108E000080E7DF011D928A95E9F781E08093C00F2A
:108E10008EE0E52FF42FA1ECBFE001900D928A9532
:108E2000E1F78DE08093CF0F80E88093D60F80ED3F
:108E30008093D70F81E0A8CF8115904C09F0A3CF84
:108E400081E28F8788E0888B81E1898B8A8B1B8AFE
:108E500080EC8C8B91E09D8B6E8B1F8A9DEE988FA2
:108E600090EB998F93EC9A8F1B8E8C8FAACF0196E3
:108E70008115F1E09F0709F0B3CF85CFE4E8FFE06B
:108E800080E09191992311F09D3059F4E82FF0E0A2
:108E9000EC57F04F882349F09291903231F4815091
:108EA000F9CF8F5F813169F7F1CF0895009761F4B1
:108EB00046EC59E161E170E08EE59FE00E94989DEB
:108EC00086E080935D0F089540E150E0BC018EE59F
:108ED0009FE00E9466EE10926E0FF2CFFC01319778
:108EE000E730F10538F58827E758F8438F4F0C94A1
:108EF000E0EC88C78BC78EC794C797C780C791C758
:108F00008FE090E09093480F8093470F81E00895A1
:108F100086E090E0F7CF87E090E0F4CF88E090E043
:108F2000F1CF80E190E0EECF89E090E0EBCF8AE0F6
:108F300090E0E8CF80E008951F93CF93DF93D4E0D3
:108F40001FEF4091460F442329F18091450F509126
:108F50005502851719F190E4899F9001112420543E
:108F6000304FC0E49091440F9C1718F11092440FB9
:108F7000851304C0109355021092430F8F5F8770C2
:108F80008093450F41504093460FDBCF8093440FB1
:108F9000D111D7CFDF91CF911F910895C091430F89
:108FA000CC2321F3E0E48E9F900111242054304F14
:108FB000D9CF8091420F882339F0290F311D68E005
:108FC000F90180810E9442B58091440F8F5FD1509A
:108FD0008C17E0F21092440F8091450F909155024A
:108FE000891304C0109355021092430F8F5F87704E
:108FF0008093450F8091460F81508093460FC8CFD4
:109000004091A60F242F3091A70F532F52955F70D8
:1090100090E0FC01E155F04F5A3030F5505D50833F
:10902000FC01E055F04F532F5F705A30F8F4505D5B
:109030005083FC01EF54F04F54E0369527955A9534
:10904000E1F72F702A30A0F4205D2083FC01EE545C
:10905000F04F242F2F702A3068F4205D20838D5428
:10906000904FFC0110820895595CD9CF595CE0CF34
:10907000295CEBCF295CF2CF1F93CF93DF93282F8E
:1090800030E0F901EB55F44E8491F901E15AF44EC8
:10909000D491F901E75EF44EC491CC23A9F0162FC8
:1090A00081110E9424C2EC2FF0E0EE0FFF1FE45567
:1090B000F64EA591B4918FB7F894EC91111108C0B8
:1090C000D095DE23DC938FBFDF91CF911F91089560
:1090D000DE2BF8CF1092D31460E082E00C943CC8F1
:1090E0009FB7F894809171008B7F809371001092EC
:1090F00090001092910084E088BB80916F0F8130C6
:1091000011F410926F0F9FBF0E946AC80C94A15C6B
:10911000CF93DF93EC0160E08E810E943CC861E058
:109120008E810E943CC860E08E810E943CC88BE822
:1091300091E00197F1F7DF91CF910895CF92DF92FF
:10914000EF92FF920F931F93CF93DF936C017C01FB
:1091500087E0E80EF11CD0E0C0E0062F10E0B80177
:109160000C2E02C0759567950A94E2F76170F701BD
:1091700081917F010E943CC82196C430D10579F7C6
:10918000C601DF91CF911F910F91FF90EF90DF907B
:10919000CF900C9488C8CF92DF92EF92FF920F93FA
:1091A0001F93CF93DF93EC01F62E642F8C810E94E6
:1091B0003CC88D818F3F19F060E00E943CC80F2DA4
:1091C00010E08F8584FF25C06E0187E0C80ED11C9A
:1091D000F12CE12CB8010E2C02C0759567950A940C
:1091E000E2F76170F60181916F010E943CC8FFEFC8
:1091F000EF1AFF0A88E0E816F10461F7CE01DF916B
:10920000CF911F910F91FF90EF90DF90CF900C9432
:1092100088C8B80184E0759567958A95E1F7CE0115
:109220000E949EC86F2DCE01DF91CF911F910F91AB
:10923000FF90EF90DF90CF900C949EC840E0682F95
:109240008AE897E10C94CBC881E00E941EC98BE3A9
:109250009FE10197F1F7089590919D17891710F0FC
:109260008FEF890FE82FF0E0E657F84E8489806889
:109270000C941EC9CF93DF93CDB7DEB761970FB6BD
:10928000F894DEBF0FBECDBFAC0161E170E0CE014E
:1092900001960E94AC9DFE01319680E09191911162
:1092A0000CC0E1E0F0E0EC0FFD1FE80FF11D90E2D3
:1092B0008F5F91938031E1F703C08F5F803171F749
:1092C000198A80E00E942CC9CE0101960E94DDC25D
:1092D00061960FB6F894DEBF0FBECDBFDF91CF9180
:1092E000089541E00E94CBC881E090E00895CF93BB
:1092F000DF9390E0FC01E15AF44E2491875E944E96
:10930000FC0184918823C9F090E0880F991FFC012B
:10931000EE56F64EA591B491FC01E455F64EC5917A
:10932000D49161110DC09FB7F8948C912095822340
:109330008C938881282328839FBFDF91CF91089544
:10934000623051F49FB7F8943C91822F809583232B
:109350008C93E8812E2BEFCF8FB7F894EC912E2BC6
:109360002C938FBFEACFCF93DF93823029F4909173
:10937000991798609093991780939D1710929E1754
:1093800080E480939F1780E18093A01780E580930D
:10939000A11761E080918E170E9477C980918F1785
:1093A0008F3F19F061E00E9477C961E080919017CA
:1093B0000E9477C9CAE8D7E19E012A5837418091B7
:1093C000991784FD0BC084E090E021962817390797
:1093D00044F461E08E810E9477C9EECF88E090E08E
:1093E000F4CF8BE39DE00197F1F760E080918E1759
:1093F0000E943CC860E0809190170E943CC8809118
:109400008F178F3F19F060E00E943CC88091991738
:1094100084FD34C063E08AE897E10E949EC8CBE4F3
:10942000D6E4CE010197F1F763E08AE897E10E9464
:109430009EC82197F1F763E08AE897E10E949EC8F1
:1094400083E592E00197F1F762E08AE897E10E94F4
:109450009EC88091991780620E941EC984E0809303
:109460009A178CE00E941EC90E9424C982E0809352
:109470009B1786E0DF91CF910C941EC980620E94F9
:109480001EC98BE496E40197F1F7809199178062E9
:109490000E941EC983E592E00197F1F78091991728
:1094A00080620E941EC9D5CF3FB7F8948091CF1734
:1094B0009091D017A091D117B091D21726B5A89B43
:1094C00005C02F3F19F00196A11DB11D3FBFBA2F56
:1094D000A92F982F8827BC01CD01620F711D811D16
:1094E000911D42E0660F771F881F991F4A95D1F79B
:1094F00008958F929F92AF92BF92CF92DF92EF9298
:10950000FF924B015C010E9454CA6B017C010E94D6
:1095100054CA6C197D098E099F09683E7340810504
:109520009105A8F321E0821A9108A108B10888EEFC
:10953000C80E83E0D81EE11CF11C81149104A10423
:10954000B10429F7FF90EF90DF90CF90BF90AF90DC
:109550009F908F900895CF92DF92EF92FF92CF93DA
:10956000C0E2C12CD12C76010E94C7C2C80ED91E00
:10957000E11CF11C65E070E080E090E00E9479CA97
:10958000C15091F7D701C60125E0B695A7959795EB
:1095900087952A95D1F7CF91FF90EF90DF90CF90EC
:1095A00008952FB7F8946091CB177091CC178091E4
:1095B000CD179091CE172FBF08954F925F926F9263
:1095C0007F928F929F92AF92BF92EF92FF920F93F2
:1095D0001F93CF93DF93FB01C0E02191222309F475
:1095E00075C0CF5FCF33C9F77B018C0180915C0FD1
:1095F00081110DC081E080935C0F0E94D1CA6093FD
:10960000D3177093D4178093D5179093D617D1EFB3
:10961000DC0F2D2F30E0ACE2B1E00E94E8EC4B0112
:109620005C010E94D1CA4090D3175090D41760902B
:10963000D5177090D6176419750986099709A50181
:1096400094012053384F4F4F5F4F0E94BEEC603B58
:1096500024E072078105910508F44BC0605B7440FB
:1096600081099109681579058A059B0550F42CE25A
:1096700031E040E050E00E94BEEC2F5F2D1708F46F
:10968000D22FD80190E080E04D2F50E02D2F280FF1
:109690002C1788F5FA01E80FF91FEE0DFF1D208148
:1096A0002D9301968F30910589F7F8011786DF9188
:1096B000CF911F910F91FF90EF90BF90AF909F902F
:1096C0008F907F906F905F904F900895C03108F019
:1096D0008BCFDF91CF911F910F91FF90EF90BF90B3
:1096E000AF909F908F907F906F905F904F900C9471
:1096F000E99ED0E0C6CF20E2D3CF1F920F920FB6E3
:109700000F9211242F933F938F939F93AF93BF9307
:109710008091CB179091CC17A091CD17B091CE1717
:109720003091CA1723E0230F2D3758F50196A11D5C
:10973000B11D2093CA178093CB179093CC17A09399
:10974000CD17B093CE178091CF179091D017A091DD
:10975000D117B091D2170196A11DB11D8093CF17DB
:109760009093D017A093D117B093D217BF91AF9118
:109770009F918F913F912F910F900FBE0F901F904F
:10978000189526E8230F0296A11DB11DD2CF8FEFA9
:109790000C943350CF93DF93FC012485222349F0AE
:1097A000EC0161E082850E943CC88FEF0E9433503B
:1097B0001C86DF91CF9108950F931F93CF93DF9372
:1097C0008C01862FEA010E943350FE0181918EBDEB
:1097D000DE5FEC17FD0741F08191000000000DB441
:1097E00007FEFDCF8EBDF5CF0DB407FEFDCF8FEF89
:1097F0000E9433508FEF0E9433500E94C7CBF80174
:1098000086878F71853059F081E28387C8010E9475
:10981000CACB80E0DF91CF911F910F91089581E035
:10982000F9CFCF93DF93FC012485211110C0EC0107
:10983000828193810E943A5081E08C8760E08A8522
:109840000E943CC88FEFDF91CF910C943350DF9191
:10985000CF9108950F931F93CF93DF93EC010C8565
:10986000011102C00E9411CC0E94C7CB11E08F3FB2
:1098700009F410E0011103C0CE010E94CACB812F70
:10988000DF91CF911F910F910895CF93DF93FC014A
:10989000C081D1810E94D1CAC61BD70B8D2F881FD2
:1098A0008827881FDF91CF9108950F931F93CF933F
:1098B000DF931F921F92CDB7DEB78C010E94D1CAF1
:1098C000600F711F7A8369830E94C7CB8F3F71F04D
:1098D000CE0101960E9445CC8823B1F380E00F9021
:1098E0000F90DF91CF911F910F91089581E0F7CFF5
:1098F0001F93CF93DF93EC0188E592E00E9455CC53
:10990000182F882361F08DEF0E943350CE010E9402
:10991000CACB1D86812FDF91CF911F9108958FE1D2
:109920008B87CE010E94CACBF5CFDF92EF92FF92D8
:109930000F931F93CF93DF93EC01162F022FF32E7B
:10994000E42ED52E0E940ECE8823C1F18C85811184
:1099500003C0CE010E9411CC111128C0812F806458
:109960000E9433508D2D0E9433508E2D0E94335013
:109970008F2D0E943350802F0E94335087E81111A1
:1099800001C085E90E9433500E94C7CB1AE00E94B3
:10999000C7CB8E8787FF02C01150C9F7DF91CF91E7
:1099A0001F910F91FF90EF90DF9008951C30B1F25E
:1099B0008CE291E00E9455CC8111D0CF8FEFEECF99
:1099C0008F929F92AF92BF92CF92DF92EF92FF92CF
:1099D0000F931F93CF93DF93EC014A015B01690161
:1099E0008D85823049F48C819D81AE81BF8188153F
:1099F0009905AA05BB0571F18F85A50194018330F6
:109A000039F089E0220F331F441F551F8A95D1F783
:109A100069E1CE010E9495CC8823B1F08EE08B875E
:109A2000CE010E94CACBCE010E94CACB80E0DF915A
:109A3000CF911F910F91FF90EF90DF90CF90BF904B
:109A4000AF909F908F90089582E08D878C829D8249
:109A5000AE82BF82F12CE12CE016F106A9F088E578
:109A600092E00E9455CC811102C085E2D8CFA601B8
:109A70006CEFCE010E94DCCB882391F28FEFE81AC5
:109A8000F80A8EEFD81AE8CF8C819D81AE81BF8114
:109A90008E0D9F1DA11DB11D8C839D83AE83BF8341
:109AA00088858111C4CFCE01DF91CF911F910F9195
:109AB000FF90EF90DF90CF90BF90AF909F908F90EE
:109AC0000C9478CCEF92FF920F931F93CF93DF9378
:109AD000EC0179018885882371F001E010E0CE0166
:109AE0000E94E0CC182F812FDF91CF911F910F9111
:109AF000FF90EF9008958F85833039F089E0440F0F
:109B0000551F661F771F8A95D1F79A01AB0168E14F
:109B1000CE010E9495CC882339F08DE08B87CE0151
:109B20000E94CACB10E0DFCFA7016EEFCE010E94EA
:109B3000DCCB8823A1F388E592E00E9455CC182F56
:109B400084E2112359F320E030E0A9016DE0CE0159
:109B50000E9495CC882311F08AE0E0CF0E94C7CB09
:109B60008111FACFCE010E94CACBBDCFEF92FF92F6
:109B70001F93CF93DF93FC01208111E020FF12C0DF
:109B8000EC017C01FCE0EF0EF11C4B815C816D81EE
:109B90007E81970189819A810E9462CD182F81115F
:109BA00008C010E0812FDF91CF911F91FF90EF90BF
:109BB0000895888181FD04C088818E7F8883F2CFDB
:109BC0004B815C816D817E818F819885A985BA8565
:109BD000480F591F6A1F7B1F970189819A810E9434
:109BE00062CD8111E9CFDDCFCF93DF93EC011D86EC
:109BF00020E030E0A9016CE00E9495CC882349F078
:109C000089E08B87CE010E94CACB80E0DF91CF91A3
:109C10000895CE010E94CACB81E0F8CFFC012585D2
:109C2000223011F40C9478CC213011F40C94F4CD42
:109C300081E00895CF92DF92EF92FF920F931F93EE
:109C4000CF93DF931F921F92CDB7DEB78C017B01BC
:109C50006A010E94D1CA645D7E4F7A8369830E9443
:109C6000C7CBF80186878F3FC1F4CE0101960E94D1
:109C700045CC8823A1F38EE1F8018387C8010E94B7
:109C8000CACB80E00F900F90DF91CF911F910F9181
:109C9000FF90EF90DF90CF9008958E3F11F089E113
:109CA000EBCF8FEF8EBDF701C6013FEF019749F073
:109CB000000000000DB407FEFDCF2EB53EBD219380
:109CC000F5CFF1E0CF1AD108EC0CFD1C0DB407FE66
:109CD000FDCF8EB5F7018083F80116860E94C7CBB1
:109CE0000E94C7CB81E0CECF8F929F92AF92BF925E
:109CF000CF92DF92EF92FF920F931F93CF93DF9358
:109D0000EC014A015B0169018D85813049F48C8148
:109D10009D81AE81BF8188159905AA05BB0559F1C2
:109D20008F85A5019401833039F089E0220F331F1C
:109D3000441F551F8A95D1F762E1CE010E9495CC50
:109D4000882399F08CE08B87CE010E94CACB80E0FB
:109D5000DF91CF911F910F91FF90EF90DF90CF9007
:109D6000BF90AF909F908F90089581E08D878C82F7
:109D70009D82AE82BF82F12CE12CE016F10671F0DB
:109D800040E052E0B601CE010E941ACE882301F3D2
:109D90008FEFE81AF80A8EEFD81AEFCF8C819D81E9
:109DA000AE81BF818E0D9F1DA11DB11D8C839D8332
:109DB000AE83BF8388858111CBCFCE01DF91CF9158
:109DC0001F910F91FF90EF90DF90CF90BF90AF90D9
:109DD0009F908F900C94F4CD8F929F92AF92BF92F0
:109DE000FF920F931F93CF93DF93DC011196ED91B8
:109DF000FC91EF2B61F490E080E0DF91CF911F9117
:109E00000F91FF90BF90AF909F908F900895F22E8A
:109E10004A015B01EC018B819C81AD81BE8188157B
:109E20009905AA05BB0561F0CE010E94B6CD882335
:109E300011F3F2FE0DC018828B829C82AD82BE822D
:109E40002F2D2370F880F22AF882CE010C96D5CF00
:109E500001E010E09E01245F3F4FB501A40189811C
:109E60009A810E9474CE8111E6CFC5CF8F929F92C6
:109E7000AF92BF92CF92DF92EF92FF920F931F9318
:109E8000423051056105710560F480E01F910F912A
:109E9000FF90EF90DF90CF90BF90AF909F908F900A
:109EA0000895FC01C18CD28CE38CF48CC416D506C9
:109EB000E606F70650F3480159016A0185818032B0
:109EC00049F585899689A789B08D17E076956795BC
:109ED000579547951A95D1F7480F591F6A1F7B1F51
:109EE000868123E0823009F021E0CF0184960E9430
:109EF000ECCE009751F2CC0CDD1CCC0CDD1CF1E05B
:109F0000DF228C0D9D1DFC0180829182A282B38292
:109F100081E0BCCF803109F0B8CF45895689678987
:109F2000708D4D0D511D611D711D868123E08230A4
:109F300009F021E0CF0184960E94ECCE009709F44D
:109F4000A4CFCC0CDD1CF1E0DF22C80ED91EF60137
:109F500091828082DDCFCF92DF92EF92FF920F93BA
:109F60001F93CF93DF93423051056105710550F483
:109F70008FEFDF91CF911F910F91FF90EF90DF90C6
:109F8000CF900895FC01C18CD28CE38CF48CC41664
:109F9000D506E606F70660F389016A01EC018581C2
:109FA0008032B1F585899689A789B08DE7E07695ED
:109FB000679557954795EA95D1F7480F591F6A1F3E
:109FC0007B1F2E81223009F020E0CE0184960E9472
:109FD000ECCE009769F2CC0CDD1CCC0CDD1CF1E062
:109FE000DF228C0D9D1DFC0180819181A281B381B6
:109FF000498D5A8D6B8D7C8D481759076A077B07F1
:10A0000048F1F80180839183A283B38381E0B1CFCB
:10A01000803109F0ADCF458956896789708D4D0D26
:10A02000511D611D711D2681223009F020E0CE01F5
:10A0300084960E94ECCE009709F49ACFCC0CDD1CDC
:10A04000F1E0DF22C80ED91EF60180819181B0E0D7
:10A05000A0E0CECF80E08DCF9F92AF92BF92CF9203
:10A06000DF92EF92FF920F931F93CF93DF9300D075
:10A070001F92CDB7DEB75C016A017B019E012F5FA5
:10A080003F4FB701A601C5010E94ABCF982E87FDB7
:10A0900034C000E010E09801B701A601C5010E949C
:10A0A00036CF882351F1F50141855285638574854A
:10A0B000C416D506E606F70650F4F1E0CF1AD1082B
:10A0C000E108F108F501C186D286E386F486C980ED
:10A0D000DA80EB80FC809110D1CF0F900F900F9021
:10A0E0000F90DF91CF911F910F91FF90EF90DF9034
:10A0F000CF90BF90AF909F90089580E0EECF9F9259
:10A10000AF92BF92CF92DF92EF92FF920F931F9385
:10A11000CF93DF93CDB7DEB7A0970FB6F894DEBF2D
:10A120000FBECDBF19821A821B82DC0112962C91C0
:10A1300021FF12C08C01FC01448D558D668D778DF9
:10A14000411551056105710549F461E0C8010E949E
:10A150007A887C01009749F480E067C08681978106
:10A160000E942CD08111F1CFF7CF0E94B9C2B82E36
:10A1700085EEF7018083D8011C9212961C921297EB
:10A1800016968D919C910E94DF89882329F3F8010E
:10A190009381992309F449C080859185A285B3856F
:10A1A000668177819E012F5F3F4F69010097A1056E
:10A1B000B10509F04CC0C9010E944487882361F2AF
:10A1C000EE24E394F12C95EEA92ED80113968C91F0
:10A1D00013978E1508F214966D917C916E197F0974
:10A1E000C6010E94C389FC01892B09F4B5CF838580
:10A1F0008F3009F0B1CF9081892F8F71E812ACCFE9
:10A2000085858B11A9CFA082D8011696ED91FC917E
:10A2100084A1816084A3BFEFEB1AFB0A96FFD5CF20
:10A22000F801868197810E94DF89A0960FB6F89485
:10A23000DEBF0FBECDBFDF91CF911F910F91FF9079
:10A24000EF90DF90CF90BF90AF909F9008952CE15A
:10A25000F60111922A95E9F720E1298321E02B8369
:10A2600078876F838D8F9E8FAF8FB8A3A9CFCF9341
:10A27000DF93FC012081211104C081E0DF91CF91A7
:10A280000895EC01828187FF28C061E0CF010E9420
:10A290007A88FC01892B29F489818160898380E097
:10A2A000EDCF8081853EC1F3888187738387888164
:10A2B00083FF08C0888D998DAA8DBB8D848F958F63
:10A2C000A68FB78F8C8D9D8DAE8DBF8D938F828F16
:10A2D000B58BA48B8A818F778A838E819F810E9420
:10A2E000DF898823C9F2C9CF4F925F926F927F9224
:10A2F0008F929F92AF92BF92CF92DF92EF92FF9296
:10A300000F931F93CF93DF937C01D62EC4E1D5E149
:10A3100010927517109274171092141588248A944D
:10A32000982C54018092171590921815A092191527
:10A33000B0921A151092421710927017109271175E
:10A3400010927217D0937717C09376179093411796
:10A35000809340179093161580931515662309F482
:10A36000DFC020E040E050E0BA01CE010E94ECCE18
:10A37000009709F4D9C0FC01E254FE4F2481222346
:10A3800009F4D2C020812F7709F03FC28A539E4F33
:10A39000FC0180809180A280B38020E0B501A401FF
:10A3A00084E195E10E94ECCEEC01009709F4BCC079
:10A3B00045E050E067E473E003960E9458EE892B75
:10A3C00009F0B2C0FE01E459FF4F8081893009F0E5
:10A3D000ABC07C9780819181A281B381880D991D4A
:10A3E000AA1DBB1D8093241790932517A0932617B1
:10A3F000B0932717349680819181A281B381809395
:10A40000281790932917A0932A17B0932B173496E7
:10A4100080819181A281B381880D991DAA1DBB1DE8
:10A4200080932C1790932D17A0932E17B0932F176E
:10A43000349680819181A281B3818093301790936B
:10A440003117A0933217B0933317349680819181DE
:10A45000A281B3818093341790933517A093361758
:10A46000B0933717C359DF4F288120934317275FD5
:10A4700081E090E0A0E0B0E004C0880F991FAA1F1F
:10A48000BB1F2A95D2F780933C1790933D17A0935A
:10A490003E17B0933F170197A109B1098093381770
:10A4A00090933917A0933A17B0933B171092201747
:10A4B00010922117109222171092231701E010E03A
:10A4C00020E030E040E050E0BA0184E195E10E94F4
:10A4D000B68C80E48093421784E497E10E9418933D
:10A4E000109270171092721764E175E184E497E19D
:10A4F0000E947D928823C1F08091D9179091DA173C
:10A50000892B31F484E195E19093DA178093D91780
:10A5100084E195E190938A148093891481E022C1AB
:10A52000812C912C540139CF109277171092761705
:10A5300010921915109238158FEF9FEFDC01809360
:10A540003B1590933C15A0933D15B0933E1510928A
:10A550004417109245171092461784E195E19093A5
:10A56000751780937417F0921515E092141581E019
:10A5700090E0A0E0B0E080931D1590931E15A0938D
:10A580001F15B0932015F0923A15E0923915DD2091
:10A5900009F447C020E040E050E0BA0188E395E1CB
:10A5A0000E94ECCE009709F4D8C0FC01E254FE4FA3
:10A5B0002481222309F4D1C020812F7709F0CDC056
:10A5C0008A539E4FFC01C080D180E280F38020E05E
:10A5D000B701A60188E395E10E94ECCEFC01892B2E
:10A5E00009F4BBC0838594858115924009F0B5C0FC
:10A5F00020898FEF820F823008F0AFC020931A15A8
:10A600009585909316158FEF890F8093171510E09D
:10A6100081E0981751F01F5F193009F4F2C0880FDC
:10A62000F8CFC12CD12C7601D2CF10931815868982
:10A630009789B0E0A0E08093211590932215A09314
:10A640002315B0932415892B8A2B8B2B61F484A1BD
:10A6500095A1A6A1B7A18093211590932215A0934F
:10A660002315B09324158685978526013701480E5A
:10A67000591E611C711C4092291550922A15609236
:10A680002B1570922C15C189D289D0931C15C093BB
:10A690001B158090211590902215A0902315B09045
:10A6A0002415A22FB0E0A50194010E94F7EC460EFC
:10A6B000571E681E791E40923115509232156092D5
:10A6C00033157092341585E0CC0FDD1F8A95E1F7C4
:10A6D000C150DE4FCD2FDD27C6954C0E5D1E611C8F
:10A6E000711C409225155092261560922715709284
:10A6F000281583899489B0E0A0E00097A105B105F1
:10A7000021F480A191A1A2A1B3A1C418D508E608A3
:10A71000F7088C0D9D1DAE1DBF1D6C017D0104C091
:10A72000F694E794D794C7941A95D2F7D701C60147
:10A730000196A11DB11D80932D1590932E15A09308
:10A740002F15B093301585EFC8168FE0D806E104B9
:10A75000F104C8F48CE080931915109275171092CB
:10A76000741780E0DF91CF911F910F91FF90EF90D0
:10A77000DF90CF90BF90AF909F908F907F906F9021
:10A780005F904F90089580E125EFC2162FEFD2061B
:10A79000E104F10468F084A595A5A6A5B7A580936A
:10A7A000311590933215A0933315B093341580E290
:10A7B0008093191580923F1590924015A0924115F3
:10A7C000B092421584E497E10E9437D11092441769
:10A7D0001092461764E175E184E497E10E94448792
:10A7E000882309F4BACF8091D7179091D817892B75
:10A7F00009F08ECE84E195E19093D8178093D71716
:10A8000087CE88E080931815A8CF10927717109202
:10A810007617109219151092381580923B15909268
:10A820003C15A0923D15B0923E151092441710921F
:10A83000451710924617D0937517C0937417F0926E
:10A840001515E092141581E090E0A0E0B0E080934F
:10A850001D1590931E15A0931F15B0932015F0920F
:10A860003A15E092391596CE0F931F93CF93DF934D
:10A87000EC0108A919A90115110579F0C8010E9478
:10A8800037D1F8011082128219AA18AA1BAA1AAA93
:10A89000DF91CF911F910F9108950AA91BA981E023
:10A8A0000115110589F3C8010E941893F80114A637
:10A8B00016A6EACF0F931F93CF938C010E945B38AB
:10A8C000811106C0C0E08C2FCF911F910F91089588
:10A8D000045F1F4F40E066E572E0C8010E94DB376D
:10A8E000C82F811109C00E945B38882359F38EEE6E
:10A8F0009AE10E94A137E7CFC8010E94B64FC82F46
:10A90000811106C0C8010E9434D487EF9AE1F1CFCB
:10A910000E949A37D8CF4F925F926F927F928F9218
:10A920009F92AF92BF92CF92DF92EF92FF920F93DE
:10A930001F93CF93DF93EC014A015B014C845D844C
:10A940006E847F842881222309F45CC04889598958
:10A950006A897B89481559056A057B0581F0811450
:10A960009104A104B10469F41C861D861E861F860D
:10A97000888A998AAA8ABB8A8A818F7D8A8381E0A4
:10A9800046C023FF2CC0888D998DAA8DBB8D88155C
:10A990009905AA05BB05B0F1EE81FF813481375FCF
:10A9A0007501640181E0C81AD108E108F108032E9D
:10A9B00004C0F694E794D794C7940A94D2F78A8196
:10A9C00086FF36C08C8D9D8DAE8DBF8D8C0D9D1DEF
:10A9D000AE1DBF1D8C879D87AE87BF87C9CF26FF61
:10A9E000DBCFEE81FF818781908525E0880F991F5D
:10A9F0002A95E1F7B0E0A0E088159905AA05BB0506
:10AA000008F0B6CF4C865D866E867F8680E0DF914B
:10AA1000CF911F910F91FF90EF90DF90CF90BF905B
:10AA2000AF909F908F907F906F905F904F90089520
:10AA3000DB01CA010197A109B10904C0B695A79528
:10AA4000979587953A95D2F7C816D906EA06FB0678
:10AA500020F0452B462B472B49F527FF22C0858D3B
:10AA6000968DA78DB0A18C879D87AE87BF878E01FD
:10AA7000045F1F4FC114D104E104F10409F478CF3D
:10AA80004C855D856E857F8598018E819F810E94B2
:10AA9000ABCF91E0C91AD108E108F108181654F3B8
:10AAA000B1CF8C8D9D8DAE8DBF8DDDCFC81AD90AEB
:10AAB000EA0AFB0ADCCFCF93DF931F921F92CDB738
:10AAC000DEB71A8219829E012F5F3F4F40E250E0AD
:10AAD00070E060E00E94F685809739F489819A8160
:10AAE0000F900F90DF91CF91089590E080E0F8CF24
:10AAF0008F929F92AF92BF92EF92FF920F931F930C
:10AB0000CF93DF93EC017B010E9434D4D701D09620
:10AB10008D919C91D197892B09F460C0188219827C
:10AB20001A82D9ABC8ABD096ED90FC90F70180812A
:10AB3000807D71F080899189A289B3898F7199276D
:10AB4000AA27BB2700E010E0892B8A2B8B2B29F04A
:10AB500019AA18AA80E02FC000E0D70150968D9066
:10AB60009D90AD90BC905397C7010E945BD5009714
:10AB700079F3FC012081222359F32E3269F3253E1B
:10AB800059F3338533FD22C0002321F00E94B9C25E
:10AB90008113DECFB501A40185E0769567955795C1
:10ABA00047958A95D1F720E0B701CE010E945F87D3
:10ABB000882371F281E0DF91CF911F910F91FF9077
:10ABC000EF90BF90AF909F908F9008953F3021F607
:10ABD00026FFC3CF022F0F711585BFCFF70182A9C2
:10ABE00093A9892B09F4B6CF1CA61DA61EA6DBAB24
:10ABF000CAAB02A8F3A9E02D84A5807519F41BAA9D
:10AC00001AAAA8CF20812F7130E040E050E060E028
:10AC100070E080E090E0A0E00E941EEE81F720E06E
:10AC200050E040E0BF01CE010E942A978111C2CFBF
:10AC3000E6CF2F923F924F925F926F927F928F92C8
:10AC40009F92AF92BF92CF92DF92EF92FF920F93BB
:10AC50001F93CF93DF93CDB7DEB7AC970FB6F894C1
:10AC6000DEBF0FBECDBF8C016B01FA01DB018C9101
:10AC7000807D11F480E019C1D8018C918111FACF47
:10AC8000868197810C966DE070E00E94AAEC6CA31F
:10AC900081858370662463948111660E722E7F0114
:10ACA0001CA70BA7F6010680F781E02DFAA3E9A304
:10ACB00040E050E0BA01C6010E948BD41DA21EA242
:10ACC000812C912C10E000E01BA29701265F3F4FE2
:10ACD0003AA729A7D60150962D903D904D905C90B3
:10ACE000539765E056944794379427946A95D1F723
:10ACF0005101C6010E945BD5FC01892BA9F5F60123
:10AD000081818111B7CF74FEB5CF872D83708150BB
:10AD1000823008F0AFCF112311F0ADA0BEA0161500
:10AD200050F4C6010E945BD5892B09F0E9C0F601F9
:10AD3000818181119FCF012F10E0862C912C081565
:10AD4000190508F0DFC0C6010E944A89882309F46A
:10AD500091CFA9A1BAA112968C91B0E18B9FC001AD
:10AD60001124080F191FEBCF9081953E11F091111E
:10AD70000EC0111102C02DA23EA2161508F41F5FCD
:10AD8000992309F4C0CF953E29F400E0A3CF16150E
:10AD900008F44AC09E32C9F383858F3009F070C031
:10ADA000011144C0292F2F71922E3CA1321392CF52
:10ADB00096FF90CF8584032F81E098128BCF80E29D
:10ADC000F601DE01119601900D928A95E1F7D70107
:10ADD0008D919C91119713969C938E931297442476
:10ADE0004394041508F476CFB501CE0101960E9474
:10ADF000C3891C01892B49F2F7010480F581E02DFC
:10AE0000F8A7EFA3512C652DC1010E94FEC1D70107
:10AE10001296ED91FC912FA138A5E217F30771F47A
:10AE2000892B09F457CFB1CF10E0B4CF9A94991180
:10AE3000ACCF8585881509F4BFCFA7CF80389105A1
:10AE400008F0A3CF2FE9280F2A3108F480529F0180
:10AE50002F5F3F4FD70113963C932E93129790810B
:10AE60002FE9290F2A3108F4905298138ECF53946A
:10AE7000BDE05B12C8CF4394E1E0AE1AB108B1CF98
:10AE800083FD83CF002351F121E09212F3CECF0155
:10AE90000E94B9C28811EECE76FCECCE272DA5011A
:10AEA000B6018BA59CA50E945F87AC960FB6F8945F
:10AEB000DEBF0FBECDBFDF91CF911F910F91FF90ED
:10AEC000EF90DF90CF90BF90AF909F908F907F904A
:10AED0006F905F904F903F902F9008954BE050E01F
:10AEE00069A57AA5CF010E9432EE892B09F0F2CE36
:10AEF000D70119968C9180FFCFCF31E03BA3EACEEA
:10AF00001F5F0DCFEBA1EE2309F43FC0D7011896C8
:10AF10005C9042E6442E10E000E05EE7352E4701EB
:10AF2000BAE08B0E911C0E94D1CA060F171FE3E0F6
:10AF3000E51510F433E0532E94E0950D802F8F70BB
:10AF40008A3008F080C0805DF701E90FF11D82872B
:10AF500024E0169507952A95E1F79150591670F35C
:10AF6000F701E50DF11D328640E050E0BA01C6015F
:10AF70000E948BD4C6010E945BD5009709F065C082
:10AF8000D60111968C91811175CE0FEF060DA00E92
:10AF9000B11C80E2F601DE01119601900D928A95B6
:10AFA000E1F74701FAE08F0E911CC4010E94B9C27B
:10AFB000582ED7018D919C91119713969C938E9347
:10AFC000129711E0612C402E689446F88FE0382EDD
:10AFD000B501011708F467C0611B7109CE01019624
:10AFE0000E94C389FC01892B09F444CEAF81B88546
:10AFF00094968C919497816094968C93842D0113F0
:10B00000812F8083338614865586138E128ED70146
:10B0100014964D915C9160E0D70112962D913C9170
:10B0200013972417350731F5662081F163942FEFCC
:10B030003FEF653080F5328321836F5F32966D304C
:10B0400059F71F5FC5CF895C7FCFFC012081222388
:10B0500009F49BCF238523FD8DCF4BE050E0BC014D
:10B06000C4010E9432EE892B09F084CF4A9441102A
:10B070005ACF00CEC901019613969C938E931297D6
:10B08000D9012C91022E000C330BD3CF30E020E0FD
:10B0900066246394CECF6B3018F435832483CDCFF0
:10B0A00037832683CACFC6010E94C389009709F45B
:10B0B000E1CD20E2FC0111922A95E9F72BE0F401A1
:10B0C000DC0101900D922A95E1F7D70119962C9198
:10B0D0002871FC01248721E23CE5318B208B318FE4
:10B0E000208F338B228BA9A1BAA194968C9194972F
:10B0F000816094968C93D2CE8F929F92AF92BF92A2
:10B10000CF92DF92EF92FF920F931F93CF93DF9333
:10B11000CDB7DEB7C151D1400FB6F894DEBF0FBE38
:10B12000CDBF5C01EBE8F4E188E4DF011D928A9574
:10B13000E9F7B2E0CF5EDE4FB883C151D14081ED77
:10B14000882E912C8C0E9D1E8CE0880E911C91E90E
:10B15000E92EF12CEC0EFD1EACE0EA0EF11CCE0146
:10B160008F529F4F0E94C737CE018F569F4F0E942C
:10B17000C737CE018F529F4F0E945AD4811102C00F
:10B1800010E03DC0D12CC12C10E015C0AE014F5FC6
:10B190005F4FB601CE018F569F4F0E94CC4FCE011C
:10B1A00001960E94D67F082F81113EC0C7010E94E0
:10B1B00034D4012F102FB401C7010E9478D5882301
:10B1C00049F0A114B10411F3CA14DB04F8F2C70169
:10B1D0000E9434D4CE018F529F4F0E94A64F8823E5
:10B1E00079F21123E9F188E4FE01E75BFF4FABE858
:10B1F000B4E101900D928A95E1F70E94C337812F47
:10B20000CF5EDE4F0FB6F894DEBF0FBECDBFDF912D
:10B21000CF911F910F91FF90EF90DF90CF90BF9053
:10B22000AF909F908F900895BFEFCB1ADB0A112348
:10B2300049F0BE01675B7F4FCE0101960E94847F7B
:10B24000181654F488E4FE013196DE01A75BBF4F67
:10B2500001900D928A95E1F7C7010E9434D4AACFDC
:10B26000CF5EDE4F8881C151D140813039F0A1E0FD
:10B27000CF5EDE4FA883C151D14071CF85EE9AE1F8
:10B280000E94A137BCCF5F926F927F928F929F9264
:10B29000AF92BF92CF92DF92EF92FF920F931F93E4
:10B2A000CF93DF93EB0109900020E9F72197C61BAC
:10B2B000D70BFE013497EC39F10508F055C0E60FC5
:10B2C000F71F30813E3209F04FC0722E542E8B0191
:10B2D0007C015E0183E0A81AB108FB01EA0DFB1DA9
:10B2E00080810E94C58D682EEDE48E133DC06E01F5
:10B2F000F2E0CF1AD108F801EC0DFD1D80810E940B
:10B30000C58D8A3589F54E0181E0881A9108F801CA
:10B31000E80DF91D80810E94C58D851125C0AE0103
:10B320004F5F5F4FB801C7010E943FEEF701EA0D82
:10B33000FB1D6082F701EC0DFD1D7082E80CF91C0D
:10B3400089E4F701808381E0DF91CF911F910F9114
:10B35000FF90EF90DF90CF90BF90AF909F908F9035
:10B360007F906F905F90089580E0EECF009739F066
:10B370006115710521F026E446E40C9443D980E080
:10B38000089526E446E460EC73E180EC91E10E94CC
:10B3900043D9882321F080EC91E10C94F73680E0CA
:10B3A000089524E544E560EC73E180EC91E10E94AE
:10B3B00043D9882321F080EC91E10C94F73680E0AA
:10B3C00008950E94D5550E9435388091C013882376
:10B3D00021F080EC93E10E94293B85E090E090937E
:10B3E0004A0F8093490F08950F931F93CF93DF93D4
:10B3F0008B01009729F04115510539F4FC011082A9
:10B40000DF91CF911F910F910895BA01EC01015086
:10B410001109A8010E949AE9C00FD11F1882F0CF2C
:10B420001092751710927417109277171092761762
:10B43000109279171092781710927B1710927A1742
:10B4400080E580937C1710927D1710927E171092E2
:10B450007F17109280171092811710928217109206
:10B460008317109284178AE28093851710928617AB
:10B4700010928717109288171092891784ED94E123
:10B480000E94C737EAE8F7E11382128287E393E06C
:10B490009183808388E084838FEF858389E086832E
:10B4A00084E0878385E0808786E0818787E08287E4
:10B4B0001386148615861686178681E00C94B3C908
:10B4C000CF93DF93CDB7DEB7CF57D1090FB6F8943E
:10B4D000DEBF0FBECDBF789484B5826084BD84B5D5
:10B4E000816084BD85B5826085BD85B5816085BD7F
:10B4F00080916E00816080936E0010928100809137
:10B5000081008260809381008091810081608093BE
:10B510008100809180008160809380008091B100E3
:10B5200084608093B1008091B00081608093B0000E
:10B530008091910082608093910080919100816060
:10B540008093910080919000816080939000809121
:10B55000A10082608093A1008091A100816080930E
:10B56000A1008091A00081608093A00080912101C2
:10B57000826080932101809121018160809321016B
:10B580008091200181608093200180917A00846005
:10B5900080937A0080917A00826080937A00809113
:10B5A0007A00816080937A0080917A00806880932D
:10B5B0007A001092C100E091DB17F091DC17309710
:10B5C00011F4EFEDF7E18DB79EB7F093C217E0935A
:10B5D000C117F093C017E093BF1721E02093C31762
:10B5E0009F01205F3F4F2817390758F440979093E9
:10B5F000C0178093BF1725EAE817F90710F42193C5
:10B60000FBCF41EE57E16CE070E083EA97E10E94E6
:10B61000989D1098089A10920D0E60E087E10E94A4
:10B620003CC861E087E10E9477C910923E0F1092FA
:10B630003D0F1092B0001092B10010927000109265
:10B64000B200249A83E08093B00081E08093B1003F
:10B6500080E50E94DF651092C5171092C417809193
:10B66000120F811102C00E945B9B82E00E94B3C94D
:10B670000E9424C98FEF8093350260E086E30E9428
:10B6800077C910921B0E10921A0E1092190E10927A
:10B69000180E0E94D1CA7093170E6093160E109266
:10B6A000150E1092140E1092130E1092120E10928C
:10B6B000110E1092100E10920F0E10920E0E0E948C
:10B6C000A761CE018E589F4F0E946A6581119DC06F
:10B6D0000E94A7616AED77E180E00E946D9F6EECA9
:10B6E00077E181E00E946D9F60EB74E080E090E084
:10B6F0000E9479CA0E94A76165E677E180E00E9416
:10B700006D9F69E577E181E00E946D9F68EE73E0CF
:10B7100080E090E00E9479CA0E94ABCAE4969FAF95
:10B720008EAFE497BC0189EC97E10E94BD61E6967B
:10B730009FAF8EAFE697E4966EAD7FADE49782EC57
:10B7400097E10E94BD61E8969FAF8EAFE897E496BF
:10B750006EAD7FADE4978DEB97E10E94BD61EA96F7
:10B760009FAF8EAFEA97E4966EAD7FADE49786EB20
:10B7700097E10E94BD61EC969FAF8EAFEC97E49687
:10B780006EAD7FADE49781EB97E10E94BD61EE96CF
:10B790009FAF8EAFEE97CE018E589F4F0E9473627F
:10B7A0008111D2C065EA77E180E00E946D9F67E970
:10B7B00077E181E00E946D9F68E077E080E090E0B3
:10B7C0000E9479CA87EF93E0E4969FAF8EAFE4972B
:10B7D00086E890E0E6969FAF8EAFE69785E391E02E
:10B7E000E8969FAF8EAFE8978FED91E0EA969FAF16
:10B7F0008EAFEA97EC961FAE1EAEEC978FEC92E000
:10B80000EE969FAF8EAFEE9717C0CE018E589F4F2A
:10B810000E947362882309F45BCF8CE0FE01EE582E
:10B82000FF4FA6E3B2E001900D928A95E1F70E94E6
:10B83000E162049709F44CCF8CE0FE01EE58FF4F13
:10B84000A6E3B2E001900D928A95E1F70E94A83735
:10B8500080E00E943D5080931B0F10921E0F1092AB
:10B860001D0F10921C0F1092A2170E9448A4109254
:10B87000F50E10921C0E0E9448A40E9417B9109257
:10B88000BC171092BB171092370F1092300F109206
:10B890002F0F1092320F1092310F10921D0E70E088
:10B8A00060E090E080E00E94EEA270E060E081E065
:10B8B00090E00E94EEA263E070E082E090E00E94DF
:10B8C000EEA262E070E083E090E00E94EEA21092AF
:10B8D000360F1092350F1092340F1092330FCE01A5
:10B8E00001960E940E65882309F4E2C089818230A6
:10B8F00008F0DEC0EA81E13108F0DAC09B819230C5
:10B9000008F0D6C09C81943008F0D2C0817080933A
:10B91000370FE150E03108F0BDC2F0E08827EC5667
:10B92000F3428F4F0C94E0EC0FDF1ADF1DDF20DFB6
:10B9300023DF30DF37DF3ADF47DF44DF10DD17DD9D
:10B940002ADF08DF2DDF41DF1C8A1B8A8BE492E3AC
:10B95000A4E4B3E589839A83AB83BC8381E090E060
:10B960009E838D838CE0FE01EE58FF4FDE0117961B
:10B9700001900D928A95E1F762E170E0CE010196A7
:10B980000E9448649C8B8B8B9E012F5F3F4F7901F7
:10B9900010E000E0A3961FAF0EAFA397D7016D9103
:10B9A0007D01CE018F599F4F0E94C6650F5F1F4FCB
:10B9B0000431110579F7F999FECFCE018F599F4FC8
:10B9C0000E946A65882361F04CE050E0BE016E5829
:10B9D0007F4FCE018F599F4F0E9432EE892B89F005
:10B9E0006AE877E180E00E946D9F60E877E181E09E
:10B9F0000E946D9F68E077E080E090E00E9479CA45
:10BA00001BCF64E777E180E00E946D9F6EE677E1EF
:10BA100081E00E946D9F6CEB72E080E090E0EECFE1
:10BA20001092300F10922F0F81E090E006C010921C
:10BA3000300F10922F0F82E090E09093320F80939E
:10BA4000310F8D81853A09F02AC2EE8010921D0EC9
:10BA500010E000E0F12CC8010496011102C090E052
:10BA600080E09801220F331FB70102C075956795DA
:10BA70002A95E2F7637077270E9403A3BC01C801EF
:10BA80000E94EEA20F5F1F4F0430110521F70E94A4
:10BA900017A38B8190E09093360F8093350F8C81A4
:10BAA000282F30E0843020F43093340F2093330F6C
:10BAB0008FEA97E10E94D2A21092B5171092BE179A
:10BAC0001092BD171092390F1092380F10923B0F41
:10BAD00010923A0F10923C0FCE0101960E94B16471
:10BAE000882311F199818CEF890F833010F0913008
:10BAF000D9F48A818230C0F43B813330A8F42C81A0
:10BB0000223090F4913009F0CDC184E090E0909320
:10BB1000390F8093380F832F90E090933B0F8093E1
:10BB20003A0F217020933C0F86EB97E10E940D9F06
:10BB30001092BA171092C0131092070F1092060FAE
:10BB40001092FD0E1092FC0E1092FB0E1092FA0E47
:10BB50001092F90E1092050F1092040F1092030F1D
:10BB60001092020F1092010F1092000F1092FF0E10
:10BB70001092FE0E0E9454301092A60E1092A50E46
:10BB80001092A80E1092A70E1092A40E1092A30E5F
:10BB90001092A20EFF24F394F09248021092A10E8C
:10BBA00001E010E010934A02009349021092A00EA7
:10BBB00010929F0E10929E0E10929D0E1092990E52
:10BBC00010929A0E10929B0E10929C0E0E94542B73
:10BBD0001092980E1092870E0E9496360E9470C89E
:10BBE0001092320E1092310E1092300E10922F0ED3
:10BBF000F092420210922E0E10922D0E10922C0EE8
:10BC000010922B0E10922A0E1092290E1092280ECE
:10BC10001092270E1092260E1092220E1092230ED2
:10BC20001092240E1092250E10921E0E10921F0ECE
:10BC30001092200E1092210E10925E0F81E00E9451
:10BC4000ED5F10925D0F10925E0F1092860E1092B3
:10BC5000850E1092840E1092830E1092820E109216
:10BC6000810EF09247021092800E10927F0E109279
:10BC70007E0E10927D0E10927C0E10927B0E109212
:10BC80007A0E1092680E90E080E00E946C30109264
:10BC9000640E1092650E1092660E1092670E10924E
:10BCA000600E1092610E1092620E1092630E10924E
:10BCB0005C0E10925D0E10925E0E10925F0E10924E
:10BCC000580E1092590E10925A0E10925B0E10924E
:10BCD000540E1092550E1092560E1092570E10924E
:10BCE000500E1092510E1092520E1092530E10924E
:10BCF0004C0E10924D0E10924E0E10924F0E10924E
:10BD0000480E1092490E10924A0E10924B0E10924D
:10BD1000470E1092460E1092450E1092440E10924D
:10BD2000430E1092420E1092410E1092400E10924D
:10BD30003F0E10923E0E10923D0E10923C0E10924D
:10BD40003B0E10923A0E1092390E1092380E10924D
:10BD5000370E10934602009345021093440200935D
:10BD600043021092360E1092350E1092340E10923D
:10BD7000330E0E9453310E9461310E94A45C0E94E4
:10BD80002BB01092410F1092400F0E94A761E2E782
:10BD9000F0E0EC0FFD1F3296C258DF4FF983E883C5
:10BDA000CE57D0400E94D1CA4B018091400F909154
:10BDB000410F8130910509F092C10E947B758091FD
:10BDC000C8179091C9179401281B390B25303105EC
:10BDD00008F479C09092C9178092C8170E945D63D9
:10BDE000009709F470C0FC013197E930F10508F0C3
:10BDF0006AC08827E150F1428F4F0C94E0EC60DF7D
:10BE000060DF85DF85DF87DF87DF63DF63DFDFDF1D
:10BE10001092300F10922F0F83E090E00ECE81E051
:10BE200090E09093300F80932F0F1092320F10926A
:10BE3000310F07CE82E090E0F4CF83E090E0F1CFC5
:10BE400084E090E0EECF85E090E09093300F809317
:10BE50002F0FF1CD85E090E0E4CF86E090E0E1CFD8
:10BE600086E090E09093300F80932F0FD5CF86E03F
:10BE700090E0EBCF86E090E09093300F80932F0F0F
:10BE8000D3CD87E090E0CDCF87E090E0F5CF87E09D
:10BE900090E0DBCF1092300F10922F0FC6CF0E9490
:10BEA00049A3F7CD943019F483E090E030CE95307B
:10BEB00019F482E090E02BCE91E0892790E027CE24
:10BEC0008FEF0E94F5720E947B758091C61790914A
:10BED000C717D401A81BB90BAA3FB10560F0909217
:10BEE000C7178092C617CE0101960E94C72BCE01BC
:10BEF00001960E94909F0E947B7580E090E0892BC4
:10BF000009F450CF0E94000042CF81E0DACF809147
:10BF1000060F9091070F029781F58091000F811114
:10BF20002CC08091FE0E811128C00E94402B8C01F4
:10BF3000892B79F48091A70E9091A80E029739F47D
:10BF40000091490210914A020115110511F401E016
:10BF500010E00E94DD6081E00E946C511092030F9E
:10BF60001092020F1092010F0E945430C8010E94DB
:10BF7000967281111AC01092000F0E94DD6081E05C
:10BF80000E946C511092050F1092040F1092030F33
:10BF90001092020F1092010F1092000F1092FE0EDD
:10BFA0000E9454300E94A9618ECF1092050F10920A
:10BFB000040F81E08093000F0E946C5184CF809128
:10BFC000060F9091070F892B09F47DCF1091FE0E7B
:10BFD000111179CF8091040F9091050F8130910557
:10BFE00009F44AC0F0F0029709F459C00E94DD60DC
:10BFF0001092050F1092040F1092030F1092020F6F
:10C000001092010F81E02091060F3091070F22302E
:10C01000310509F080E08093000F0E94543081E0E8
:10C02000CBCF8091F90E9091FA0E2091000F222330
:10C03000A1F01092000F892B59F480E00E946C51FE
:10C040000E946751811104C081E08093030F3BCFB0
:10C050001092030F0E941D7136CF892BC9F7809172
:10C06000020F8111F5CF0E9467518111F1CF81E05C
:10C070008093030F80E0A0CF0E946E74882309F4A0
:10C0800022CF1092A90E81E02091040F3091050F6C
:10C090002230310509F080E08093AA0E14CF10926F
:10C0A000AA0E8091F90E9091FA0E892B61F480917D
:10C0B000020F811108C00E946751811104C081E004
:10C0C0008093010F11E01092A90E0E94F95E811178
:10C0D000FACE112309F4F7CE1092010FF4CE029795
:10C0E00009F0B3C00E9461BD8091C8179091C91733
:10C0F000F401E81BF90B359790F19092C9178092E3
:10C10000C8170E945D63009751F10597853091052E
:10C1100030F5825D9C4FDC012C9130E080910E0F58
:10C1200090910F0F2130310509F057C09C0121502B
:10C1300031092330310598F48130910529F50E94A9
:10C14000E2BA882361F08091510290915202892BCA
:10C1500031F40E946751811102C00E9439AD0E94E2
:10C1600061BD8091C6179091C717F401E81BF90BC8
:10C17000EA3FF10530F09092C7178092C6170E94EF
:10C18000F0A90E9461BDB9CE029791F40E94BCACA7
:10C19000882329F31092AB0E81E020910E0F30918D
:10C1A0000F0F2330310509F080E08093AC0ED7CF1C
:10C1B0001092AC0E8091510290915202892B41F461
:10C1C0000E946751811104C081E08093AB0EC7CFFC
:10C1D0001092AB0E0E94EEABC2CF2230310519F5A2
:10C1E0009C01215031092330310518F40E9483BA93
:10C1F000B6CF9C01255031092330310518F0892B29
:10C2000009F0ADCF0E9455B98091F60E882331F028
:10C210006091ED0E8DEA9EE00E940EB70E94A7612C
:10C220000E94A9619CCF2330310509F098CF9C0171
:10C23000215031092430310518F0079709F08FCFCC
:10C240000E9411BA0E94A7618ACF8091A217882309
:10C2500031F00E94E162049711F01092A2170E943F
:10C2600032370E948637882309F472C010921B0F60
:10C270001092F50E10921A0F1092190F1092F80EDC
:10C280001092F70E10921E0F10921D0F10921C0F9D
:10C2900069EF77E18BE894E10E947AE9892BE9F074
:10C2A0008DEE97E10E94DAA58091F50E8823A9F022
:10C2B0000E94D1CA2091EE0E3091EF0E621B730BDB
:10C2C00077FD0BC01092F50E81E00E943D508093E7
:10C2D0001B0F811145C00E94F3A523EF3EE048E10A
:10C2E0005FE060E18BE894E10E94B2A30E9472A437
:10C2F0008C010E94FFA30115110539F060E1681B54
:10C30000643008F464E0645081F51092F20E0E94EB
:10C310005D63FC01892BA1F12091400F3091410F09
:10C320002115310509F09AC23197EA30F10540F53F
:10C330008827E256FE418F4F0C94E0ECBDE1E2E12C
:10C34000E4E1E8E1EAE125E238E25EE276E20BE3ED
:10C350000E948D37882309F4A7CF0E9444B9A4CF47
:10C360000E9448A40E9417B9B8CF20EF3EE042EFE8
:10C370005EE0C8010E94B2A3CACF80E00E94C0B9AB
:10C380008091C6179091C7179401281B390B283745
:10C39000310508F4B2CD9092C7178092C6178091EC
:10C3A000400F9091410F8230910509F460C708F069
:10C3B00027C5009709F447C5019709F44EC70E94A5
:10C3C000A9619BCD81E0DACF80E00E9462B9D8CF2D
:10C3D00081E0FBCF0E9468A48111D2CF6FE270E0B0
:10C3E00086E592E00E9475EE8C01009729F40E9488
:10C3F00048A40E9455B9C4CF4FE350E0BC016F5F21
:10C400007F4FCE0101960E9466EE21961FAE2197C6
:10C41000F2E006351F07B1F4109257021092F80EA1
:10C420001092F70E1092F60E0E943DA40E9455B98C
:10C430008981882309F4A4CF61E0CE0101960E948E
:10C440000EB79ECFD8011C92E9CF0E9468A4882322
:10C4500071F20E94EDA31092C5171092C41780913B
:10C46000120F811102C00E945B9B85E090E037C0F3
:10C470008091A217811184CF80911B0F811106C07A
:10C4800081E08093A2170E9444B97ACF80E00E9495
:10C490003D50811103C010921B0FABCF81E0809300
:10C4A0001B0F0E94EDA38091380F9091390F8430BB
:10C4B000910509F04AC101E010E059C18091A2172D
:10C4C00081115ECF80911B0F8823D1F280E00E9402
:10C4D0003D50882301F30E94EDA384E090E0909307
:10C4E000410F8093400F0E94A7614ACF80911B0F9C
:10C4F000882349F28091190F90911A0F892B29F402
:10C500008FE298E10E942FA63BCF0BE814E18091C7
:10C51000CC14882319F081E298E1F4CF8091CB14F8
:10C52000882309F446C080918B14882309F428CF0E
:10C53000F80101900020E9F78F010C5814410E9486
:10C5400068A4EE24E394F12C811109C0E6E5F2E041
:10C5500001900020E9F79F012755324079019801A9
:10C560002E0D3F1D811187C62F5F3F4F20363105AD
:10C5700018F085E098E1C6CFA70166E572E0CE012C
:10C5800001960E943FEEE1E0F0E0EC0FFD1FEE0DA2
:10C59000FF1D8FE28083C7010196A8014F5F5F4FA7
:10C5A0006BE874E1A1E0B0E0AC0FBD1F8A0F9B1FE8
:10C5B0006FC683E198E10E942FA60E94EDA310921E
:10C5C0001E0F10921D0F10921C0F2090350F3090EF
:10C5D000360F0E9465A22C01D090370F1092C01325
:10C5E0008091560281111CC01092070F1092060F05
:10C5F0001092050F1092040F1092030F1092020F69
:10C600001092010F1092000F1092FF0E1092FE0E6A
:10C610000E94543073C00E94EDA383E090E05FCF8E
:10C6200080918B14882301F3E6E5F2E0019000206D
:10C63000E9F79F01275532407901D8010D9000207C
:10C64000E9F7FD01EC58F4413F01F901EB5AFD4FC8
:10C650001081C901860D971D21E030E01F3211F4D1
:10C6600030E020E0820F931F803A910508F0BCCFA4
:10C67000A70166E572E080EC93E10E943FEE1F3275
:10C6800049F0F701E054FC4E8FE2808397012F5F61
:10C690003F4F7901A3014F5F5F4F6BE874E1C70122
:10C6A00080549C4E0E943FEE8BE894E10E94163627
:10C6B0009093070F8093060FD092FD0E5092FC0EC0
:10C6C0004092FB0E3092FA0E2092F90E1092050F56
:10C6D0001092040F1092030F1092020F1092010F8C
:10C6E0001092000F1092FF0E1092FE0E0E94543016
:10C6F0008091060F9091070F892B29F40E94DD602D
:10C7000081E090E0ECCE0E94593081E090E00E9400
:10C7100096728823A9F38091060F9091070F0297D4
:10C7200031F481E08093000F0E946C51E9CF809139
:10C73000F90E9091FA0E892B29F481E08093030F72
:10C7400080E0F2CF0E941D71DBCF8330910509F4A8
:10C75000B5C58230910509F4B4C506E010E064E483
:10C76000462E6CEA562E612C712C892B31F052E248
:10C77000452E56E5552E612C712CE0903A0FF09025
:10C780003B0FD0903C0F0E942BB083EA97E190932F
:10C79000110F8093100F10934C0200934B024092A4
:10C7A0004D0250924E0260924F0270925002F092EF
:10C7B0005202E0925102D092530232E0E316F104A9
:10C7C00041F480E00E946C510E94E2BA82E090E065
:10C7D00086CE0630110521F583EA97E10E949BA9D8
:10C7E000882371F180E00E946C5181E090E0909389
:10C7F0000F0F80930E0F809151029091520201977A
:10C8000029F71FB7F89410920D0F10920C0F109289
:10C810000B0F81E080930A0F0E9477361FBFD6CF9F
:10C820000130110529F483EA97E10E94D77ED8CF21
:10C83000C8010497029748F089E398E10E94F22A20
:10C840008BE49FE00E944BADC1CF1093090F009382
:10C85000080F83EA97E10E941F7FC2CF2330310582
:10C8600009F01DC13197E930F10508F089CD88271D
:10C87000E35CFB418F4F0C94E0EC46E446E455E466
:10C8800055E4DEE4DEE4C0E1C0E15DE48091BB1785
:10C89000815087FD0EC0853074F4082E000C990B72
:10C8A0009093BC178093BB176BCD8091BB178F5FA4
:10C8B000F0CF84E0F2CF80E0F0CF8091BB17909171
:10C8C000BC17009751F48091370F91E0892780932E
:10C8D000370F81E08093B51753CD8130910579F4FE
:10C8E00081E090E02091350F3091360F232B11F02D
:10C8F00090E080E09093360F8093350FEACF82303E
:10C90000910581F40E9449A380912F0F9091300FDF
:10C910000196877099279093300F80932F0F0E9474
:10C9200017A3D7CF0397F1F580912F0F9091300F78
:10C930000097D1F48091310F9091320F009749F414
:10C9400081E090E09093320F8093310F0E9449A3D1
:10C95000C0CF8130910519F482E090E0F3CF0297C7
:10C96000E1F483E090E0EECF8530910549F48091C9
:10C97000310F9091320F892B79F390E080E0E2CF74
:10C9800086309105B9F2079709F78091310F9091A0
:10C99000320F0097A9F20197F9F21092320F10921C
:10C9A000310FD4CF8091330F8F5F843008F080E057
:10C9B00090E09093340F8093330F8BCF8091B51715
:10C9C000882391F0CE018E589F4F0E94D2A246E05C
:10C9D00050E06FEA77E1CE018E589F4F0E9432EE11
:10C9E000892B29F41092B5170E94A961C9CC1E8623
:10C9F0001D868CE490E5A4E4B3E589839A83AB8338
:10CA0000BC8381E090E09E838D8386E0FE01EE583A
:10CA1000FF4FDE01179601900D928A95E1F76CE0C9
:10CA200070E0CE0101960E9448649E878D87DE01EA
:10CA300011967D0100E210E0A3961FAF0EAFA39701
:10CA4000F70161917F01CE018F599F4F0E94C6650A
:10CA50000F5F1F4F0E32110579F7F999FECFCE0106
:10CA60008F599F4F0E940E65882309F4BDCF46E081
:10CA700050E0BE016E587F4FCE018F599F4F0E94EC
:10CA800032EE892B09F0B0CF86E0FE01EE58FF4F61
:10CA9000AFEAB7E101900D928A95E1F7A3CF243078
:10CAA000310509F0D4C03197E930F10508F068CCC0
:10CAB0008827E25AFA418F4F0C94E0EC67E567E56E
:10CAC00076E576E5B3E5B3E5C0E1C0E17DE58091CB
:10CAD000BD179091BE179927029663E070E00E94FF
:10CAE000AAEC9093BE178093BD174ACC8091BD17D6
:10CAF0009091BE1799270196F0CF8091BD17909124
:10CB0000BE17009791F48091380F9091390F9927B3
:10CB1000019665E070E00E94AAEC9093390F809333
:10CB2000380F81E08093BA172BCC0197A9F480913C
:10CB30003A0F90913B0F009749F0019751F482E032
:10CB400090E090933B0F80933A0FEBCF81E090E021
:10CB5000F8CF90E080E0F5CF80913C0F91E08927FD
:10CB600080933C0FDECF8091BA17882309F43CCF25
:10CB7000CE018E589F4F0E940D9F44E050E066EB1F
:10CB800077E1CE018E589F4F0E9432EE892B19F427
:10CB90001092BA1729CF1C861B8683E492E5A4E481
:10CBA000B3E589839A83AB83BC8381E090E09E8365
:10CBB0008D83E6968CAD9DADAEADBFADE6978F8310
:10CBC0009887A987BA876AE070E0CE0101960E9433
:10CBD00048649C878B87DE0111967D0100E310E09D
:10CBE000A3961FAF0EAFA397F70161917F01CE010E
:10CBF0008F599F4F0E94C6650F5F1F4F0C33110561
:10CC000079F7F999FECFCE018F599F4F0E94B164F9
:10CC1000882309F4E9CE44E050E0BE016E587F4F0E
:10CC2000CE018F599F4F0E9432EE892B09F0DCCE46
:10CC3000E6968CAD9DADAEADBFADE6978093B617D1
:10CC40009093B717A093B817B093B917A1CF253019
:10CC5000310509F095CB3197E930F10508F090CB1B
:10CC60008827EA5CF9418F4F0C94E0EC3FE63FE601
:10CC70004EE64EE67BE67BE6C0E1C0E156E68091FB
:10CC8000C417815087FD0EC0833074F4082E000C49
:10CC9000990B9093C5178093C41772CB8091C417DA
:10CCA0008F5FF0CF82E0F2CF80E0F0CF8091C417A9
:10CCB0009091C517009791F481E090E020913D0F8D
:10CCC00030913E0F232B11F090E080E00E942D6404
:10CCD00081E08093170F10923F0F52CB019709F01C
:10CCE0004FCB80915402843620F4865F0E94DF652A
:10CCF000EFCF8AE0FBCF8091170F882309F474CE21
:10CD0000C258DF4FA881B981CE57D0401D921C92E6
:10CD100080913D0FE3968FAFE39780915402E496A4
:10CD20008FAFE49744E050E063E17FE0CE018E589E
:10CD30009F4F0E9432EE892B29F41092170F109208
:10CD40003F0F52CE1C861B8689E593E5A4E4B3E52C
:10CD500089839A83AB83BC8381E090E09E838D833B
:10CD6000E6968CAD9DADAEADBFADE6978F8398874F
:10CD7000A987BA876AE070E0CE0101960E944864F4
:10CD80009C878B87DE0111967D0100E410E0A3965D
:10CD90001FAF0EAFA397F70161917F01CE018F59AD
:10CDA0009F4F0E94C6650F5F1F4F0C34110579F726
:10CDB000F999FECFCE018F599F4F0E94546488236A
:10CDC00061F044E050E0BE016E587F4FCE018F59B4
:10CDD0009F4F0E9432EE892B21F081E080933F0F1C
:10CDE00003CEE6968CAD9DADAEADBFADE69780931C
:10CDF000130F9093140FA093150FB093160F9DCFA0
:10CE00008430910509F444C108F4D4C0059709F0B1
:10CE1000D6CA8091C4179091C517009709F074C1C4
:10CE200066E879E180E00E9478A380913D0F9091BF
:10CE30003E0F6CE779E1019711F062E779E181E05B
:10CE40000E9478A35AC80E94D1CA20911E0F2223A3
:10CE500009F120911C0F30911D0F621B730B77FF9E
:10CE600019C080E00E942CC98EE19FE00E94DDC2C3
:10CE700080911B0F882341F081E00E942CC982E839
:10CE800098E10E94496139C881E00E942CC981E77C
:10CE900098E1F7CF10921E0F80911B0F811136C0C1
:10CEA0000E948637882399F045E658E161E170E0F9
:10CEB000CE018F599F4F0E94989D40E150E060E263
:10CEC00070E0CE0101960E9448EE198A11C047E534
:10CED00058E161E170E0CE018F599F4F0E94989D0B
:10CEE0004AE458E161E170E0CE0101960E94989D0C
:10CEF000BE016F597F4F80E00E948E9BBE016F5F25
:10CF00007F4F81E00E948E9B0C947DDF8091190FF2
:10CF100090911A0F892BB1F4CE018F599F4F0E9427
:10CF200087A440E150E060E270E0CE0101960E94EB
:10CF300048EE45E050E064E478E1CE0101960E94BD
:10CF400071E9C3CFCE018F599F4F0E9487A440E162
:10CF500050E060E270E0CE0101960E9448EE198A2E
:10CF600080918B14882321F28BE894E1DC010D90F1
:10CF70000020E9F7CD018C589441E091180F8131E0
:10CF80009105B0F020EF280F2E1790F0F0E0E55754
:10CF9000FB4EDE01119640E19F012B5834412817CA
:10CFA000390708F0A5CF21912D934150A9F7A0CFC3
:10CFB000E0E0ECCF8091BB179091BC17009791F403
:10CFC00064EF78E180E00E9478A38091370F60EFF2
:10CFD00078E1811102C06BEE78E181E00E9478A3D4
:10CFE0000C947DDF8130910581F460EE78E180E082
:10CFF0000E9478A38091350F9091360F68ED78E10B
:10D00000019759F361ED78E1E8CF8230910591F411
:10D0100069EC78E180E00E9478A3E0912F0FE8307E
:10D0200008F0E0E0F0E0EE0FFF1FED56F74E6591DF
:10D030007491D3CF0397E1F462EC78E180E00E9431
:10D0400078A380912F0F9091300F009731F00597C2
:10D0500063EA78E1039708F0C0CFE091310FE43044
:10D0600008F0E2E0F0E0EE0FFF1FE955F74EDFCFEA
:10D0700067EB78E180E00E9478A3E091330FE43021
:10D0800008F0E0E0F0E0EE0FFF1FE155F74ECFCFE4
:10D090008091BD179091BE170097B9F48DE299E188
:10D0A0000E943AC9E091380FF091390F80E099E180
:10D0B000E53038F4FF27EE0FFF1FEE5FF64E859147
:10D0C00094910E94319F0C947DDF019779F482E165
:10D0D00099E10E943AC9E0913A0FE33008F0E0E0AC
:10D0E000F0E0EE0FFF1FE45FF64EE9CF83E299E137
:10D0F0000E943AC980913C0F882319F080E299E19F
:10D10000E0CF8CE199E1DDCF0197C9F56FE479E1DA
:10D1100080E00E9478A390913F0F80915402992360
:10D12000F1F01F928F938EE399E19F938F931F925B
:10D1300081E18F93E1E0F0E0EC0FFD1FFF93EF93AF
:10D140000E94C19B0FB6F894DEBF0FBECDBFBE01DB
:10D150006F5F7F4F81E00E948E9B0C947DDF1F925A
:10D160008F9387E399E19F938F931F9281E18F9330
:10D1700081E090E08C0F9D1F9F938F93E1CF67E636
:10D1800079E180E00E9478A38091C3172091DB179A
:10D190003091DC1781113BC0A9012115310511F433
:10D1A0004FED57E18DB79EB74817590708F04FC0AC
:10D1B000841B950B2115310511F42FED37E14DB787
:10D1C0005EB72417350708F045C0421B530B9F93E9
:10D1D0008F935F934F938AE599E19F938F931F926B
:10D1E00081E18F93E1E0F0E0EC0FFD1FFF93EF93FF
:10D1F0000E94C19BBE016F5F7F4F81E00E948E9BAA
:10D200000FB6F894DEBF0FBECDBF0C947DDFC90111
:10D210002115310511F48FED97E14091C11750911F
:10D22000C2174817590708F4AC016091BF177091F5
:10D23000C0174617570758F4CA01DC01EC91E53ACC
:10D2400009F0B6CF019686179707B8F3B1CF90E0F3
:10D2500080E0B0CF50E040E0BACFCE0101960E940E
:10D26000C72BCE0101960E94909F0C947DDF0E94F7
:10D27000F0A90C947DDF2036310508F07AC98FE2E1
:10D280008983A8014F5F5F4F6BE874E1CE0102967E
:10D290000E943FEE4FE550E0BE016F5F7F4F86E595
:10D2A00092E00E9466EE1092B5021092F80E109273
:10D2B000F70E1092F60E0E943DA49BC804E010E009
:10D2C00056CA05E010E053CAFB01DC0104C08D9191
:10D2D0000590801921F441505040C8F7881B990BE4
:10D2E0000895FB01DC0102C005900D9241505040B1
:10D2F000D8F70895FB01DC018D910590801901108C
:10D30000D9F3990B0895FC0105900020E9F7809569
:10D3100090958E0F9F1F0895FB01DC0141505040F6
:10D3200030F08D910590801919F40020B9F7881B11
:10D33000990B0895FB01DC014150504048F00590E5
:10D340000D920020C9F701C01D9241505040E0F7F6
:10D3500008950F931F93CF93DF93CDB7DEB72E972A
:10D360000FB6F894DEBF0FBECDBF8C01FA018EE080
:10D370008C831A83098377FF02C060E070E86150F4
:10D3800071097E836D83A901BF01CE0101960E94C0
:10D39000E2E94D815E8157FD0AC02F813885421731
:10D3A00053070CF49A01020F131FF80110822E96F6
:10D3B0000FB6F894DEBF0FBECDBFDF91CF911F91A6
:10D3C0000F9108952F923F924F925F926F927F92AA
:10D3D0008F929F92AF92BF92CF92DF92EF92FF9285
:10D3E0000F931F93CF93DF9300D000D000D01F92F4
:10D3F0001F92CDB7DEB77C013B018A01FC01178289
:10D400001682838181FFDDC1CE0101965C01F701A7
:10D410009381F30193FD859193FF81913F018823CF
:10D4200009F453C1853239F493FD859193FF8191BD
:10D430003F01853229F4B70190E00E94FAEBE7CF73
:10D44000912C212C312CFFE1F31538F08B3211F1A6
:10D4500090F4803209F1833229F137FC3CC020ED91
:10D46000280F2A3050F536FE20C08AE0989E200D05
:10D470001124922E06C08D3291F0803371F768949A
:10D4800030F8F30193FD859193FF81913F01811164
:10D49000DACF21C0689431F8689432F8F2CF6894FA
:10D4A00033F8EFCF689434F8ECCFEAE02E9E200DED
:10D4B0001124222E689435F8E4CF8E3229F436FCFC
:10D4C00004C1689436F8DDCF8C3619F4689437F8C7
:10D4D000D8CF8836B1F2982F9F7D95549330E0F0E5
:10D4E0008336A1F18337C1F1833509F063C0280188
:10D4F000F2E04F0E511CF801C080D180692D70E020
:10D5000036FC02C06FEF7FEFC6010E94E4EB4C01D6
:10D51000689437F882010AC00C5F1F4FFFE3F9835C
:10D5200088248394912C6501E89437F833FE2DC04C
:10D53000522C8114910471F5552009F468CFB7017C
:10D5400080E290E00E94FAEB5A94F6CFF8018081D5
:10D5500089830E5F1F4FE4CF2801F2E04F0E511C6C
:10D56000F801C080D180692D70E036FC02C06FEFF9
:10D570007FEFC6010E94EFEB4C018201D5CFB701CE
:10D5800080E290E00E94FAEB2A942814190409F032
:10D59000B0F7CECFF60137FC859137FE81916F0150
:10D5A000B70190E00E94FAEB51105A94F1E08F1A03
:10D5B0009108BFCF843619F0893609F077C0F80199
:10D5C00037FE6BC060817181828193810C5F1F4F38
:10D5D000F32DFF763F2E97FF09C0909580957095AB
:10D5E00061957F4F8F4F9F4F689437F82AE030E066
:10D5F000A5010E942AECC82ECA188C2C432C36FE9A
:10D600000CC0E89440F8C91440F434FE05C032FC64
:10D6100003C0F32DFE7E4F2E892C44FEAAC0FE01CE
:10D62000EC0DF11D8081803309F09CC0242D297EF2
:10D63000422E842D8870582E43FCAAC040FEA4C000
:10D640009C2C821418F42C0C922C981844FEA6C022
:10D65000B70180E390E00E94FAEB42FE09C088E740
:10D6600090E041FE02C088E590E0B7010E94FAEB2D
:10D67000C91408F49FC0CA94D12C9FEFC91AD90AC3
:10D68000CA0CDB1CF60182916F01B70190E00E9489
:10D69000FAEBAC14BD04B1F74FCF60817181072E56
:10D6A000000C880B990B0E5F1F4F92CFD32CE89480
:10D6B000D4F82AE030E08537E1F1232D297FD22EFE
:10D6C0008F36A9F1F0F4883551F1F7018681978101
:10D6D0002B960FB6F894DEBF0FBECDBFDF91CF9172
:10D6E0001F910F91FF90EF90DF90CF90BF90AF9080
:10D6F0009F908F907F906F905F904F903F902F9072
:10D700000895803749F0883701F7D4FE02C0689445
:10D71000D2F820E130E00DC06894D4F8F6CF34FEA2
:10D7200003C0822F8660D82E20E132E002C028E0BC
:10D7300030E0F801D7FE0FC0608171818281938152
:10D740000C5F1F4FA5010E942AECC82ECA183D2C61
:10D75000E89437F852CF6081718190E080E00E5FED
:10D760001F4FF0CF42FC02C0839463CF8394839415
:10D7700060CF842D867809F45CCFF6CFB70180E2C4
:10D7800090E00E94FAEB83948214C0F3512C5ECF98
:10D79000522C5818821408F459CFF8CF842D86786B
:10D7A00009F466CF8BE241FE80E247FC8DE2B701CF
:10D7B00090E05CCFB70180E390E00E94FAEB9A948E
:10D7C00057CF8FEF9FEF84CFFC01059061507040E1
:10D7D0000110D8F7809590958E0F9F1F0895FC013A
:10D7E0006150704001900110D8F7809590958E0F90
:10D7F0009F1F08950F931F93CF93DF93182F092F27
:10D80000EB018B8181FD09C01FEF0FEF812F902F5E
:10D81000DF91CF911F910F91089582FF14C02E8147
:10D820003F818C819D81281739073CF4E881F9817B
:10D83000CF0101969983888310838E819F81019601
:10D840009F838E83E3CFE885F985812F1995892BF6
:10D85000A1F3DACFFA01AA27283051F1203181F162
:10D86000E8946F936E7F6E5F7F4F8F4F9F4FAF4FE8
:10D87000B1E03ED0B4E03CD0670F781F891F9A1FFB
:10D88000A11D680F791F8A1F911DA11D6A0F711DAF
:10D89000811D911DA11D20D009F468943F912AE0BB
:10D8A000269F11243019305D3193DEF6CF010895A3
:10D8B000462F4770405D4193B3E00FD0C9F7F6CFD4
:10D8C000462F4F70405D4A3318F0495D31FD40529C
:10D8D000419302D0A9F7EACFB4E0A6959795879532
:10D8E00077956795BA95C9F7009761057105089511
:10D8F0009B01AC010A2E06945795479537952795BD
:10D90000BA95C9F7620F731F841F951FA01D089554
:10D91000F999FECF92BD81BDF89A992780B50895F7
:10D92000262FF999FECF1FBA92BD81BD20BD0FB63B
:10D93000F894FA9AF99A0FBE01960895991B79E026
:10D9400004C0991F961708F0961B881F7A95C9F78F
:10D9500080950895AA1BBB1B51E107C0AA1FBB1FDE
:10D96000A617B70710F0A61BB70B881F991F5A956B
:10D97000A9F780959095BC01CD010895A1E21A2EDA
:10D98000AA1BBB1BFD010DC0AA1FBB1FEE1FFF1F63
:10D99000A217B307E407F50720F0A21BB30BE40BB3
:10D9A000F50B661F771F881F991F1A9469F76095FA
:10D9B0007095809590959B01AC01BD01CF010895B4
:10D9C000EE0FFF1F881F8BBF0790F691E02D199473
:10D9D000A29FB001B39FC001A39F700D811D1124B0
:10D9E000911DB29F700D811D1124911D08950E94FB
:10D9F000E8ECA59F900DB49F900DA49F800D911D04
:10DA000011240895B7FF0C94F7EC0E94F7EC821BE9
:10DA1000930B0895DF93CF931F930F939A9DF02D4F
:10DA2000219FF00D8B9DF00D8A9DE02DF10D039F40
:10DA3000F00D029FE00DF11D4E9DE00DF11D5E9D6C
:10DA4000F00D4F9DF00D7F936F93BF92AF925F9358
:10DA50004F93D5010E94E8EC8B01AC01D7010E94E5
:10DA6000E8ECEB01E80FF91FD6010E9459ED2F9168
:10DA70003F91D6010E94E8ECC60FD71FE81FF91F9F
:10DA8000AF91BF910E9459ED2F913F910E94E8EC18
:10DA9000C60FD71FE81FF91FD6010E94E8ECE60F5A
:10DAA000F71F9801BE01CF010F911F91CF91DF9118
:10DAB00008950E94E8EC460F571FC81FD91F08F4AD
:10DAC00031960895689401C0E8948F929F92CF9305
:10DAD000DF930E9470EDDF91CF919F908F9008951A
:10DAE00088249924F401E401B0E49F93AA279A15AD
:10DAF0008B049C04ED05FE05CF05D007A10798F423
:10DB0000AD2FDC2FCF2FFE2FE92D982C892E982FAB
:10DB1000872F762F652F542F432F322F2227B8506F
:10DB200031F7BF9127C01B2EBF91BB27220F331F98
:10DB3000441F551F661F771F881F991F881C991C3B
:10DB4000EE1FFF1FCC1FDD1FAA1FBB1F8A149B04E3
:10DB5000EC05FD05CE05DF05A007B10748F08A18E2
:10DB60009B08EC09FD09CE09DF09A00BB10B216070
:10DB70001A94E1F62EF49401AF01BE01CD01000C20
:10DB80000895002E083090F0982F872F762F652F5C
:10DB9000542F432F322F22270850F4CF220F331F48
:10DBA000441F551F661F771F881F991F0A95B2F7DC
:10DBB000002D089597FD1094002E083098F008501D
:10DBC000232F342F452F562F672F782F892F912DF4
:10DBD000F4CF1594979587957795679557954795C1
:10DBE000379527950A95AAF71124002D08952A0D37
:10DBF0003B1D4C1D5D1D6E1D7F1D801F911F0895D7
:10DC00000024A7FD00942A0F301D401D501D601DEB
:10DC1000701D801D901D08952A193B094C095D094E
:10DC20006E097F09800B910B08952A153B054C0561
:10DC30005D056E057F058007910708950024A7FD07
:10DC400000942A17300540055005600570058005D1
:10DC5000900508959111089581568A5108F48052D3
:10DC600085580895FB01DC0104C08D910190801955
:10DC700021F441505040C8F7881B990B0895FB01CF
:10DC8000DC0102C001900D9241505040D8F7089538
:10DC9000DC0101C06D9341505040E0F70895FB0155
:10DCA000DC018D91019080190110D9F3990B089531
:10DCB000FB01DC014150504030F08D910190801902
:10DCC00019F40020B9F7881B990B0895FB01DC01BA
:10DCD0004150504048F001900D920020C9F701C01A
:10DCE0001D9241505040E0F70895FC0181E090E022
:10DCF0000190061609F4CF010020D1F7019708958D
:10DD00000F931F93CF93DF93CDB7DEB72E970FB648
:10DD1000F894DEBF0FBECDBF0E891F89888D998D07
:10DD200026E02C831A83098397FF02C080E090E8E5
:10DD300001979E838D83AE01445E5F4F6A8D7B8D1C
:10DD4000CE0101960E94E2E94D815E8157FD0AC035
:10DD50002F813885421753070CF49A01020F131FC5
:10DD6000F80110822E960FB6F894DEBF0FBECDBF1D
:0EDD7000DF91CF911F910F910895F894FFCF8E
:10DD7E000101F70FDF0E6A1E521D02142814287CB3
:10DD8E0015F82A0101010001000100010001000146
:10DD9E00010100010001008001029C31649B00081A
:10DDAE000100010001FFF70386003501DF010000CD
:10DDBE00CF02010100010001010100060044AC0088
:10DDCE000000000050FF2F000000000000000000C7
:10DDDE000000000000000000000000000000000035
:10DDEE000000000000000000000000000000000025
:10DDFE000000000000000000000000000000000015
:10DE0E000000000000000000000000000000000004
:10DE1E0000000000000000000000000000000000F4
:10DE2E0000000000000046261109A30B451E220F1C
:10DE3E00C51D0D070D098B17C50B84190B06C207DF
:10DE4E002E14170A6F1514058406F4107A080507A8
:10DE5E000906080A000000000E260B26841A35203B
:10DE6E000E1A8F1FA71F08090A0B0C000000000DC9
:10DE7E000E162011114D0304050607090A8B118792
:10DE8E001183117F117B11771173116F116B116754
:10DE9E001163115F115B1157115311000000020342
:10DEAE000000010000000071C98BC2841AB8C2259F
:0EDEBE00752563257520004558464154000027
:00000001FF
